{"language":"PUNJABI","ngrams":{"185/2746":"ਸਟਮ","1/5492":"ਸਟਬ ਸਟਫ ਸਟਜ ਸਟਟ","15/256":"ਯਮਤ","2/1373":"ਸਟਪ ਸਟਸ ਸਟਇ","1/282":"ਅਚਵ ਅਚਜ","3/1373":"ਸਟਨ","3/5492":"ਸਟਵ ਸਟਡ","1/128":"ਯਮਬ ਯਮਲ ਣਪਦ ਵਸਣ","1/256":"ਯਮਪ ਯਮਵ ਯਮਰ ਯਮਕ","89/5492":"ਸਟਲ","1/64":"ਯਮਨ ਣਪਤ","833/5492":"ਸਟਰ","1/1180":"ਅਜਕ","1/2":"ੳਲੲ ਰਐਸ ਹਅਤ ਨਇਆ ਨਉਚ ਧਭਰ ਹਓਮ ਨਓਵ ਗ਼ਸਪ ਗਖਰ ਰਲ਼ਗ ਰਲ਼ਵ ਆਥਣ ਲਇਆ ਏਤਰ ਏਫਰ ਈਉਸ ਈਉਵ ਡਡਵ ਐਦਕ ਰੲਵ ਰੲਗ ਐਲ਼ਆ ਪਧਰ ਚਐਮ ਪਲ਼ਦ ਚਐਸ ਣਅਧ ਬਆਦ ਬਆਲ ਫਥਲ ਊਐਚ ਬਝਵ ਓਐਮ ਓਐਕ ਭਅਇ ਛਨਜ ਸ਼ਇਦ ਓਫਰ ਊਹਨ ਜਠਕ ਮਆਗ ਮਆਰ ਮਊਚ ਝਈਆ ਝਉਲ ਮਊਨ ਝਉਣ ਔਜਲ ਔਪਟ ਔਬਤ ਔਬਜ਼ ਤਫ਼ਸ ਓੜਕ ਸਇਸ ਖਇਜ ੳਦਯ ਟਅਪ ਰਅਸ ਸ਼ੜਕ ੳਲਟ","5/5492":"ਸਟਕ","1/1":"ਯਭਲ ਜ਼ਅਪ ਜ਼ਇਹ ਟਓਆ ਟਐਲ ਜ਼ਉਦ ਖਥਣ ਟਘਰ ਆਅਥ ਧਧਰ ਜ਼ਚਲ ਗਓਵ ਏਅਰ ਏਈਐ ਏਇਰ ਆਘਰ ਦਖ਼ਲ ਕਗ਼ਵ ਘਆਰ ਇਊਯ ਡਅਰ ਦੲਟ ਕੳਲ ਘਘਵ ਏਧਰ ਘਗਵ ਡਉਦ ਧਗ਼ਲ ਡਐਕ ਅਗ਼ਵ ਡਏਬ ਡਓਵ ਇਧਰ ਈਇਤ ਪਓਰ ਲ਼ਆਈ ਡਥਲ ਈਔਪ ਜ਼ਖ਼ਮ ਐਧਰ ਜ਼ਫ਼ਰ ਫਆਈ ਫਇਦ ਟੳਲ ਲ਼ਖਨ ਟੲਨ ਫਊਜ ਚਇਤ ਚਊਟ ਫ਼ਐਮ ਈਧਰ ਠਗ਼ਘ ਫ਼ਖਰ ਈਭਤ ਉਐਮ ਨੳਅ ਚਘਰ ਣਐਲ ਇਫ਼ਤ ਫ਼ਪਸ ਬਇਲ ਬਓਤ ਚਲ਼ਣ ਤਅਲ ਵਅਰ ਫਸ਼ਰ ਓਆਰ ਤਊਤ ਚਸ਼ਮ ਬਛੜ ਛਠਵ ਲੲਨ ਜਆਨ ਜਇਜ ਬਫਰ ਤਝੜ ਓਝਲ ਜਏਪ ਸ਼ਈਅ ਸ਼ਅਲ ਫ਼ਖ਼ਰ ਓਧਰ ਸ਼ਊਰ ਫਖ਼ਰ ਉਫ਼ਕ ਫ਼ੳਮ ਔਝੜ ਮਓਮ ਖ਼ਉਰ ੲਟੲ ਥਬਰ ੲਦਟ ੳਅਸ ਥਭਰ ਕਏਵ ਯਆਯ ਕਘਰ ਔਸ਼ਧ ੳਕਤ ਗ਼ਅਰ ੲਵੲ ਮਲ਼ਦ ਧਆਪ ੳਜਰ ਜਖ਼ਮ ਜਫ਼ਰ ਵੲਨ ਅਓਟ ਧਖੜ ਧਗਯ ੳਭਰ ਖਘਰ ੳਰਕ ਟਊਆ ਥਜ਼ਕ ਰਊਫ਼","1/2746":"ਸਟਚ","17/282":"ਅਚਨ","1/20":"ਥੜਕ ਲਚਲ ਸ਼ਪਕ ਸ਼ਪਰ","1/137":"ਖਜਤ ਰਖਧ ਰਖਰ","1/94":"ਅਚਲ ਇਗਜ ਪਗਲ ਪਗਡ ਊਸਜ ਊਸਪ ਖ਼ਮਤ","2/141":"ਅਚਰ","1/141":"ਅਚਮ","13/66":"ਸਡਰ","1/19":"ਯਰਤ ਯਰਵ ਗਕਤ ਟਪਲ ਟਪਕ ਏਮਨ ਏਮਸ ਘਲਦ ਘਲਣ ਥਪਟ ਕਗਕ ਕਗਯ ਸਐਨ","1/2360":"ਅਜਹ","28/71":"ਖਟਕ","1/4720":"ਅਜਗ ਅਜਤ ਅਜਰ","1/4":"ਰਐਡ ਰਐਵ ੳਹਨ ਗਆਊ ਗਆਉ ਗਇਕ ਮਗ਼ਜ਼ ਏਏਏ ਏਏਫ ਏਏਪ ਲਇਨ ਲਇਸ ਲਐਮ ਈਈਡ ਐਟਮ ਚਅਮ ਚਅਤ ਣਆਉ ਣਆਈ ਲਗ਼ਗ ਊਐਮ ਊਏਬ ਊਏਸ ਓਡਰ ਊਵਲ ਫ਼ੜਨ ਊਵਬ ਊਹਣ ਮਉਟ ਕਇਦ ਸ਼ਫਦ ਸ਼ਫਲ ਔਪਸ ਔਪਰ ਤਗ਼ਰ ਅਉਣ ਅਉਧ ਧਜਲ","1/3":"ਔਜ਼ਰ ਔੜਦ ਯਵਤ ਨਆਦ ਨਆਰ ਗਉਏ ਗਉਰ ਮਫ਼ਲ ਮਫ਼ਰ ਮਫ਼ਹ ਧਸਦ ਲਆਊ ਪਅਪ ਪਅਣ ਪਉੜ ਰਗ਼ਸ ੜਸਵ ਚਉਡ ਚਉਪ ਫਐਲ ਈਯਰ ਚਗਲ ਉਝੜ ਊਅਨ ਣਣਗ ਊਕਲ ਸ਼ਆਤ ਸ਼ਆਮ ਦਆਰ ਔਨਲ ਦਏਗ ਕਐਡ ਝਰਨ ਅਆਪ ਅਆਵ ਖਉਣ ੳਪਜ ਟਅਟ","99/4720":"ਅਜਮ","4/19":"ਯਰਕ ਏਮਜ ਡਗਲ ਛਡਦ ਥਪਥ ਕਗਰ ਸਆਦ","7/4720":"ਅਜਬ","51/4720":"ਅਜਨ","1/33":"ਸਡਨ ਹਸ਼ਤ ਹਸ਼ਮ ਇਖਵ ਐਜਨ ਊਥਹ ਤਤਵ ਕਅਤ ਸਈਟ ਸਈਜ਼","1/9":"ਔੜਣ ਨਆਏ ਨਆਣ ਸਸ਼ਤ ਲਆਉ ਲਆਨ ਠਰਕ ਫਡਨ ਣਘੜ ਊਠਣ ਬਮਰ ਓਬਰ ਓਸ਼ਨ ਰਇਨ ਟਇਤ","21/4720":"ਅਜਲ","39/524":"ਸਣਯ","2/5":"ੳਸਦ ਟਚਰ ਦਗ਼ਰ ਟਸ਼ਨ ਗਸ਼ਤ ਊਤਮ","10/8911":"ਸਤਗ","83/90":"ਗ਼ਦਰ","1/524":"ਸਣਵ ਸਣਕ ਊਟਡ","2/469":"ਸਤਖ","429/8911":"ਸਤਕ","1/71":"ਖਟੜ ਈਨਸ","5/8911":"ਸਤਜ ਸਤਫ","2/95":"ਅਟਸ ੜਣਵ","31/8911":"ਸਤਪ","5/469":"ਸਤਨ","4/77":"ਧਣਗ ਨਚਦ","2/35":"ਅਠਖ","4/95":"ਅਟਵ","21/1273":"ਸਤਦ","9/95":"ਅਟਲ ਸਐਸ","11/8911":"ਸਤਤ ਸਤਹ","7/262":"ਸਣਗ","1/5":"ੳਸਤ ੳਸਕ ਟਟਹ ਟਸ਼ਮ ਜ਼ਹਬ ਲਊਸ ਈਓਨ ਈਓਵ ਈਤਰ ਆੳਣ ਣਉਣ ਆੳਦ ਫਦਰ ਲਖ਼ਵ ਵਇਆ ਵਇਸ ਉਸ਼ਨ ਉਸ਼ਦ ਬਬਲ ਓਣਗ ਥਈਆ ਮਐਲ ਕਊਫ ਛਜ਼ਮ ਛਜ਼ਹ ਕਛਹ ਸਅਲ ਅਇਨ ਸਏਆ ਟਆਊ ਗ਼ਜਲ ਟਆਬ ਟਆਰ ਟਆਸ","23/190":"ਅਟਕ","115/201":"ਨਅਤ","215/6243":"ਸਦਕ","44/8143":"ਰਕਬ","7/16286":"ਰਕਫ ਰਕਜ਼","5/3533":"ਸਥਲ","6/8143":"ਰਕਪ","1/3533":"ਸਥਰ ਸਥਮ ਸਥਨ","1/402":"ਨਅਟ ਨਅਪ ਨਅਧ ਨਅਲ ਨਅਮ ਨਅਜ","3/149":"ਅਡਜ","3/8143":"ਰਕਦ ਰਕਣ","1/959":"ਰਖਕ ਰਖਘ ਰਖਬ","4/8911":"ਸਤਖ਼ ਸਤਯ","61/16286":"ਰਕਲ","453/16286":"ਰਕਰ","45/2708":"ਖਣਗ","14/2081":"ਸਦਗ","229/16286":"ਰਕਮ","1/677":"ਖਣਕ","1/16286":"ਰਕਭ ਰਕਹ ਰਕਆ ਰਕਡ ਰਕੜ","2/149":"ਅਡਲ ਅਡਰ ਮਵਤ","11/18":"ਹਈਆ","11/2708":"ਖਣਤ","2/959":"ਰਖਚ ਰਖਨ","1/201":"ਨਅਰ","503/16286":"ਰਕਸ","2/1379":"ਟਕਈ ਟਕਬ ਟਕਨ ਟਕਵ","43/8143":"ਰਕਸ਼","11/16286":"ਰਕਵ","55/1379":"ਟਕਕ","31/6243":"ਸਦਭ","38/959":"ਰਖਤ","51/959":"ਰਖਣ","1/6243":"ਸਦਪ","12/2081":"ਸਦਨ","73/149":"ਅਡਵ","40/8911":"ਸਤਲ","485/8911":"ਸਤਰ","6/8911":"ਸਤਮ","9/8911":"ਸਤਬ ਸਤਸ","1/8":"ੳਹਦ ਟਖਟ ਗਆਨ ਟਖਸ ਇਓਮ ਏਬਲ ਲਚਰ ਐਬਦ ਲਸ਼ਵ ਫ਼ਟਵ ਇਖ਼ਤ ਵਬਲ","138/8911":"ਸਤਵ","3/3533":"ਸਥਤ","5/8143":"ਰਕਚ","1/8143":"ਰਕਕ","112/8143":"ਰਕਤ","1/7":"ਅਠਵ ਗ਼ਵਰ ਏਐਫ ਏਐਸ ਠਗਤ ਗਫਲ ਟਜ਼ਰ ਨੜਕ ਉਏਜ ਨੲਹ ਣਲਈ ਵਢਮ ਜਚਦ ਮਇਟ ਮਇਆ ਦਅਨ ਦਅਵ ਦਅਕ ਔਹਰ ੳਮਰ","15/8143":"ਰਕਟ","1/2708":"ਖਣਆ ਖਣਮ ਖਣਵ","4/149":"ਅਡਕ","5/4002":"ਰਗਮ ਲਕਵ","1/692":"ਅਣਤ ਅਣਫ ਅਣਰ ਅਣਆ ਅਣਇ ਅਣਘ ਅਣਖ਼ ਇਰਕ ਇਰਜ਼","1/6":"ਹਈਸ਼ ਨਇਕ ਗ਼ਲਬ ਗਚੜ ਇਅਨ ਇਓਟ ੜਸਤ ਈਥਨ ਣਇਆ ਣਛਪ ਤਆਦ ਤਆਲ ਊਗਸ ਊਪਣ ਊਮਨ ਮਏਐ ਮਫਤ ਮਫਲ ਮਫਰ ਖਆਤ","1/30":"ਨਈਆ ਬਬਰ ਬਬਸ ਬਬਚ ਝਪਨ ਝਰਦ","17/692":"ਅਣਥ","3/20":"ਨਈਅ ਡਫਲ","5/4309":"ਸਨਕ","1/22":"ਹਉਕ ਹਉਣ ਟਜਰ ਲਉਗ ਲਉਦ ਲਉਣ ਲਉਸ ਓਕਸ ਓਤਵ ਓਦਣ ਮਘਣ","15/37":"ਯਸ਼ਪ","3/173":"ਅਣਡ ਅਣਕ","5/28":"ਖਤਰ","24/1379":"ਟਕਸ","1/43":"ਸਧਰ ਟਬਰ ਟਬਕ ਪਚਤ ਪਚਣ ਥਮਨ","19/2001":"ਰਗਨ","1/12":"ਨਇਟ ਹਊਜ਼ ਜ਼ਟਡ ਧਸਰ ਇਅਆ ਇਅਕ ਇਅਜ ਇਅਗ ਇਅਤ ਇਅਯ ਇਅਸ ਇਓਡ ਇਓਲ ਣਚਲ ਊਣਤ ਊਮਰ ਮਅਦ ਮਅਫ ਮਅਨ ਮਅਧ ਮਅਕ ਮਅਹ ਮਅਸ ਜਫਜ ਜਫਦ ਮਏਦ ਮਏਏ ਸ਼ਸਣ ਸ਼ਸਹ","115/539":"ਖਤਮ","1/8618":"ਸਨਟ ਸਨਸ਼","3/692":"ਅਣਬ ਇਰਫ","3/37":"ਯਸ਼ਵ ਆਡਰ ਈਬਲ","2/173":"ਅਣਭ ਡਰਲ","3/667":"ਰਗਵ","1/103":"ਰਘਕ ਰਘਮ ਰਘਰ ਏਸਰ ਮਮਨ ਮਮਲ ਮਮਗ","21/173":"ਅਣਪ","4/4309":"ਸਨਜ","25/4002":"ਰਗਲ","21/692":"ਅਣਦ","6/37":"ਯਸ਼ਰ","93/667":"ਰਗਰ","23/29166":"ਅਤਕ","46/103":"ਰਘਟ","2/4309":"ਸਨਦ ਸਨਬ ਸਨਪ ਸਨਹ","3/8":"ਗਇਆ ਹਊਆ ਗਇਨ ਵਬਸ","4/959":"ਰਖੜ","7/692":"ਅਣਵ","2/1691":"ਖਦਆ","1/4309":"ਸਨਥ ਸਨਫ ਸਨਜ਼ ਸਨਵ","1/173":"ਅਣਲ ਅਣਛ ਡਰਗ ਪਡਵ ਵਡਰ ਵਡਭ ਵਡਦ","5/8618":"ਸਨਤ ਸਨਰ","1/4002":"ਰਗਹ ਰਗਜ ਰਗਡ ਲਕਈ ਲਕਜ","71/692":"ਅਣਮ","5/24":"ਹਊਏ","10/11":"ਹਉਮ ਖ਼ਪਤ","425/8618":"ਸਨਮ","49/692":"ਅਣਸ","27/346":"ਅਣਹ","1/2081":"ਸਦਵ","1/346":"ਅਣਅ ਡਰਜ ਡਰਤ","5/959":"ਰਖਪ","7/2708":"ਖਣਯ","74/6243":"ਸਦਰ","45/959":"ਰਖਦ","55/6243":"ਸਦਮ","17/1379":"ਟਕਥ","30/959":"ਰਖਵ","30/1379":"ਟਕਣ","2/3":"ਯਵਰ ਦਜ਼ਨ ਜ਼ਜ਼ਬ ਊਅਲ ਜਘਰ ਜਫਰ ੲਨਟ ਸ਼ਸਤ ਦਚਲ ੳਪਰ","3/346":"ਅਣਉ","1/1078":"ਖਤਗ","4/1379":"ਟਕਟ","385/8618":"ਸਨਅ","3/197":"ਟਕਪ","9/692":"ਅਣਐ ਅਣਚ","44/1379":"ਟਕਦ","11/4002":"ਰਗਦ","17/173":"ਅਣਜ","107/4002":"ਰਗਤ","1/2156":"ਖਤਪ","20/1379":"ਟਕਲ","5/2001":"ਰਗਣ","144/1379":"ਟਕਰ","1/86":"ਸਧਨ ਦਬਰ ਦਬਕ","5/1334":"ਰਗਠ","39/346":"ਅਣਖ","28/173":"ਅਣਗ","201/1334":"ਰਗਟ","17/1691":"ਖਦਸ਼","928/1285":"ਆਇਆ","2/1111":"ਧਨਤ ਧਨਹ ਪੜਣ","1/3466":"ਸਪਕ ਸਪਣ ਸਪਪ ਸਪਉ","9/1691":"ਖਦਰ","7/1285":"ਆਇਐ ਆਇਓ","6/3847":"ਰਚਕ","1/1285":"ਆਇਉ ਆਇਟ ਆਇਡ","11/1691":"ਖਦਸ","13/3466":"ਸਪਨ","22/1285":"ਆਇਕ","3/133":"ਅਥਵ","1/101":"ਧਨਵ ਪੜਦ ਸ਼ਖਦ","12/133":"ਅਥਲ","867/3466":"ਸਪਤ","2/133":"ਅਥਰ","39/1733":"ਸਪਰ","679/3847":"ਰਚਨ","11/3847":"ਰਚਦ ਰਚਮ","44/3847":"ਰਚਣ","28/65":"ਖਨਊ","1/60":"ਨਈਦ ਹਡਸ ਗਸਣ ਭਦਰ","27/1379":"ਟਕੜ","12/103":"ਰਘਬ","9/4309":"ਸਨਲ","1/29166":"ਅਤਮ ਅਤਯ ਅਤਸ","7/103":"ਰਘਵ","4/14583":"ਅਤਪ","19/14583":"ਅਤਨ","17/4309":"ਸਨਸ","1/1111":"ਧਨਗ ਧਨਕ ਪੜਛ","22/2001":"ਰਗੜ","760/5427":"ਗਈਆ","1/133":"ਅਥਕ ਗਕਜ ਘਣਸ਼","1/667":"ਰਗਜ਼ ਲਕਪ ਲਕਨ","1/14583":"ਅਤਲ","3/9722":"ਅਤਰ","7/24":"ਹਊਮ","1/4212":"ਅਨਉ ਅਨਇ ਅਨਖ ਅਨਡ ਅਨਟ ਅਨਨ ਅਨਥ ਅਨਤ ਅਨਭ ਅਨਫ","4/89":"ਰਛਲ","10/2159":"ਆਈਨ","2/1847":"ਅਧਨ","1/42":"ਗਊਚ ਗਊਅ ਗਊਹ ਗਊਸ ਗਊਸ਼ ਵਉਚ ਚਸਕ","1/11":"ਮਖ਼ਲ ਮਖ਼ਸ ਮਖ਼ਤ ਟਜਪ ਇਪਰ ਬਉਟ ਬਉਚ ਐਫ਼ਐ ਪੜਤ ਈਫ਼ਨ ਈਫ਼ਲ ਤਘਨ ਮਘਟ ਮਘਦ ਬਗ਼ਦ ਸਘਨ","1/65":"ਖਨਵ ਖਨਗ ਖਨਣ ਖਨਮ ਖਨਪ ਰਪਰ ਐਵਨ ਓਮਕ ਓਮਨ ਓਮਸ","53/1576":"ਸਬਕ","5/2159":"ਆਈਰ","7/1847":"ਅਧਰ","5/3152":"ਸਬਡ","1/1847":"ਅਧਮ ਅਧਵ","1/27":"ਖਧੜ ਹਗਸ ਨਘਟ ਇਛਤ ਈਐਮ ਈਐਫ ਫਡਤ ਛਰਦ ਛਰਰ","7/2159":"ਆਈਬ","1/3694":"ਅਧਭ ਅਧਪ ਅਧਹ","41/2159":"ਆਈਪ","27/950":"ਰਜਕ","53/2159":"ਆਈਫ","59/3152":"ਸਬਜ","23/2159":"ਆਈਸ","53/1425":"ਰਜਣ","1/2159":"ਆਈਸ਼ ਆਈਵ ਆਈਈ","1/2971":"ਆਉਗ","1/1053":"ਅਨਗ ਅਨਕ ਅਨਯ","1/5700":"ਰਜਡ ਰਜਲ","1/3152":"ਸਬਨ ਸਬਆ","1/14":"ਗਊਧ ਕਜ਼ਨ ਠਗਣ ਠਗਡ ਠਮਲ ਵਉਣ ਓਗਰ ਝਮਲ ਝਮਕ","1/2850":"ਰਜਟ ਰਜਜ ਰਜਯ ਰਜਭ","7/1576":"ਸਬਦ","9/2159":"ਆਈਲ","11/3152":"ਸਬਤ","3/3152":"ਸਬਲ","2/1425":"ਰਜਪ","49/2971":"ਆਉਟ","45/3152":"ਸਬਰ","67/1140":"ਰਜਨ","1/788":"ਸਬਮ ਵਪਰ ਵਪਵ","7/1140":"ਰਜਦ ਰਜਵ","7/3152":"ਸਬਬ","1/324":"ਅਨਜ ਜਸਭ","4/1425":"ਰਜਤ","4/4967":"ਅਦਨ","66/3847":"ਰਚਰ","29/1285":"ਆਇਨ","57/1733":"ਸਪਸ","147/2159":"ਆਈਆ","4/1285":"ਆਇਦ","53/1733":"ਸਪਸ਼","1/3847":"ਰਚਬ ਰਚਸ","116/1285":"ਆਇਤ","365/3466":"ਸਪਲ","2/1285":"ਆਇਯ ਆਇਮ","1/127":"ਆਈਐ ਆਈਕ ਦਘਦ","77/1285":"ਆਇਰ","23/4967":"ਅਦਰ","6/4967":"ਅਦਭ","1/10":"ਗ਼ਮਗ ਗਧਰ ਲਡਰ ਲਧਨ ਚਬਰ ਉਸ਼ਟ ਊਤਨ ਝਬਰ ਓੜਨ ਸਅਤ ਸਅਪ ਸਅਨ ਸਅਧ ਸਅਰ ਸਅਸ ਸਏਬ ਯਨਤ","2/4967":"ਅਦਮ ਅਦਵ","11/2159":"ਆਈਏ","30/4967":"ਅਦਬ","1/1240":"ਸਫਜ","55/3847":"ਰਚਲ","3/65":"ਖਨਨ ਐਵਰ ਓਮਵ","1/257":"ਆਇਸ ਆਯਦ","5/3694":"ਅਧਖ","17/1285":"ਆਇਸ਼","1/31":"ਨਊਵ ਇਫਰ ਈਗਲ ਬਡਲ ਊਧਵ ਝਕਝ ਰਉਚ ਰਉਣ ਰਉਕ","5/42":"ਗਊਆ","7/1240":"ਸਫਦ","16/1285":"ਆਇਲ","11/4967":"ਅਦਲ","2/2159":"ਆਈਓ","24/89":"ਰਛਪ","419/1240":"ਸਫਲ","18/2159":"ਆਈਡ","83/620":"ਸਫਰ","1/1425":"ਰਜਈ","32/2159":"ਆਈਟ","8/2159":"ਆਈਜ ਆਈਜ਼","3/196":"ਮੜਕ","63/3152":"ਸਬਜ਼","957/6857":"ਸਮਝ","5/13714":"ਸਮਜ ਸਮਸ਼","9/1111":"ਮਜ਼ਲ","10/1111":"ਮਜ਼ਮ","29/13714":"ਸਮਗ","1/13714":"ਸਮਖ ਸਮਥ ਸਮਬ ਸਮਫ ਸਮਨ ਸਮਦ","70/6857":"ਸਮਤ","2/6857":"ਸਮਣ","1/53":"ਗ਼ਰਸ ਗ਼ਰਚ ਗ਼ਰਦ ਸ਼ਗਤ ਸ਼ਗੜ","35/1111":"ਮਜ਼ਹ","3/13714":"ਸਮਭ ਸਮਪ ਸਮਵ","1/1592":"ਰਟਅ ਰਟਣ","23/1874":"ਅਪਗ","3/1874":"ਅਪਕ ਅਪਹ ਅਪਸ਼","513/1874":"ਅਪਣ","25/937":"ਅਪਡ","37/13714":"ਸਮਲ","3/937":"ਅਪਟ ਅਪਸ","867/13714":"ਸਮਰ","1/351":"ਅਨਜ਼ ਹਥਕ","1/6857":"ਸਮਯ ਸਮਅ","1/49":"ਮੜਦ ਪਖਵ ਖ਼ਲਲ","17/1404":"ਅਨਪ","2/2971":"ਆਉਨ","9/197":"ਸਬਸ","29/2850":"ਰਜਰ","1/2106":"ਅਨਦ","28/2971":"ਆਉਦ","17/1900":"ਰਜਮ","3/3949":"ਸਭਗ","1556/2971":"ਆਉਣ","1/3949":"ਸਭਕ ਸਭਦ","3/1900":"ਰਜਬ","35/3949":"ਸਭਤ","1/1404":"ਅਨਲ","7/4212":"ਅਨਰ","43/5700":"ਰਜਸ","19/4212":"ਅਨਮ","1/150":"ਰਜਸ਼ ਫ਼ਲਪ","2/53":"ਗ਼ਰਮ ਸ਼ਗਰ","5/2106":"ਅਨਹ","49/2106":"ਅਨਸ","5/4212":"ਅਨਵ","161/3949":"ਸਭਨ","1/37":"ਆਊਗ ਆਊਣ ਗਗੜ ਗਗਮ ਗਗਰ ਗਬਹ ਮਟਨ","2/249":"ਖਪਦ","17/13714":"ਸਮਈ","19/2106":"ਅਨਸ਼","142/249":"ਖਪਤ","219/1111":"ਮਜ਼ਬ","47/6857":"ਸਮਕ","6/3949":"ਸਭਰ","67/74":"ਆਊਟ","1/17":"ਧਪੜ ਨਐਪ ਨਐਨ ਚਟਖ ਚਟਣ ਊਚਲ ਔਕਡ","523/1111":"ਮਜ਼ਦ","2/73":"ਝੜਦ","65/13379":"ਸਰਟ","11/4776":"ਰਟਵ","141/13379":"ਸਰਜ","5/608":"ਧਮਪ","1/398":"ਰਟਲ ਨਵਉ ਨਵਲ","89/13379":"ਸਰਚ","1/152":"ਧਮਨ","97/4776":"ਰਟਰ","1/875":"ਖਬਸ਼ ਖਬਤ ਖਬੜ ਮਸਮ ਮਸਪ ਮਸਥ ਮਸਜ਼","11/13379":"ਸਰਘ","7/13379":"ਸਰਧ","41/980":"ਅਫਵ","320/13379":"ਸਰਦ","74/13379":"ਸਰਤ","4/13379":"ਸਰਣ ਸਰਡ ਸਰਰ","16/73":"ਝੜਪ","13/140":"ਅਫਰ","1/2388":"ਰਟਹ","9/73":"ਝੜਨ","67/4776":"ਰਟਸ","2/937":"ਅਪੜ","349/13379":"ਸਰਮ","1/36":"ਅਬਜ ਗ਼ਜ਼ਨ ਬਮਨ ਤਭਰ ਓਰਗ ਮਛਲ","294/13379":"ਸਰਬ","5/13379":"ਸਰਫ","9/20":"ਅਫਸ","279/13379":"ਸਰਪ","3/980":"ਅਫਸ਼","59/13379":"ਸਰਨ","2/263":"ਖਮਈ ਈਵਨ","35/13379":"ਸਰਸ਼","29/84":"ਅਬਦ","554/13379":"ਸਰਵ","1/252":"ਅਬਤ ਅਬੜ ਅਬਸ ਜਨਟ","46/13379":"ਸਰਲ","3/1592":"ਰਟਕ","12/17":"ਗ਼ਲਤ ਗਭਗ","36/937":"ਅਪਨ","31/13714":"ਸਮਸ","8/19":"ਧਮਕ","28/13379":"ਸਰਅ","45/1874":"ਅਪਲ","5/53":"ਗ਼ਰਜ਼ ਡਟਣ","153/937":"ਅਪਰ","1/4776":"ਰਟਗ ਰਟਦ ਰਟਡ","59/1874":"ਅਪਮ","47/980":"ਅਫਜ","5/937":"ਅਪਵ","32/245":"ਅਫਗ","17/597":"ਰਟਮ","530/13379":"ਸਰਗ","3/13379":"ਸਰਖ","1/34":"ਗ਼ਲਪ ਚਟਗ ਚਟਦ ਚਟਮ ਚਟਵ","3/608":"ਧਮਤ ਧਮਣ","5492/13379":"ਸਰਕ","63/1592":"ਰਟਫ","376/875":"ਖਬਰ","23/4776":"ਰਟਨ","15/806":"ਰਡਸ","1/944":"ਸਲਟ","495/2107":"ਧਰਮ","1/4214":"ਧਰਭ ਧਰਪ ਧਰਣ","7/1612":"ਰਡਵ","8/13379":"ਸਰਜ਼","1/6608":"ਸਲਝ ਸਲਯ","3/3304":"ਸਲਜ","5/1612":"ਰਡਲ ਰਡਮ","2/463":"ਅਭਨ","1/4078":"ਗਏਸ ਗਏਮ","24/509":"ਆਏਗ","3/944":"ਸਲਨ","3/6608":"ਸਲਦ ਸਲਫ਼","25/4214":"ਧਰਵ","39/6608":"ਸਲਤ","13/4214":"ਧਰਲ","25/1652":"ਸਲਰ","1/63":"ਅਬਜ਼ ਅਬਲ ਪਇਜ਼ ਕਫਲ ਕਫਰ","4/2143":"ਰਣਇ ਰਣਯ","55/826":"ਸਲਮ","11/3425":"ਅਮਜ","23/3304":"ਸਲਬ","15/6608":"ਸਲਫ ਸਲਕ","1/3304":"ਸਲਪ ਸਲਹ ਸਲਸ ਸਲਘ ਸਲਗ ਸਲਖ","269/3425":"ਅਮਨ","1/323":"ਖਰਗ ਖਰਵ","1/2584":"ਖਰਖ ਖਰਮ","1/2143":"ਰਣਏ ਰਣਸ਼ ਰਣਪ","3/3425":"ਅਮਦ","80/81":"ਜ਼ਖਮ","13/2584":"ਖਰਕ","131/6608":"ਸਲਵ","1/16":"ਰਠਵ ਗਯਸ ਏਬਦ ਐਟਲ ਐਟਸ ਯਪਰ","1/526":"ਖਮਜ ਖਮਦ ਈਵਲ ਈਵਸ ਈਵਟ","3/806":"ਰਡਕ","211/13379":"ਸਰਹ","90/13379":"ਸਰਸ","5/944":"ਸਲਈ","4/263":"ਖਮਤ","5/2388":"ਰਟਜ਼","2/403":"ਰਡਜ ਆਕਟ","5/17":"ਨਐਲ","5/252":"ਅਬਰ","1/490":"ਅਫੜ ਲਡਸ ਲਡਕ ਲਡਏ ਲਡਫ ਲਡਜ਼","11/403":"ਰਡਨ","1/98":"ਅਫਜ਼ ਵਗਲ","3/1612":"ਰਡਤ ਰਡਬ","1/806":"ਰਡਡ ਰਡਪ","11/526":"ਖਮਨ","7/17":"ਨਐਸ","49/806":"ਰਡਰ","4/49":"ਧਰਨ","4/2107":"ਧਰਦ","30/301":"ਧਰਤ","1/263":"ਖਮਲ","7/13":"ਜ਼ਕਰ","24/263":"ਖਮਰ","4/1299":"ਹਕਣ","1/15640":"ਰਤਘ ਰਤਧ ਰਤਤ ਰਤਭ ਰਤੜ ਰਤਹ","7/7820":"ਰਤਗ","9/15640":"ਰਤਖ ਰਤਲ ਰਤਵ","40/2143":"ਰਣਵ","79/15640":"ਰਤਕ","35/3128":"ਰਤਣ","15/3973":"ਅਰਚ","4/3973":"ਅਰਗ","24/3973":"ਅਰਕ","5/1299":"ਹਕਦ","22/813":"ਖਲਅ","5/3973":"ਅਰਡ ਅਰਹ","1/433":"ਹਕਲ ਟਸਰ ਟਸਫ","13/15640":"ਰਤਪ","18/3973":"ਅਰਟ","3/433":"ਹਕਰ ਟਸਮ","11/782":"ਰਤਨ","1/3425":"ਅਮਜ਼ ਅਮਬ","1/1018":"ਆਏਜ਼","7/551":"ਟਣਗ","1/4156":"ਸਵਏ ਸਵਕ ਸਵਥ ਸਵਲ","7/1299":"ਹਕਮ","93/15640":"ਰਤਦ","2/4025":"ਰਥਆ ਰਥਭ","167/3973":"ਅਰਜ","1/813":"ਖਲਚ ਖਲਕ ਖਲਜ ਖਲਤ","106/3973":"ਅਰਪ","1/4003":"ਨਕਊ ਨਕਹ ਨਕਟ ਨਕਨ","89/3973":"ਅਰਧ","7/3973":"ਅਰਨ","2/1299":"ਹਕਸ","1/391":"ਰਤਰ","2/4003":"ਨਕਈ ਨਕਵ","711/3973":"ਅਰਥ","127/15640":"ਰਤਮ","111/3973":"ਅਰਦ ਅਰਵ","3/7820":"ਰਤਬ","12/3973":"ਅਰਤ","1/1292":"ਖਰਡ ਲਮਫ ਲਮਪ","1708/3425":"ਅਮਰ","25/2143":"ਰਣਗ","6/509":"ਆਏਫ","7/2143":"ਰਣਕ ਰਣਦ","7/646":"ਖਰਜ","533/2584":"ਖਰਚ","7/3425":"ਅਮਸ","3/1292":"ਖਰਨ ਖਰਦ ਲਮਟ ਲਮਹ","1/403":"ਰਡਜ਼ ਆਕਣ ਆਕਸ਼","2/17":"ਧਲਕ ਆਭਰ","23/1292":"ਖਰਤ","214/2143":"ਰਣਜ","508/3425":"ਅਮਲ","123/2143":"ਰਣਨ","1/646":"ਖਰਯ","18/2143":"ਰਣਧ","1/136":"ਖਰਬ ਅਜ਼ਗ ਅਜ਼ਧ","11/2143":"ਰਣਤ","3/2584":"ਖਰਪ","3/295":"ਜ਼ਗਰ","6/2143":"ਰਣਮ","3/2143":"ਰਣਭ","52/2143":"ਰਣਬ","9/2584":"ਖਰਲ","1/7820":"ਰਤਜ਼","1/3910":"ਰਤਖ਼","1420/4003":"ਨਕਲ","9/4025":"ਰਥਹ ਰਥਤ","42/4003":"ਨਕਰ","1/175":"ਰਥਸ ਜ਼ਹਨ","6/4025":"ਰਥਸ਼","4/12785":"ਰਦਗ","8/4003":"ਨਕਮ","1/1299":"ਹਕੜ","12/575":"ਰਥਵ","26/12785":"ਰਦਤ","5/307":"ਅਲਜ","3/112":"ਆਓਗ","27/1228":"ਅਲਗ","222/4003":"ਨਕਸ","13/1228":"ਅਲਕ","63/4003":"ਨਕਸ਼","2/12785":"ਰਦਬ","9/1228":"ਅਲਤ","1/265":"ਧਵਤ ਧਵਲ","3/12785":"ਰਦਪ ਰਦਆ","23/1228":"ਅਲਟ","1/3973":"ਅਰਫ਼","1/81":"ਹਗਰ ਉਧਘ ਜਸਕ","58/12785":"ਰਦਨ","53/3973":"ਅਰਜ਼","7/614":"ਅਲਫ","66/12785":"ਰਦਵ","3/2548":"ਰਧਕ","11/1228":"ਅਲਬ ਅਲਸ","7/12785":"ਰਦਲ","2/307":"ਅਲਪ","17/265":"ਧਵਨ","477/12785":"ਰਦਰ","1/12785":"ਰਦਯ ਰਦਕ","1/614":"ਅਲਥ","52/12785":"ਰਦਮ","17/4156":"ਸਵਤ","25/3973":"ਅਰਲ","81/4025":"ਰਥਚ","1/1955":"ਰਤਸ","1/2078":"ਸਵਟ","1/805":"ਰਥਗ","69/2584":"ਖਰੜ","213/3973":"ਅਰਮ","2/3973":"ਅਰਫ","230/3973":"ਅਰਬ","384/4025":"ਰਥਕ","143/4025":"ਰਥਣ","3/4156":"ਸਵਪ","1/4025":"ਰਥਡ ਰਥਯ ਰਥਜ਼","17/813":"ਖਲਨ","160/3973":"ਅਰਸ","9/3973":"ਅਰਸ਼","5/1039":"ਸਵਦ","11/4003":"ਨਕਤ","2/9":"ਸਸ਼ਕ ਨਘੜ ਪਊਗ ਰਇਆ","11/813":"ਖਲਲ","1/575":"ਰਥਪ ਰਥਮ","227/4156":"ਸਵਰ","186/4025":"ਰਥਨ","6/12785":"ਰਦਈ","5/813":"ਖਲਬ","3/4003":"ਨਕਪ","96/4025":"ਰਥਲ","12/4025":"ਰਥਰ","2/1039":"ਸਵਸ","1/1228":"ਅਲਈ ਅਲਲ","61/4003":"ਨਕਦ","1/10346":"ਰਨਟ ਰਨਨ","4/5":"ਜ਼ਜਬ","23/5173":"ਰਨਜ","27/50":"ਸਸਤ","2/819":"ਨਗਲ ਵਕਫ਼","1/250":"ਸਸਡ ਸਸਰ ਸਸਟ","233/546":"ਨਗਰ","3/1228":"ਅਲਜ਼ ਅਲਫ਼ ਅਲਹ","1/1478":"ਰਨਦ","39/10346":"ਰਨਤ","31/10346":"ਰਨਣ","19/250":"ਸਸਪ","23/20692":"ਰਨਯ","3/5173":"ਰਨਮ","5/20692":"ਰਨਬ","22/403":"ਆਕਤ","3/20692":"ਰਨਫ","1/2956":"ਰਨਪ","15/20692":"ਰਨਵ","1/1961":"ਟਨਅ ਟਨਬ ਟਨਸ਼ ਟਨਵ ਟਨਕ ਟਨਨ","5/3002":"ਸਹਜ","55/10346":"ਰਨਲ","2/7":"ਏਆਰ ੜਖੜ ਪਇਆ ਉਫਨ ਕਆਊ","1/54":"ਨਘਨ ਓਰਟ","83/20692":"ਰਨਰ","1/144":"ਨਖਵ ਹਬਪ ਹਬਦ","1/48":"ਨਖਰ ਟਹਲ ਇਓਗ ਇਓਕ ਇਓਜ ਇਓਪ ਇਓਰ ਰਅਤ","19/614":"ਅਲਰ","23/265":"ਧਵਰ","172/12785":"ਰਦਸ","16/12785":"ਰਦਸ਼","25/1228":"ਅਲਮ","69/1228":"ਅਲਵ","11/819":"ਨਗਦ","2/25":"ਸਸਕ ਰਈਅ ਰਈਸ","19/1638":"ਨਗਣ","15/133":"ਗਕਰ","1/1638":"ਨਗਠ ਨਗਮ","5/7":"ਏਆਈ","17/1274":"ਰਧਨ","363/20692":"ਰਨਗ","1/1274":"ਰਧਵ","25/81":"ਹਗੜ","1/5173":"ਰਨਕ","1/20692":"ਰਨਓ","1/2548":"ਰਧਲ","10/819":"ਨਗਨ","1/364":"ਰਧਰ","1/1096":"ਅਵਸ਼ ਅਵਲ ਅਵਮ","24/1961":"ਟਨਰ","1/88":"ਅਸ਼ਕ ਦੜਣ ੜਲਈ ਦਸ਼ਕ","5/1374":"ਆਗਕ","3/1961":"ਟਨਮ","8/975":"ਰਪਟ","1/337":"ਖਸਅ ਖਸਖ ਖਸਕ ਖਸਰ ਉਡਨ ਉਡਉ ਉਡਸ","1/2925":"ਰਪਜ ਰਪਵ ਰਪਖ ਰਪਕ","1/548":"ਅਵਰ ਅਵਗ ਚਨਵ ਦਲਨ","311/1020":"ਆਖਰ","8/1961":"ਟਨਸ","5/264":"ਅਸ਼ਟ","7/2925":"ਰਪਨ","12/403":"ਆਕੜ","272/2925":"ਰਪਤ","19/274":"ਅਵਸ","76/2925":"ਰਪਣ","1/264":"ਅਸ਼ਚ ਅਸ਼ਧ ਅਸ਼ਫ ਸਜਣ ਸਜਨ ਸਜਰ","1/687":"ਆਗਨ ਆਗਸ","1/132":"ਅਸ਼ਨ ਲਲਹ","1/975":"ਰਪਯ ਰਪਸ਼ ਰਪਏ","1/1374":"ਆਗਦ ਆਗਬ","8/687":"ਆਗਣ","9/458":"ਆਗਤ","1/77":"ਨਚਣ ਨਚਰ ਓਸਤ ਓਸਬ ਓਸਲ ਓਸਮ ਛੜਯ","5/458":"ਆਗਰ","5/88":"ਅਸ਼ਰ","2/975":"ਰਪਸ","5/687":"ਆਗਮ","1/325":"ਰਪਲ","1/38":"ਹਚਨ ਟਪਰ ਆਹਲ ਡਕਸ ਫ਼ਰਵ ਫ਼ਰਯ ਚਮਨ ਛਡਣ ਛਡਵ ਖ਼ਸ਼ਕ","3/3002":"ਸਹਨ","5/121":"ਖਸ਼ਦ ਵਖਤ ਤਜ਼ਦ","1/340":"ਆਖਕ ਪਵਣ ਜਤਬ","6/121":"ਖਸ਼ਣ","14/403":"ਆਕਲ","2/5173":"ਰਨਸ","98/403":"ਆਕਰ","1/1501":"ਸਹਰ ਸਹਮ","1/3002":"ਸਹਯ ਸਹਪ ਸਹਲ","2/1961":"ਟਨਗ","1/117":"ਨਗੜ","19/1096":"ਅਵਚ","34/37":"ਗਗਨ","38/403":"ਆਕਸ","1/274":"ਅਵਦ","4/51":"ਆਖਦ","23/548":"ਅਵਧ","21/137":"ਅਵਤ","29/1020":"ਆਖਣ","1/1020":"ਆਖਨ","3/1096":"ਅਵਨ","1/3358":"ਰਬਣ ਰਬਮ ਰਬਗ","1/1679":"ਰਬਡ ਰਬਧ ਰਬਹ ਰਬਖ਼","1/4920":"ਅਸਗ ਅਸਨ","2/2925":"ਰਪਜ਼","105/3358":"ਰਬਜ","15/3358":"ਰਬਪ ਰਬਦ","17/4920":"ਅਸਟ","1/1522":"ਰਭਉ ਰਭਧ ਰਭਲ ਰਭਯ ਰਭਸ","20/1679":"ਰਬਨ","3/146":"ਰਬਤ","57/3358":"ਰਬਲ","1/984":"ਅਸਪ ਅਸਵ","1/615":"ਅਸਧ ਅਸਦ","19/1304":"ਨਜਨ","14/1679":"ਰਬਰ","89/4920":"ਅਸਥ","15/1304":"ਨਜਦ","1/652":"ਨਜਤ","25/984":"ਅਸਤ","127/1522":"ਰਭਜ","3/1304":"ਨਜਲ","1169/4920":"ਅਸਲ","27/3358":"ਰਬਸ","67/1304":"ਨਜਰ","133/1640":"ਅਸਰ","1/1640":"ਅਸਭ","7/3358":"ਰਬਸ਼ ਰਬੜ","13/1304":"ਨਜਮ","17/1522":"ਰਭਗ","71/2460":"ਅਸਮ","9/3358":"ਰਬਵ ਰਬਉ ਰਬਕ","101/4920":"ਅਸਫ","2/761":"ਰਭਕ","7/4920":"ਅਸਬ","4/687":"ਆਗਵ","41/264":"ਅਸ਼ਵ","2/221":"ਹਜਨ","40/337":"ਖਸਤ","1/221":"ਹਜਤ ਹਜਸ","9/77":"ਨਚਲ","29/88":"ਅਸ਼ਲ","1/663":"ਹਜਰ","1/1851":"ਰਫਨ","4/337":"ਖਸਮ ਉਡਰ","1/617":"ਰਫਦ ਰਫਰ ਫੜਮ ਫੜਫ","10/663":"ਹਜਮ","115/1851":"ਰਫਤ","5/617":"ਰਫਲ ਫੜਣ","5/663":"ਹਜਹ","9/76":"ਟਪਟ","4/663":"ਹਜਸ਼","19/337":"ਖਸਲ","4/1851":"ਰਫਫ","28/1679":"ਰਬਚ","16/1679":"ਰਬਖ","1/76":"ਟਪਤ ਡਕਵ","1/576":"ਰਯਆ","1/397":"ਹਟਬ ਹਟਨ ਲਣਹ ਲਣਯ ਪਨਦ","52/8369":"ਰਮਤ","17/8369":"ਰਮਣ","1/62":"ਗਜਨ ਣਬਣ ਬਡਹ ਬਡਕ ਬਡਰ ਭਕਵ ਭਕਤ","13/8369":"ਰਮਡ","1/8369":"ਰਮਟ ਰਮਇ ਰਮਆ ਰਮਛ ਰਮਖ ਰਮਖ਼","7/397":"ਹਟਦ ਹਟਰ","4/8369":"ਰਮਭ ਰਮਅ","11/397":"ਹਟਵ","3/8369":"ਰਮਬ","13/372":"ਗਜਲ","56/8369":"ਰਮਪ","1/124":"ਗਜਰ ਗਮਈ ਐਲਕ ਣਬਸ ਣਬਲ","7/2460":"ਅਸਫ਼","319/8369":"ਰਮਨ","32/8369":"ਰਮਦ","55/8369":"ਰਮਵ","25/88":"ਦੜਬ","1/44":"ਦੜਪ ਦੜਦ ਲਲਚ ਛਕੜ ਓਕੜ ਓਕਰ ਦਸ਼ਨ","116/8369":"ਰਮਲ","2/397":"ਹਟਸ ਹਟਕ","42/8369":"ਰਮਰ","7/8369":"ਰਮਯ","1/122":"ਨਟਖ ੜਬਹ ੜਬਵ ਣਸਜ","45/8369":"ਰਮਹ","44/8369":"ਰਮਸ","7/800":"ਟਮਈ","37/8369":"ਰਮਸ਼","29/2460":"ਅਸਹ","2/265":"ਟਫਲ ਗਹਰ","3/803":"ਆਚਣ","13/761":"ਰਭਪ","2/8369":"ਰਮਈ","5/1522":"ਰਭਦ","66/8369":"ਰਮਕ","1/803":"ਆਚਨ ਆਚਮ","2/803":"ਆਚਦ ਰਸ਼ਦ","95/761":"ਰਭਰ","1/1319":"ਅਹਲ","151/8369":"ਰਮਜ","2/1319":"ਅਹਰ","21/803":"ਆਚਰ","12/397":"ਹਟਣ","371/8369":"ਰਮਚ","1/372":"ਗਜਠ","4/1319":"ਅਹਮ","1/186":"ਗਜਟ ਕਚਲ ਮਲਟ","11/8369":"ਰਮਗ","47/1522":"ਰਭਵ","5/1532":"ਕੜਮ","2/193":"ਰਰਦ ਰਰਵ","1/800":"ਟਮਵ ਟਮਸ ਟਮਜ","3/193":"ਰਰਥ","13/1532":"ਕੜਬ ਕੜਕ","3/766":"ਕੜਪ ਸ਼ਰਫ","7/1532":"ਕੜਨ","3/800":"ਟਮਰ","1/1532":"ਕੜਸ਼ ਕੜਹ ਕੜਖ ਕੜਣ ਕੜਡ ਸ਼ਰਗ ਸ਼ਰਕ","1/383":"ਕੜਵ ਕੜਜ ਨਸ਼ਵ ਨਸ਼ਤ ਡਣਸ","1/119":"ਜ਼ਤਬ","32/33":"ਦਫ਼ਤ","1/766":"ਕੜਸ ਕੜਛ ਕੜਦ ਨਸ਼ਲ ਨਸ਼ਮ ਨਸ਼ਕ ਸ਼ਰਸ਼","4/165":"ਦਫ਼ਨ","1/18":"ਨਡਕ ਗ਼ਜ਼ਬ ਠਰਮ ਡਡਜ਼ ਇਵਜ ਊਕਰ ਊਕਮ","1/193":"ਰਰਹ ਰਰਗ ਭਨਵ ਬੜਬ","6/193":"ਰਰਸ","1/626":"ਆਜਜ","1/288":"ਰਯਤ ਈਏਵ ਈਏਸ ਥਲਪ ਥਲਥ","1/61":"ਨਟਨ ਲਭਧ ਲਭਤ ਲਭਰ ਪਭਵ","3/122":"ਨਟਵ","20/8369":"ਰਮਜ਼","3/626":"ਆਜਮ","6/61":"ਨਟਰ","137/7777":"ਟਰਸ","3/2050":"ਰਲਨ ਰਲਕ ਦਮਵ ਦਮੜ","5/7777":"ਟਰਸ਼","2/1025":"ਰਲਦ ਦਮਘ","172/7777":"ਟਰਵ","16/523":"ਗਠਬ","11/2050":"ਰਲਤ ਰਲਗ ਦਮਕ","3/1025":"ਰਲਣ ਦਮਈ","38/7777":"ਟਰਲ","3/410":"ਰਲਰ ਦਮਸ਼","4/7":"ਏਐਮ ਦਅਮ ਔਹਦ","1/410":"ਰਲਭ ਰਲਵ ਰਲਜ ਦਮਤ ਦਮਖ਼","1/185":"ਆਟਣ ਆਟਲ","10/79":"ਗਡਕ","1/517":"ਹਣਵ","2/619":"ਜ਼ਦਰ","14/1495":"ਹਤਕ","19/2050":"ਰਲਫ","7/1025":"ਰਲਸ","43/185":"ਆਟਰ","1/1495":"ਹਤਜ ਹਤਨ ਹਤਦ ਹਤਲ ਹਤਸ","1/2050":"ਰਲਲ ਰਲਇ ਦਮਭ ਦਮਏ ਦਮਖ ਦਮਗ਼","1/79":"ਗਡਨ ਗਡਰ ਗਡਵ ਲਫਤ ਈਸਕ ਦਈਆ ਦਈਪ","5/757":"ਨਣਗ","6/1495":"ਹਤਤ","2/313":"ਆਜੜ","1/7777":"ਟਰਗ","15/7777":"ਟਰਕ ਟਰਟ","21/619":"ਜ਼ਦਗ","27/344":"ਗਟਨ","6/517":"ਹਣਗ","26/7777":"ਟਰਜ","1/523":"ਗਠਠ ਗਠੜ ਬਜ਼ਦ ਬਜ਼ਮ","1/72":"ਨਡਰ ਹਬਤ ਹਬਲ ਹਬਰ ਹਬਸ਼ ਥਲਤ","382/7777":"ਟਰਨ","63/523":"ਗਠਜ","31/7777":"ਟਰਡ","93/2050":"ਰਲਡ ਦਮਨ","358/523":"ਗਠਨ","43/7777":"ਟਰਮ","13/523":"ਗਠਤ","9/7777":"ਟਰਬ","4/517":"ਹਣਤ","16/7777":"ਟਰਫ ਟਰਜ਼","239/7777":"ਟਰਪ","1/319":"ਜ਼ਨਵ ਜ਼ਨਸ਼ ਜ਼ਨਬ ਇਮਜ ਇਮਨ ਡਸਇ ਡਸਮ ਡਸਰ ਖ਼ਬਤ","17/702":"ਹਥਲ","1/676":"ਟਲਸ ਟਲਟ ਟਲਜ ਟਲਨ ਟਲਤ ਕਪਨ ਕਪਰ","2/319":"ਜ਼ਨਸ ਜ਼ਨਰ ਜ਼ਨਦ ਡਸਨ","1/245":"ਰਵਉ ਲਡਹ ਲਡਡ ਲਡਮ","1/525":"ਰਵਈ","3/113":"ਗਣਗ","2/1497":"ਹਦਗ","9/319":"ਜ਼ਨਲ","1/139":"ਨਤਦ ਊਬਰ ਊਬਸ ਬਵਨ ਸ਼ਣਕ","8/1225":"ਰਵਜ","31/7350":"ਰਵਚ","3/2780":"ਨਤਰ","13/1390":"ਨਤਮ","1/75":"ਰਵਕ ਏਡਕ ਏਡਡ ਏਡਰ ਏਡਸ ਏਡਵ ਫ਼ਲਦ","4/3675":"ਰਵਤ","2/791":"ਗਣਪ","17/7350":"ਰਵਣ","1/2518":"ਗਤਊ ਗਤਲ ਗਤਰ ਗਤਭ ਗਤਵ ਗਤਬ","1/1390":"ਨਤਸ","1/2450":"ਰਵਡ","30/791":"ਗਣਨ","3/74":"ਆਡਵ ਗਬਰ","1/2780":"ਨਤਸ਼","3/2450":"ਰਵਟ ਰਵਵ","36/791":"ਗਣਤ","271/1495":"ਹਤਰ","2/79":"ਗਡਮ","1/299":"ਹਤਯ ਏਨਰ ਐਮਵ ਇਜ਼ਡ ਇਜ਼ਨ ਇਜ਼ਮ","54/1495":"ਹਤਮ","21/1495":"ਹਤਬ ਹਤਵ","8/7777":"ਟਰਫ਼","1/757":"ਨਣਦ ਨਣਣ ਜਲਧ","35/757":"ਨਣਯ","1/338":"ਟਲਦ","31/676":"ਟਲਰ","7/676":"ਟਲਮ","7/2050":"ਰਲਜ਼","627/2780":"ਨਤਕ","1/2409":"ਰਸ਼ਬ ਰਸ਼ਸ","7/26337":"ਹਨਕ","4/2409":"ਰਸ਼ਪ","3/1259":"ਗਤਯ","8/33":"ਰਸ਼ਨ ਇਪਟ ਲਲਕ","1/1497":"ਹਦੜ ਹਦਲ","7/803":"ਰਸ਼ਵ","4/26337":"ਹਨਜ","29/932":"ਆਣਪ","17/2409":"ਰਸ਼ਲ","3/2518":"ਗਤਸ ਗਤਜ","2/607":"ਨਦਨ","37/2409":"ਰਸ਼ਰ","1/932":"ਆਣਦ ਆਣਮ ਆਣਗ ੜਨਵ ੜਨਯ","2/8779":"ਹਨਗ ਹਨਵ","7/2409":"ਰਸ਼ਮ ਰਸ਼ਟ","1/8779":"ਹਨਦ","1/7350":"ਰਵਜ਼ ਰਵਥ","1/591":"ਏਕਜ ਏਕਰ ਏਕਮ ਏਕਸ ਏਕਸ਼","130/8779":"ਹਨਤ","5/1214":"ਨਦਰ","2/219":"ਰਸ਼ਸ਼ ਭਜਣ","241/591":"ਏਕਤ","1/1214":"ਨਦਸ","29/161":"ਟਵਰ","1/26337":"ਹਨਨ ਹਨਅ ਹਨਲ","1/1685":"ਗਦਈ ਗਦਸ","17/932":"ਆਣਵ","4/197":"ਏਕਟ","1/210":"ਰਵਪ ਚਸਤ ਚਸਭ ਚਸਮ","12/791":"ਗਣਰ","4/1497":"ਹਦਰ","3/1225":"ਰਵਨ","3/319":"ਜ਼ਨਜ਼ ਡਸਪ ਡਸਲ","1/3675":"ਰਵਦ ਰਵਭ","179/2409":"ਰਸ਼ਕ","2/1225":"ਰਵਲ","1/416":"ਠਕਠ","5/13":"ਨਥਨ ਭਸਮ","29/735":"ਰਵਰ","1/1470":"ਰਵਯ","18/791":"ਗਣਵ","23/7350":"ਰਵਮ","1/1259":"ਗਤਕ","3/499":"ਹਦਵ","33/2518":"ਗਤਣ","11/3675":"ਰਵਹ","1/13":"ਨਥਰ ਨਥਯ ੜਗੜ ਫ਼ਕਤ ਯਦਵ","4/525":"ਰਵਸ","1/735":"ਰਵਸ਼","1/483":"ਟਵਕ ਟਵਸ","28/2409":"ਰਸ਼ਤ","10/2409":"ਰਸ਼ਣ","4/1259":"ਗਤਪ","1/104":"ਠਕਰ ਕਠਕ","2/1259":"ਗਤਨ","19/932":"ਆਣਕ","23/2518":"ਗਤਦ","13/8046":"ਰਸਯ","1/8051":"ਇਆਦ ਇਆਤ","89/4023":"ਰਸਮ","1/8046":"ਰਸਭ ਰਸਬ ਰਸਫ ਰਸਏ ਰਸਉ","3/1685":"ਗਦਲ","1/447":"ਰਸਪ ਦਨਵ","123/1685":"ਗਦਰ","35/2682":"ਰਸਨ","4/1341":"ਰਸਵ","2/26337":"ਹਨਜ਼ ਹਨਯ ਹਨਸ","4/8051":"ਇਆਬ","2/433":"ਟਸਅ ਟਸਟ ਟਸਬ ਟਸਪ","6/8051":"ਇਆਪ","10/4023":"ਰਸਲ","5/8051":"ਇਆਧ","2/8051":"ਇਆਨ","49/8046":"ਰਸਰ","1/453":"ਗਨਈ ਗਨਅ ਗਨਸ ਗਨਬ ਗਨਪ","37/8051":"ਇਆਵ","61/433":"ਟਸਐ","230/591":"ਏਕੜ","1/73":"ਨਨਵ","3/8051":"ਇਆਲ","1/4023":"ਰਸਹ","1/4859":"ਰਹਨ","1/14577":"ਰਹਦ","8/433":"ਟਸਕ","2/14577":"ਰਹਤ ਰਹਰ","8/14577":"ਰਹਣ","20/21":"ਜ਼ਫਰ","40/4023":"ਰਸਕ","1/197":"ਏਕਲ","4/1685":"ਗਦਗ ਗਦੜ","1/146":"ਨਨਗ","23/4023":"ਰਸਟ","8/8051":"ਇਆਕ","9/146":"ਨਨਕ ਸਖਸ","1/2682":"ਰਸਜ ਰਸਡ","467/874":"ਆਤਮ","106/457":"ਜ਼ਬਰ","17/8046":"ਰਸਦ","13/2682":"ਰਸਥ","24/457":"ਜ਼ਬਤ","797/8046":"ਰਸਤ","7/8046":"ਰਸਣ","1/874":"ਆਤਸ਼","1/457":"ਜ਼ਬਨ","1/456":"ਆਧਨ ਚਮਪ ਚਮਰ ਚਮਜ਼","11/393":"ਨਪਦ","8/453":"ਗਨਵ","2/393":"ਨਪਥ ਨਪਰ","5/393":"ਨਪਣ","6/151":"ਗਨਲ","4/287":"ਹਫਲ","1/912":"ਆਧਰ","1/1322":"ਜ਼ਮਹ ਜ਼ਮਤ ਜ਼ਮਨ ਜ਼ਮਜ਼","1/393":"ਨਪਹ ਨਪਡ","23/393":"ਨਪਸ","1/354":"ਏਗੜ","182/1751":"ਆਨਕ","10/131":"ਨਪਲ","32/2217":"ਜ਼ਰਅ","20/2217":"ਜ਼ਰਈ","1/223":"ਇਉਜ ਨਬਕ ਨਬਟ","4/453":"ਗਨਗ","3/14":"ਠਗੜ ਖ਼ਸਤ","68/14577":"ਰਹਮ","112/3925":"ਆਦਤ","1/3925":"ਆਦਣ ਆਦਵ","5/433":"ਟਸਨ","2/4859":"ਰਹਸ ਰਹਲ","84/785":"ਆਦਮ","7/1322":"ਜ਼ਮਗ","3/151":"ਗਨਜ ਐਚਓ ਲਝਦ ਐਡਰ","9/3925":"ਆਦਪ","1/287":"ਹਫਜ ਹਫਰ ਲਗਜ਼","2/151":"ਗਨਨ ਐਚਐ","1/661":"ਜ਼ਮਬ","14/453":"ਗਨਦ","5/8046":"ਰਸਜ਼","7/3925":"ਆਦਲ","2/453":"ਗਨਤ ਗਨਮ","2/661":"ਜ਼ਮਰ","167/287":"ਹਫਤ","186/3925":"ਆਦਰ","3/1322":"ਜ਼ਮਲ","4/433":"ਟਸਵ","11/4033":"ਹਮਜ","1/4033":"ਹਮਚ ਹਮਗ ਹਮਮ ਹਮਭ ਹਮਖ਼ ਹਮਵ","4/4033":"ਹਮਖ ਹਮਰ","3/4033":"ਹਮਕ ਹਮਬ ਹਮਧ ਹਮਉ ਹਮਜ਼","8/4033":"ਹਮਤ","43/2217":"ਜ਼ਰਵ","1542/4033":"ਹਮਣ","16/223":"ਨਬਰ","103/2217":"ਜ਼ਰਸ","5/4033":"ਹਮਪ","4/223":"ਨਬਸ","6/4033":"ਹਮਨ","124/4033":"ਹਮਦ","703/13231":"ਆਪਕ","10485/13231":"ਆਪਣ","1352/4033":"ਹਮਲ","11/13231":"ਆਪਟ","1/13231":"ਆਪਜ ਆਪਬ ਆਪਭ","1/1751":"ਆਨਨ ਆਨਣ","9/3502":"ਆਨਦ","11/41":"ਗਪਗ ਆਸ਼ਰ","3/206":"ਆਨਤ","1/2217":"ਜ਼ਰਣ ਜ਼ਰਗ ਜ਼ਰਫ਼","11/2217":"ਜ਼ਰਤ","2/215":"ਨਫਲ","9/1751":"ਆਨਰ","1/739":"ਜ਼ਰਖ ਜ਼ਰਮ","289/430":"ਨਫਰ","1/3502":"ਆਨਯ","7/123":"ਗਪਟ","18/1751":"ਆਨਬ","1/151":"ਗਨਜ਼ ਲਝਵ ਐਚਕ ਲਝੜ","8/287":"ਹਫੜ","3/1751":"ਆਨਪ","3/3502":"ਆਨਸ","2/4033":"ਹਮਈ ਹਮਅ ਹਮਸ਼","2/2217":"ਜ਼ਰਲ","5/3502":"ਆਨਵ","9/41":"ਗਪਤ ਤਫਤ","30/1751":"ਆਨਲ","5/123":"ਗਪਣ ਦਭਰ","14/2217":"ਜ਼ਰਦ","8/2217":"ਜ਼ਰਨ","46/393":"ਨਪੜ","9/223":"ਨਬਜ","41/2217":"ਜ਼ਰਬ","2/419":"ਏਜਲ","24/1519":"ਹਰਜ","1/1714":"ਨਮਪ ਨਮਨ ਨਮਹ","1/7595":"ਹਰਛ ਹਰਡ ਹਰਰ ਹਰਯ ਹਰਇ ਹਰੜ ਹਰਗ਼","1/419":"ਏਜਰ ਏਜਬ","29/7595":"ਹਰਚ","4/1085":"ਹਰਗ","27/857":"ਨਮਦ","103/7595":"ਹਰਦ","17/451":"ਆਬਕ","26/7595":"ਹਰਤ ਹਰਸ਼","9/557":"ਆਫਲ","114/7595":"ਹਰਣ","20/857":"ਨਮਰ","34/557":"ਆਫਰ","3/857":"ਨਮਯ","4/1519":"ਹਰਟ","7/451":"ਆਬਜ","32/1519":"ਹਰਮ","23/1519":"ਹਰਭ","99/7595":"ਹਰਬ","12/7595":"ਹਰਫ","86/7595":"ਹਰਪ","4/557":"ਆਫਸ","7/857":"ਨਮਸ","3/217":"ਹਰਨ","2/451":"ਆਬਤ","2/217":"ਹਰਵ","1/105":"ਨਯਤ ਨਯਨ ਵਸ਼ਰ","1/2273":"ਨਰਅ ਨਰਡ","116/7595":"ਹਰਲ","3/187":"ਗਭਰ","2/157":"ਜ਼ਲਟ ਭਣਗ ਭਣਵ","60/13231":"ਆਪਨ","9/4033":"ਹਮਸ","15/13231":"ਆਪਦ","7/1714":"ਨਮਈ","2/13231":"ਆਪਤ","6/419":"ਏਜਜ","7/13231":"ਆਪਲ","29/1714":"ਨਮਕ","52/13231":"ਆਪਰ","3/16":"ਨਭਰ ਐਬਟ ਬਘਰ","47/13231":"ਆਪਮ","8/223":"ਨਬਜ਼","1/857":"ਨਮਜ","317/13231":"ਆਪਸ","19/13231":"ਆਪਹ","1/74":"ਗਬਨ","5/557":"ਆਫਗ","22/13231":"ਆਪਸ਼","2/557":"ਆਫਕ","1/157":"ਜ਼ਲਵ ਭਣਯ","2/7595":"ਹਰਖ","5/1714":"ਨਮਤ","26/557":"ਆਫਤ","202/7595":"ਹਰਕ","4/7595":"ਹਰਫ਼","3/1195":"ਹਲਟ","105/2273":"ਨਰਮ","6/53":"ਏਟਕ","7/2273":"ਨਰਭ ਨਰਪ","2/2273":"ਨਰਬ ਨਰਨ ਨਰਤ","6/7595":"ਹਰਜ਼","19/1195":"ਹਲਚ ਹਲਦ","4/2273":"ਨਰਸ਼ ਨਰਦ","5/1926":"ਆਮਗ","19/2273":"ਨਰਵ","1/239":"ਹਲਤ ਲਖਣ","7/1195":"ਹਲਣ","296/2273":"ਨਰਲ","1/963":"ਆਮਟ","1/1926":"ਆਮਜ ਆਮਰ","4/1195":"ਹਲਮ ਹਲਫ਼","4/451":"ਆਬਜ਼ ਸੜਦ","24/1195":"ਹਲਫ","1/1195":"ਹਲਪ","83/2273":"ਨਰਸ","112/963":"ਆਮਦ","12/2807":"ਗਰਗ","2/8421":"ਗਰਖ","4/963":"ਆਮਤ ਆਮਲ","13/8421":"ਗਰਕ ਗਰਜ਼","39/1195":"ਹਲਵ","17/815":"ੜਕਣ","1/868":"ਗਮਚ ਗਮਦ ਗਮਸ਼ ਗਮਰ","9/7595":"ਹਰਹ","47/2445":"ੜਕਦ","9/451":"ਆਬਦ ਆਬਰ","12/1519":"ਹਰਸ","2/815":"ੜਕਨ ੜਕਸ","17/868":"ਗਮਗ","16/2273":"ਨਰਗ","2/2445":"ੜਕਛ ੜਕੜ","3/868":"ਗਮਤ ਗਮਲ","52/2273":"ਨਰਕ","1/217":"ਗਮਣ","1/815":"ੜਕਲ","49/2273":"ਨਰਜ","2/489":"ੜਕਵ","11/868":"ਗਮਪ","25/868":"ਗਮਨ","1/2445":"ੜਕਪ ੜਕਮ","5/2273":"ਨਰਥ","418/1195":"ਹਲਕ","1/434":"ਗਮਯ","2/7205":"ਆਰਐ ਆਰਦ ਆਰਆ ਆਰਲ","2/239":"ਹਲੜ ਲਖਸ਼","1/57":"ਲਅਕ ਲਅਟ ਲਅਮ ਲਅਵ ਇਣਪ ਇਣਨ ਲਮਸ ਵਮਨ ਵਮਸ","8/8421":"ਗਰਹ","2/565":"ਨਲਸ ਨਲਟ","34/7205":"ਆਰਗ","3/1130":"ਨਲਵ ਨਲਡ","7/1441":"ਆਰਕ","11/75":"ਏਡਜ","1/7205":"ਆਰਓ ਆਰਚ ਆਰਣ ਆਰਈ","111/7205":"ਆਰਡ","7/194":"ਠਣਗ","109/7205":"ਆਰਟ","28/7205":"ਆਰਜ","1/194":"ਠਣਕ ਛਪਕ","8/7205":"ਆਰਨ","2/1727":"ਗਲਗ ਗਲਕ ਗਲਮ","1/3454":"ਗਲਖ ਗਲਖ਼ ਗਲਟ ਗਲਫ","4/655":"ਆਰਤ","2066/7205":"ਆਰਥ","1/8421":"ਗਰਠ ਗਰਧ ਗਰਸ਼","4/1203":"ਗਰਟ","16/2807":"ਗਰਜ","1/106":"ਏਟਲ ਡਟਡ ਡਟਦ ਦਖਣ","7/15":"ਜ਼ਸ਼ਨ","3/2807":"ਗਰਚ","21/53":"ਏਟਰ","19/8421":"ਗਰਨ","1/39":"ੜਗਜ ਰਖ਼ਰ ਰਖ਼ਪ ਰਖ਼ਵ ਘਸਮ ਵਕਫ ਮਧਵ","1/565":"ਨਲਗ","12/401":"ਗਰਦ","6/565":"ਨਲਕ","11/2807":"ਗਰਤ","9/2807":"ਗਰਣ","3/106":"ਏਟਸ","874/8421":"ਗਰਮ","10/2273":"ਨਰੜ","37/2807":"ਗਰਭ","1/2807":"ਗਰਬ","9/2273":"ਨਰਜ਼","1/1130":"ਨਲਜ ਨਲਤ","6/2807":"ਗਰਪ","418/2807":"ਗਰਸ","3/401":"ਗਰਵ","2/257":"ਆਯਤ","59/8421":"ਗਰਲ","6/77":"ੜਚਨ","22/995":"ਨਵਜ","1/3980":"ਨਵਚ ਨਵਪ ਨਵਯ ਨਵਮ ਨਵਭ","5/77":"ੜਚਣ","1/35":"ਠਤਮ ੜਪਣ ਕਡਨ ਕਡਸ","4/15":"ਏਡਜ਼ ੜਫਦ ਪਪੜ","1/1990":"ਨਵਕ ਨਵਸ਼","2/1949":"ਆਲਕ ਆਲਤ ਆਲਯ","9/796":"ਨਵਤ","1/15151":"ਲਈਉ ਲਈਇ ਲਈਕ ਲਈਨ","5/33":"ਹਸ਼ਰ ਤਤਕ","27/1949":"ਆਲਟ","7/7205":"ਆਰਜ਼","119/15151":"ਲਈਆ","3/3980":"ਨਵਬ","3/1949":"ਆਲਪ ਆਲਰ","3/35":"ਜ਼ਹਰ ੜਪਤ","2/15151":"ਲਈਓ","13/3980":"ਨਵਨ","43/15151":"ਲਈਏ","9/3980":"ਨਵਦ","57/7205":"ਆਰਮ","203/7205":"ਆਰਬ","35/3454":"ਗਲਜ","44/655":"ਆਰਪ","14/7205":"ਆਰਸ","49/3454":"ਗਲਪ","1/1106":"ਹਵਪ ਅਖਨ","1/1727":"ਗਲਨ","4/553":"ਹਵਨ","7/3454":"ਗਲਦ","81/1106":"ਹਵਧ","6/7205":"ਆਰਵ","419/3454":"ਗਲਤ","5/3454":"ਗਲਣ","5/1106":"ਹਵਲ","29/3454":"ਗਲਰ","32/1727":"ਗਲਬ","3/3454":"ਗਲਹ ਗਲਸ","15/553":"ਹਵਸ","56/1727":"ਗਲਵ","1/361":"ਹਸਦ ਹਸਮ ਹਸਲ","1/8743":"ਇਕਕ ਇਕਚ ਇਕਉ","5/1083":"ਹਸਥ","11/1539":"ਗਵਤ","33/361":"ਹਸਤ","19/766":"ਨਸ਼ਰ","6/1249":"ਇਕਜ","11/1083":"ਹਸਬ","281/361":"ਹਸਪ","1/1539":"ਗਵਧ ਗਵਦ ਗਵਲ","9/361":"ਹਸਨ","33/8743":"ਇਕਤ","5/8743":"ਇਕਠ","7/38":"ਏਥਨ","22/513":"ਗਵਰ","3/361":"ਹਸਰ","4/8743":"ਇਕਟ ਇਕਪ","73/8743":"ਇਕਬ","16/8743":"ਇਕਨ","4/1249":"ਇਕਦ","2/1539":"ਗਵਸ਼ ਗਵਈ","156/1949":"ਆਲਮ","259/3980":"ਨਵਰ","9/3454":"ਗਲਜ਼","6/1949":"ਆਲਸ","21/3980":"ਨਵਸ","3/1990":"ਨਵਵ","7/1949":"ਆਲਵ","1/1083":"ਹਸਕ","2/77":"ੜਚੜ ਤਤਰ ਓਸਨ ਓਸਵ ਛੜਨ ਛੜਦ","19/383":"ਨਸ਼ਟ","4/15151":"ਲਈਦ","50/383":"ਨਸ਼ਨ","1/718":"ਆਵਸ਼ ਗੜਸ਼ ਗੜਕ ਗੜਣ","4/783":"ਨਸਵ","3/82":"ਆਸ਼ਕ","103/116":"ਸਖ਼ਤ","2/359":"ਆਵਲ","14/33":"ਇਖਲ","172/2349":"ਨਸਲ","11/1436":"ਆਵਰ","43/783":"ਨਸਰ","1/14255":"ਨਹਟ ਨਹਰ ਨਹਮ","8/14255":"ਨਹਦ","3/29":"ਸਖ਼ਸ਼","17/210":"ਗਸਟ","1/47":"ਇਗਨ ਇਗਜ਼ ਈਅਨ ਈਅਲ ਇਸ਼ਨ ਓਟਆ ਬਸ਼ਮ ਰਆਨ ਰਆਦ ਰਆਮ","8/8743":"ਇਕਵ","28/2349":"ਨਸਕ","51/8743":"ਇਕਲ","36/8743":"ਇਕਰ","3/1249":"ਇਕਮ","1/55":"ਗਸ਼ਮ ਇਟਰ ਊਲਸ","7/783":"ਨਸਟ","1/365":"ਠਨਕ","75/1436":"ਆਵਜ","30/8743":"ਇਕਸ","2/1249":"ਇਕਹ","2/2349":"ਨਸਧ ਨਸਬ","5/359":"ਆਵਦ","1/1436":"ਆਵਣ ਗੜਪ ਗੜਭ ਗੜਚ","2/33":"ਇਖਤ ਫ਼ਜ਼ਲ ਕਢਦ","10/2349":"ਨਸਤ","19/718":"ਆਵਤ","1/82":"ਆਸ਼ਏ ਲਥਵ ਲਥਜ ਲਥਪ ਤਫਲ ਤਫਸ ਤਸ਼ਰ","7/18":"ਗ਼ਜ਼ਲ ਕਯਹ","4/2349":"ਨਸਮ","17/2349":"ਨਸਭ","1/2349":"ਨਸਫ","11/783":"ਨਸਪ","5/261":"ਨਸਨ","3/1531":"ਆਸਕ","239/3062":"ਆਸਟ","1/3062":"ਆਸਜ ਆਸਬ ਆਸਅ ਆਸਫ਼","7/3062":"ਆਸਨ","314/1531":"ਆਸਤ","17/3062":"ਆਸਥ","383/451":"ਸੜਕ","11/1531":"ਆਸਣ","1/451":"ਸੜਣ ਸੜਵ","69/3062":"ਆਸਰ","8/1531":"ਆਸਮ","1/420":"ਗਸੜ ਗਸਦ ਗਸਮ ਗਸਸ ਜਨਪ","23/3062":"ਆਸਪ","1/164":"ਆਸ਼ਵ","55/84":"ਗਸਤ","1/140":"ਗਸਰ","17/359":"ਆਵਜ਼","2/513":"ਆਹਵ ਆਹਣ","46/301":"ਧੜਕ","1/301":"ਧੜਪ","2/301":"ਧੜਦ ਧੜਲ","17/80":"ਅਖ਼ਤ","1/160":"ਅਖ਼ਲ","3/95":"ੜਣਗ ਸਐਫ","57/80":"ਅਖ਼ਬ","1/902":"ਸੜਪ","3/451":"ਸੜਨ","2/1531":"ਆਸਵ","1/342":"ਆਹਟ","1/1026":"ਆਹਠ ਆਹਪ ਆਹਤ","5/342":"ਆਹਰ","1/377":"ਲਏਗ","4/171":"ਆਹਮ","13/1026":"ਆਹਫ","3/415":"ਇਜਹ","5/1202":"ਖੜਨ","6/601":"ਖੜਦ","1/1033":"ੜਤਨ ੜਤਣ","8/601":"ਖੜਵ","6/1613":"ਘਟਕ","2/1613":"ਘਟਗ","31/1613":"ਘਟਦ","3/118":"ਅੜਕ","3/136":"ਅਜ਼ਲ","20/1613":"ਘਟਣ","3/17":"ਅਜ਼ਮ ਊਚਰ","1/230":"ਸਫ਼ਨ","5/301":"ਧੜਵ","63/1202":"ਖੜਕ","6/415":"ਇਜਤ","13/46":"ਸਫ਼ਲ","6/23":"ਸਫ਼ਰ","1/32":"ਏਬਰ ਐਟਨ ਐਬਹ","1/601":"ਖੜਗ ਈਕਟ ਈਕਈ ਈਕਜ਼","1/1202":"ਖੜਖ ਖੜਤ ਖੜਣ","18/415":"ਇਜਲ","4/415":"ਇਜਰ","1/275":"ਇਟਜ ਇਟਮ ਇਟਸ","1/163":"ਲਓਲ ਦਪਹ","4/363":"ਅਫ਼ਗ","5/19":"ਏਮਜ਼ ਡਗਰ ਵਮਈ","7/25":"ਇਟਲ","11/118":"ਅੜਚ","13/136":"ਅਜ਼ਹ","1155/1613":"ਘਟਨ","1/118":"ਅੜਦ ਅੜਤ ਅੜਬ ਅੜਨ ਰਜ਼ਮ","1/1613":"ਘਟਵ","2/163":"ਲਓਗ","41/1334":"ਲਕਦ","1/1334":"ਲਕਤ ਲਕਮ","7/2001":"ਲਕਣ","1/92":"ਇਡਨ ਇਡਪ ਥਣਕ","2/2001":"ਲਕਲ","49/2001":"ਲਕਰ","3/1334":"ਲਕਬ","3/184":"ਇਡਰ","1/26":"ਏਲਚ ਏਲਸ ਲਛਰ ਲਛਲ ਲਛਣ ਬਥਵ ਬਪਸ ਬਖ਼ਸ ਤਫ਼ਰ","1/184":"ਇਡਮ ਇਡਵ ਇਡਲ ਇਡਕ","6/667":"ਲਕਸ","59/4002":"ਲਕਸ਼","1/266":"ਘਣਪ ਘਣਨ ਘਣਤ","4/233":"ੜਨਗ","14/363":"ਅਫ਼ਰ","106/121":"ਅਫ਼ਸ","3/121":"ਅਫ਼ਵ","2/495":"ੜਦੜ","7/4002":"ਲਕਟ ਲਕੜ","8/861":"ਲਗਪ ਲਗਨ","9/190":"ਡਕਸ਼","365/3444":"ਲਗਦ","1/1722":"ਲਗਲ ਲਗਜ","5/3444":"ਲਗਰ","1/3444":"ਲਗਮ ਲਗਏ ਲਗਖ","1/3047":"ਇਤਆ ਇਤਣ ਇਤਮ","131/561":"ਪਈਆ","23/246":"ਲਗਭ","1/187":"ਪਈਏ ਤਜਦ","13/861":"ਲਗਵ","1/763":"ਐਕਡ ਐਕਜ਼ ਐਕਮ","2/37":"ਠਵਰ","326/763":"ਐਕਟ","30/3047":"ਇਤਕ","6/239":"ਲਖਪ","30/239":"ਲਖਨ","1/380":"ਡਕਗ ਡਕਲ ਫ਼ਰਸ ਫ਼ਰਹ","3/239":"ਲਖਦ ਲਖਰ","8/363":"ਅਫ਼ਗ਼","67/380":"ਡਕਟ","5/239":"ਲਖਮ","9/239":"ਲਖਬ","2/105":"ੜਪਦ ੜਪਨ ਵਸ਼ਕ","44/239":"ਲਖਵ","1/492":"ਲਗਤ","1/123":"ਲਗਣ ਇਬਘ ਇਬਲ","1/1148":"ਲਗਡ","21/76":"ਡਕਰ","5/171":"ਇਣਗ","11/57":"ਇਣਕ ਚਮੜ","2/3237":"ਈਆਣ ਈਆਈ","3/25":"ਏਵਨ","1/3237":"ਈਆਬ ਈਆਕ","3/80":"ਲਚਕ ਘਨਸ਼ ਛਦਮ ਜਨਵ","1/25":"ਏਵਲ ਏਵਕ ਰਈਵ","7/45":"ਐਗਜ","4/3237":"ਈਆਰ","1/400":"ਲਚਦ ਲਚਮ ਲਚਵ ਆਜ਼ਰ","3/1033":"ਇਦਗ","1/80":"ਘਨਈ ਘਨਹ ਘਨਟ ਘਨਘ ਘਨਣ ਘਨਪ ਣਖਧ ਵਦਲ","8/47":"ਈਅਤ","6/29":"ਲਘਦ","21/3047":"ਇਤਫ","4/3047":"ਇਤਬ","3/763":"ਐਕਰ","18/3047":"ਇਤਨ","14/47":"ਈਅਦ","25/1722":"ਲਗੜ","24/3047":"ਇਤਲ","47/109":"ਐਕਸ","23/47":"ਈਅਰ","87/3047":"ਇਤਰ","65/763":"ਐਕਸ਼","27/763":"ਐਕਵ","7/277":"ਇਤਹ","2/3047":"ਇਤਵ ਇਤਫ਼","3/19":"ਡਗਮ","11/13":"ਲਛਮ ਖ਼ਦਸ਼","1/1267":"ਲਜਗ ਲਜਰ","1/309":"ਏਸਕ ਏਸਤ ਏਸਲ ਬਸਟ","3/182":"ਠਹਰ","5/309":"ਏਸਟ","1533/5876":"ਇਨਕ","8/45":"ਐਗਜ਼","4/1267":"ਲਜਜ","4/309":"ਏਸਨ","1/1469":"ਇਨਟ ਇਨਚ","1/413":"ਰਜ਼ਈ ਰਜ਼ਰ ਰਜ਼ਕ ਰਜ਼ਪ ਰਜ਼ਦ","5/5876":"ਇਨਜ","29/61":"ੜਬੜ","105/181":"ਏਸ਼ਨ","1/45":"ਐਗਲ ਈਡਸ ਈਡਜ਼ ਚਵਟ ਚਵਰ","26/45":"ਐਗਰ","1/21":"ੜਮਬ ਡਪਲ ਫਜਲ ਵਉਸ ਜਚਕ ਕਫਨ","47/100":"ਲਚਸ","2/13":"ਰਖ਼ਤ","2/413":"ਰਜ਼ਬ","89/95":"ਘਪਲ","1/826":"ਰਜ਼ਹ ਰਜ਼ਡ","9/47":"ਰੜਕ","1/235":"ਰੜਣ ਰੜਦ ਰੜਵ","8/37":"ਡਜਸ","1/5876":"ਇਨਫ਼ ਇਨਤ","12/235":"ਰੜਨ","7/5876":"ਇਨਜ਼ ਇਨਪ","3/1267":"ਲਜਮ","3/2938":"ਇਨਡ ਇਨਬ","5/2938":"ਇਨਰ","4/1469":"ਇਨਮ","67/5876":"ਇਨਫ","7/151":"ਐਚਡ","147/1469":"ਇਨਸ","27/5876":"ਇਨਵ","1/95":"ਘਪਤ ਫਲਜ ਸਐਚ ਸਐਲ ਸਐਫ਼","11/5876":"ਇਨਲ","4/47":"ਏਹਨ ਪਗਰ ਈਰਸ","4/151":"ਲਝਨ","47/826":"ਰਜ਼ਨ","2/47":"ਏਹਦ ਈਰਲ ਓਟਦ ਰਆਈ","1/2938":"ਇਨਹ","10/151":"ਲਝਣ","1/2122":"ਪਏਬ ਪਏਸ","6/179":"ਟੜਤ","1/997":"ਲਟਲ ਲਟਸ ਲਟਡ ਲਟਫ","2/31":"ਇਫਨ ਈਗਨ ਉਟਰ ਫ਼ਨਮ ਭਕਰ ਜਗਦ ਜਯਵ","76/997":"ਲਟਰ","4/997":"ਲਟਮ ਲਟਵ","3/31":"ਇਫਤ ਝਕਦ","8/31":"ਇਫਲ","33/179":"ਟੜਪ","5/106":"ਡਟਕ","45/347":"ਰਫ਼ਤ","1/41":"ਇਬਟ ਲਥਲ ਪਥਮ ਈਸ਼ਤ ਸ਼ਠਰ","2/347":"ਰਫ਼ਨ","19/179":"ਟੜਵ","2/11":"ਇਪਤ ਈਜ਼ਰ ਓਕਲ ਤਟਵ ਓਤਸ","89/997":"ਲਟਕ","9/997":"ਲਟਣ","39/2122":"ਪਏਗ","3/997":"ਲਟਪ","73/85":"ਘਬਰ","37/997":"ਲਟਨ","5/997":"ਲਟਦ","9/490":"ਲਡਲ","1/957":"ਇਮਊ ਇਮਫ","4/17":"ਘਮਸ ਚਟਨ ਸ਼ਭਰ","1/273":"ੜਵਸ ਵਕਰ","4/319":"ਇਮਦ","1/3614":"ਘਰਕ ਘਰਘ","31/319":"ਇਮਤ","53/246":"ਇਬਰ","25/106":"ਡਟਵ","1/246":"ਇਬਸ ਤਸ਼ਹ ਤਸ਼ਵ ਤਸ਼ਬ","29/490":"ਲਡਨ","1/1985":"ਲਣਸ ਲਣਨ","2/1985":"ਲਣਵ","1/3810":"ਲਤਕ ਲਤਬ ਲਤਪ ਲਤੜ","51/278":"ਘਰਸ","1/302":"ਐਡਟ ਐਡਹ","5/302":"ਐਡਜ","2/27":"ਈਐਲ","9/635":"ਲਤਨ","13/383":"ਡਣਗ","16/27":"ਈਐਸ","1/1905":"ਲਤਰ","15/692":"ਇਰਨ","8/151":"ਐਡਮ","1/762":"ਲਤਮ","5/692":"ਇਰਦ","3/1384":"ਇਰਤ","1/635":"ਲਤਫ","21/1384":"ਇਰਡ ਇਰਮ","79/1985":"ਲਣਗ","4/347":"ਰਫ਼ੳ","5/957":"ਇਮਪ","9/1807":"ਘਰਦ","1/1807":"ਘਰਤ","1/87":"ਇਮਲ ਜਖਬ ਓਥਰ ਜਖਵ","65/957":"ਇਮਰ","2/957":"ਇਮਸ","479/3614":"ਘਰਸ਼","19/3614":"ਘਰਵ","1/1057":"ਪਕਲ ਪਕਸ ਪਕਪ","36/1057":"ਪਕਰ","1/99":"ਡਤਰ ਛਣਗ ਤਸਲ","1/2962":"ਇਲਕ ਇਲਨ","2/1057":"ਪਕਸ਼ ਪਕਣ","15/1057":"ਪਕਵ","2/1481":"ਇਲਡ","38/1481":"ਇਲਟ","1/2896":"ਲਦਨ ਲਦਰ ਲਦਵ","42/1481":"ਇਲਜ","9/2962":"ਇਲਪ","11/1448":"ਲਦਲ","13/2896":"ਲਦਬ","3/49":"ਪਖਤ","3/302":"ਐਡਸ","2/1807":"ਘਰੜ","93/302":"ਐਡਵ","2/635":"ਲਤਵ","5/82":"ਲਥਕ ਤਫਰ ਤਫਹ","1/1384":"ਇਰਪ ਇਰਸ਼","6/173":"ਇਰਸ","11/1384":"ਇਰਵ","21/346":"ਇਰਲ","3/1057":"ਪਕਡ","6/1057":"ਪਕਦ","12/1057":"ਪਕਤ","1/709":"ਲਨਗ ਲਨਤ ਲਨਨ","121/145":"ਐਤਵ","5/709":"ਲਨਟ","1/59":"ਘਵਲ","5/26":"ਐਥਨ ਤਫ਼ਤ","91/2962":"ਇਲਜ਼","9/26":"ਐਥਲ ਉਖੜ","14/601":"ਈਕਨ","1/1481":"ਇਲਰ","1/362":"ਲਦਸ","8/1481":"ਇਲਮ","22/145":"ਐਤਕ","7/2962":"ਇਲਹ ਇਲਸ","3/2962":"ਇਲਵ","38/1057":"ਪਕੜ","13/709":"ਲਨਕ","1/332":"ਡਨਮ ਡਨਲ ਬਗਰ ਬਗਵ ਬਗਜ","7/716":"ਲਪਟ","17/188":"ਇਸ਼ਕ","19/90":"ਇਵਰ","1/83":"ਡਨਵ ਚਕਚ","3/716":"ਲਪਦ","15/716":"ਲਪਤ ਲਪਣ ਲਪਰ","1/90":"ਇਵਸ ਇਵਜ਼","1/376":"ਇਸ਼ਦ","21/716":"ਲਪਮ","1/716":"ਲਪਬ ਲਪਸ","45/188":"ਇਸ਼ਤ","3/188":"ਇਸ਼ਟ ਡਵਰ ਊਸਫ","73/358":"ਲਪਨ","1/188":"ਇਸ਼ਮ ਇਸ਼ਵ ਇਸ਼ਰ ਊਸਟ ਊਸਜ਼ ਊਸਸ਼","50/797":"ਐਨਕ","1/797":"ਐਨਓ ਐਨਦ ਐਨਥ ਐਨਫ ਐਨਲ ਜਕਟ ਜਕਣ ਜਕਡ ਜਕਸ ਜਕਵ","9/716":"ਲਪਲ ਲਪਕ","13/797":"ਐਨਐ ਐਨਰ","264/601":"ਈਕਲ","46/601":"ਈਕਰ","16/601":"ਈਕਮ","7/47":"ਪਗੜ ਬਸ਼ਕ","3/332":"ਡਨਕ","7/601":"ਈਕਸ","4/601":"ਈਕਵ","3/12632":"ਇਸਕ","1/507":"ਹਜ਼ਦ ਹਜ਼ਇ","1/1414":"ਲਬਜ ਲਬਪ ਲਬਸ ਲਬਗ ਲਬਜ਼","3/797":"ਐਨਸ ਐਨਟ","1/6316":"ਇਸਟ","8/507":"ਹਜ਼ਰ","11/202":"ਲਬਧ","5/1414":"ਲਬਦ","10/507":"ਹਜ਼ਮ","2/707":"ਲਬਤ","1/12632":"ਇਸਚ","1/2171":"ਹੜਚ","29/1414":"ਲਬਰ","307/25264":"ਇਸਨ","1/25264":"ਇਸਥ ਇਸਸ ਇਸਹ","13/162":"ਪਜਦ","23/1414":"ਲਬਮ","1113/25264":"ਇਸਦ","5/2171":"ਹੜਕ ਹੜਪ","25/1579":"ਇਸਤ","2/81":"ਪਜਣ ਓਬਜ","1/707":"ਲਬਹ ਕਸਫ","13/6316":"ਇਸਰ","3/25264":"ਇਸਮ","1/395":"ਐਪਕ ਐਪਟ","5/12632":"ਇਸਪ ਇਸਵ","5/707":"ਲਬਲ ਕਸਨ","8/797":"ਐਨਜ","16/237":"ਲਫਜ","6/43":"ਪਚਰ","22/31":"ਈਗਰ","13/237":"ਲਫਨ","4/797":"ਐਨਡ","4/79":"ਲਫਰ","2/797":"ਐਨਮ ਐਨਬ ਐਨਵ ਜਕਪ","1/237":"ਲਫਬ","25/719":"ਪਛਤ","1/719":"ਪਛਡ","1/28":"ਨਖ਼ਰ ਲਫ਼ਨ ਲਫ਼ਤ ਲਫ਼ਰ ਜਭਗ ਜਭਵ ਦਇਤ ਖ਼ਸਲ","3/719":"ਪਛਮ","1/2168":"ਇਹਸ ਇਹਤ","82/125":"ਡਬਲ","6/143":"ਐਫਡ ਐਫਸ","3/125":"ਡਬਰ","1/143":"ਐਫਟ ਐਫਆ ਐਫਐ","1/17344":"ਇਹਲ ਇਹਮ","1/3876":"ਲਮਜ ਲਮਮ","1/125":"ਡਬਸ","1/1938":"ਲਮਨ ਲਮਵ ਲਮਛ","2/125":"ਡਬਵ","1/969":"ਲਮਦ ਲਮਰ ਲਮਗ ਲਮਜ਼ ਫਸਜ","1/1507":"ਪਟਊ ਪਟਤ ਪਟਦ","2/969":"ਲਮਬ ਫਸਵ ਫਸਕ","96/101":"ਹਫ਼ਤ","9/11":"ਆਖ਼ਰ","1/56":"ਗਜ਼ਟ ਊਜਲ ਊਜਨ","1/942":"ਨਜ਼ਚ ਨਜ਼ਲ","3/2171":"ਹੜਦ ਹੜਬ","10/237":"ਲਫਜ਼","267/2171":"ਹੜਤ","1/162":"ਪਜਲ ਉਧੜ","169/25264":"ਇਸਲ","8/61":"ਲਭਦ","78/719":"ਪਛੜ","9/61":"ਲਭਣ ਣਸਰ","2231/17344":"ਇਹਨ","21/395":"ਐਪਰ","93/8672":"ਇਹਦ","34/471":"ਨਜ਼ਦ","34/395":"ਐਪਸ","613/942":"ਨਜ਼ਰ","23/942":"ਨਜ਼ਮ","43/3876":"ਲਮਕ","27/79":"ਐਪਲ","14/359":"ਗੜਬ","2/145":"ਈਜਹ ਈਜਡ ਈਜਜ਼","7/1507":"ਪਟਸ","1/1087":"ਲਰਡ ਲਰਫ ਲਰਦ ਲਰਲ","17/1436":"ਗੜਨ","38/1087":"ਲਰਟ","8/359":"ਗੜਦ","39/1507":"ਪਟਵ","1/598":"ਐਮਈ ਐਮਆ ਐਮਜ ਐਮਨ","7/1087":"ਲਰਨ","3/598":"ਐਮਕ ਐਮਪ","16/1087":"ਲਰਵ","2/299":"ਐਮਐ","7/598":"ਐਮਏ","1/200":"ਆਜ਼ਦ","2/1087":"ਲਰਮ","9/1436":"ਗੜਵ","9/1087":"ਲਰਸ","46/57":"ਨਫ਼ਰ","21/400":"ਆਜ਼ਮ","12/1087":"ਲਰਸ਼ ਲਰਜ਼","1/112":"ਗਜ਼ਨ ਗਜ਼ਮ","27/1507":"ਪਟਕ","13/224":"ਗਜ਼ਲ","25/1507":"ਪਟਣ","5/112":"ਗਜ਼ਰ","5/224":"ਗਜ਼ਬ","26/1087":"ਲਰਕ","1/51":"ਲਯਰ ਖ਼ਰਬ","246/1507":"ਪਟਨ","5/718":"ਗੜਗ","1/224":"ਗਜ਼ਵ","10/1087":"ਲਰਜ","4/1507":"ਪਟਲ","6/145":"ਈਜਰ","5/32":"ਐਬਸ ਵਸਤ","5/362":"ਡਮਨ","46/1507":"ਪਟਰ","2/1507":"ਪਟਮ","65/2422":"ਡਰਸ਼","9/2422":"ਡਰਵ","1/587":"ਈਟਜ ਈਟਵ","1/66":"ਲਲਤ ਲਲਨ ਲਲਗ ਓਦਰ","4/1211":"ਡਰਰ","1/2422":"ਡਰਯ ਡਰਹ ਡਰਕ ਡਰਣ ਡਰਫ","4/587":"ਈਟਡ","139/2422":"ਡਰਸ","2/11755":"ਪਣਏ ਪਣਡ ਪਣਯ ਪਣਪ","22/587":"ਈਟਮ","9/587":"ਈਟਨ","3/11755":"ਪਣਗ","3/299":"ਐਮਜ਼","25/587":"ਈਟਲ","17/587":"ਈਟਰ","21/1507":"ਪਟੜ","5/598":"ਐਮਟ ਐਮਸ","17/147":"ਆੜਤ","4/299":"ਐਮਬ","33/1211":"ਡਰਦ","1/147":"ਆੜਨ","29/2422":"ਡਰਡ","107/598":"ਐਮਰ","1/1211":"ਡਰਟ ਡਰਪ","3/1211":"ਡਰਮ","3/2422":"ਡਰਬ","24/173":"ਪਡਰ","5/346":"ਡਰਨ","6/829":"ਡਲਸ","17/2277":"ਲਵਈ","2/2277":"ਲਵਇ ਲਵਟ ਲਵੜ ਲਵਪ","3/829":"ਡਲਵ ਡਲਜ਼","1/5464":"ਪਤਝ ਪਤਸ","5/2732":"ਪਤਚ","2/75":"ਈਡਨ","1/496":"ਐਲਐ ਐਲਪ","243/2732":"ਪਤਨ","3/5464":"ਪਤਤ","2/829":"ਡਲਹ ਡਲਟ","3/1366":"ਪਤਰ","44/225":"ਈਡਰ","5/992":"ਐਲਗ","1/225":"ਈਡਮ","10/2277":"ਲਵਕ","7/992":"ਐਲਟ","91/5464":"ਪਤਵ","1/2277":"ਲਵਜ ਲਵਤ","21/2732":"ਪਤਲ","8/225":"ਈਡਲ","1/15":"ਐਰਤ ਪਪਲ ਪਪਸ ਦਆਨ ਔਫਥ","1/829":"ਡਲਕ","7/11755":"ਪਣਜ","52/587":"ਈਟਸ","14/123":"ਆਫ਼ਤ","6/1211":"ਡਰਜ਼","1/11755":"ਪਣਤ ਪਣਬ","4/829":"ਡਲਰ","89/5464":"ਪਤਕ","2/123":"ਆਫ਼ਰ ਦਭਗ","11/48":"ਲਸ਼ਨ","3/52":"ਢਕਵ","1/758":"ਪਦਨ ਪਦਤ ਪਦਕ","2/379":"ਪਦਰ","13/379":"ਪਦਮ","1/3608":"ਲਸਅ ਲਸਸ ਲਸਡ","7/758":"ਪਦਵ","1/248":"ਐਲਨ ਐਲਮ","4/2277":"ਲਵਨ","2/41":"ਪਥਪ","1/69":"ਲਵਲ ਊਡਟ","3/248":"ਐਲਰ","1/992":"ਐਲਯ ਮਲਤ","49/2277":"ਲਵਰ","27/992":"ਐਲਬ","29/41":"ਪਥਰ","3/992":"ਐਲਵ","7/32":"ਲਸ਼ਕ","9/52":"ਢਕਣ","1/379":"ਪਦਚ","1/1804":"ਲਸਬ ਲਸਦ ਲਸਚ","83/3608":"ਲਸਫ","1/1191":"ਪਨਡ ਪਨਵ ਪਨਮ ਪਨਘ","13/3608":"ਲਸਨ","3/3608":"ਲਸਵ","1/1694":"ਲਹਕ ਲਹਣ","4/1191":"ਪਨਬ ਪਨਸ","1/130":"ਐਵਲ","5/1804":"ਲਸਲ","8/1191":"ਪਨਪ","1/2382":"ਪਨਨ ਪਨਲ ਪਨਯ ਪਨਹ ਪਨਖ","25/3608":"ਲਸਰ","3/1804":"ਲਸਮ ਲਸਣ","3/794":"ਪਨਰ","19/319":"ਡਸਕ","1/58":"ਈਦਗ ਐਸ਼ਪ","5/3608":"ਲਸਕ","19/1804":"ਲਸਤ","3/902":"ਲਸਟ","31/2382":"ਪਨਗ","5/1291":"ਐਸਏ","1/710":"ਈਨਅ ਈਨਟ ਈਨਦ","2/1291":"ਐਸਈ ਐਸਯ","7/1291":"ਐਸਕ","26/1291":"ਐਸਐ","11/1291":"ਐਸਟ","12/1291":"ਐਸਜ","1/355":"ਈਨਐ ਈਨਬ ਅਕਹ","2/355":"ਈਨਜ","4/1291":"ਐਸਡ ਐਸਸ","1/121":"ਲਹਨ ਊਰਬ ਤਜ਼ਤ","23/58":"ਐਸ਼ਵ","1/847":"ਲਹਰ","104/319":"ਡਸਟ","8/1291":"ਐਸਆ","15/3608":"ਲਸਫ਼","1/91":"ਪਬਨ ਮਬਨ","5/23":"ਐਹਮ ਸ਼ਖ਼ਸ਼","1/182":"ਪਬਰ","1/161":"ਈਪਏ ਈਪਤ ਈਪਫ ਈਪਲ ਊਜ਼ਕ ਊਜ਼ਨ","83/91":"ਪਬਲ","9/710":"ਈਨਜ਼","3/1291":"ਐਸਮ","20/1291":"ਐਸਬ","17/1291":"ਐਸਪ","12/355":"ਈਨਮ","1/1291":"ਐਸਵ","44/355":"ਈਨਲ","8/355":"ਈਨਰ","31/183":"ਈਫਲ","2/183":"ਈਫਰ","5/213":"ਪਮਹ","1/183":"ਈਫਸ","1/14419":"ਪਰਅ ਪਰਰ","12/161":"ਈਪਰ ਊਜ਼ਰ","3/161":"ਈਪਸ ਊਜ਼ਮ","1/213":"ਪਮਣ ਪਮਫ਼","4/183":"ਈਫਟ","28/14419":"ਪਰਭ","36/14419":"ਪਰਬ","29/14419":"ਪਰਫ","19/14419":"ਪਰਪ","70/14419":"ਪਰਨ","15/14419":"ਪਰਧ ਪਰਣ","331/14419":"ਪਰਦ","373/14419":"ਪਰਵ","102/14419":"ਪਰਲ","2/14419":"ਪਰਯ ਪਰਜ਼","392/14419":"ਪਰਮ","45/269":"ਈਮਜ","27/14419":"ਪਰਹ","156/14419":"ਪਰਸ","20/14419":"ਪਰਸ਼ ਪਰਉ","381/14419":"ਪਰਕ","39/74":"ਈਬਰ","33/14419":"ਪਰਜ","22/14419":"ਪਰਛ","279/14419":"ਪਰਚ","26/14419":"ਪਰਗ","108/14419":"ਪਰਖ","4/14419":"ਪਰਥ","268/14419":"ਪਰਤ","40/14419":"ਪਰਡ","38/14419":"ਪਰਟ","1/1253":"ਪਲਮ","5/2506":"ਪਲਭ","48/1253":"ਪਲਬ","1/2506":"ਪਲਪ ਪਲਹ ਪਲਗ ਪਲਣ ਪਲਡ ਪਲੜ","11/47":"ਈਰਖ","15/2506":"ਪਲਵ","5/1253":"ਪਲਰ","1/84":"ਢਣਗ ਓਗਨ","21/269":"ਈਮਜ਼","37/2506":"ਪਲਸ","7/269":"ਈਮਨ","4/269":"ਈਮਲ ਈਮਸ","9/2506":"ਪਲਕ","12/269":"ਈਮਰ","107/2506":"ਪਲਟ","2/179":"ਪਲਜ","4/1253":"ਪਲਦ","14/251":"ਈਲਡ","3/251":"ਈਲਟ","13/170":"ਪਵਨ","2/63":"ਢਣਸ ਸ਼ਦਦ","1/179":"ਪਲਜ਼","1/680":"ਪਵਈ","3/307":"ਪਸ਼ਬ ਪਸ਼ਤ ਲਜ਼ਬ","73/210":"ਫਗਵ","1/481":"ਉਕਣ ਉਕਟ ਉਕਸ਼","392/481":"ਉਕਤ","3/502":"ਈਲਮ","3/4":"ਫਖਰ ਬਲ਼ਦ ਉਜ਼ਰ ਮਉਮ ਦਇਆ ਕਇਮ","3/680":"ਪਵਰ","2/251":"ਈਲਸ","1/307":"ਪਸ਼ਚ ਲਜ਼ਦ","10/581":"ਚਕਨ ਚਕਮ","1/581":"ਚਕਦ ਚਕਤ ਚਕਣ","1/70":"ਫਗਣ ਜਨਸ ਮਸਨ","8/581":"ਚਕਲ","2/83":"ਚਕਰ","114/307":"ਪਸ਼ਟ","3/581":"ਚਕਸ","44/307":"ਪਸ਼ਨ","1/1867":"ਪਸਵ ਪਸਲ ਪਸਮ ਪਸਕ ਪਸਚ ਪਸਥ ਪਸਫ ਪਸਪ ਪਸਨ","33/1867":"ਪਸਰ","68/263":"ਈਵਰ","3/526":"ਈਵਮ ਈਵਜ","2/481":"ਉਕਲ","8/481":"ਉਕਰ","36/481":"ਉਕਸ","16/1867":"ਪਸਤ","3/5":"ਣਉਚ ਛਟਪ ਮਐਸ ਕਊਮ ਅਇਆ","4/1867":"ਪਸਟ","1/158":"ਉਗੜ ਈਸਨ ਈਸਜ਼","41/316":"ਈਸਟ","1/316":"ਈਸਜ ਈਸਲ ਈਸਸ","19/41":"ਈਸ਼ਵ","7/158":"ਉਗਲ","7/41":"ਈਸ਼ਰ","10/7263":"ਪਹਲ","46/79":"ਉਗਰ","5/158":"ਉਗਮ","2/7263":"ਪਹਰ","1/7263":"ਪਹਸ","1/462":"ਉਚਵ ਉਚਜ","11/158":"ਈਸਵ","3/316":"ਈਸਰ","15/41":"ਉਘੜ","4/231":"ਉਚਤ","1/154":"ਉਚਰ ਓਪਹ ਓਪਟ","32/109":"ਫ਼ਤਰ","1/156":"ਫਟਸ","33/329":"ਘੜਨ","2/311":"ਉਜਵ","18/329":"ਘੜਦ","29/156":"ਫਟਵ","7/545":"ਫ਼ਤਵ","11/329":"ਘੜਤ","4/329":"ਘੜਮ ਘੜਕ","46/329":"ਘੜਵ","5/299":"ਇਜ਼ਤ","3/34":"ਚਟਕ","30/299":"ਇਜ਼ਰ","1/545":"ਫ਼ਤਹ ਫ਼ਤਗ ਸ਼ਲਪ ਸ਼ਲਮ ਸ਼ਲਕ","7/8":"ਇਖ਼ਲ","3/104":"ਫਟਕ ਕਠਨ","5/34":"ਉਛਲ ਔਕਲ","1/311":"ਉਜਡ","19/312":"ਫਟਣ","1/312":"ਫਟਨ ਫਟਦ ਫਟਬ","2/545":"ਫ਼ਤਖ","6/329":"ਘੜਣ","5/311":"ਉਜਲ","38/311":"ਉਜਰ","1/93":"ਉਟਣ ਉਟਕ ਉਟਸ ਉਟਹ ਕਚਘ","2/93":"ਉਟਫ","2/455":"ਉਠਕ ਧਕਲ","4/93":"ਉਟਲ","31/299":"ਇਜ਼ਹ","20/311":"ਉਜੜ","1/232":"ਢਲਵ ਓਨਵ ਓਨਗ","1/1477":"ਫਤਨ ਫਤਮ","7/337":"ਉਡਦ","11/778":"ਚਣਗ","1/389":"ਚਣਕ","9/337":"ਉਡਣ","311/1477":"ਫਤਰ","20/1477":"ਫਤਵ","2/1477":"ਫਤਲ ਫਤਖ","33/455":"ਉਠਦ","6/455":"ਉਠਣ","7/232":"ਢਲਦ","1/116":"ਢਲਣ ਓਨਟ","1/455":"ਉਠਨ ਸ਼ਵਕ ਸ਼ਵਮ ਸ਼ਵਸ ਧਕਰ ਧਕਤ ਧਕਦ","1/1811":"ਣਕਹ ਣਕਦ ਣਕਥ ਣਕਪ","7/137":"ਚਤਰ","16/137":"ਚਤਮ","1/4140":"ਉਣਦ","1/2070":"ਉਣਤ","1/418":"ਬਈਆ","1/8280":"ਉਣਣ ਉਣਆ","1/1380":"ਉਣਯ ਣਤਮ","1/772":"ਉਤਕ","1/778":"ਚਣਯ","38/1477":"ਫਤਹ","2/1811":"ਣਕਤ","3/778":"ਚਣਹ","7/1811":"ਣਕਰ","77/4140":"ਉਣਗ","2/113":"ਫਨਤ ਓਲਪ","23/2018":"ਣਗਹ","23/822":"ਉਥਲ","1/1591":"ਉਦਏ ਉਦਗ ਉਦਪ ਉਦਦ ਉਦਸ","1/113":"ਫਨਮ ਫਨਵ ਸਚਖ","126/1591":"ਉਦਘ","35/193":"ਉਤਪ","3/772":"ਉਤਨ","1/1544":"ਉਤਦ","11/772":"ਉਤਲ","133/772":"ਉਤਰ","3/386":"ਉਤਮ","1/428":"ਚਦਪ","69/772":"ਉਤਸ","77/772":"ਉਤਸ਼","1/1644":"ਚਨਹ","2/9139":"ਉਨਕ ਉਨਮ ਉਨਸ਼","55/81":"ਉਧਰ","4/81":"ਉਧਮ","18/19":"ਫਪਸ","17/1644":"ਚਨਚ","3/1009":"ਣਗੜ","1/822":"ਚਨਡ","151/1591":"ਉਦਯ","3/1591":"ਉਦਰ","23/1591":"ਉਦਮ","53/1644":"ਚਨਬ","2/1591":"ਉਦਹ","125/307":"ਲਜ਼ਮ","2/155":"ਚਪਲ ਚਪਟ","3/1117":"ਲੜਖ","3/190":"ਫ਼ਰਸ਼","997/2234":"ਲੜਕ","5/1198":"ਉਪਗ","16/599":"ਉਪਕ","175/2234":"ਲੜਨ","30/1117":"ਲੜਦ","139/2396":"ਉਪਜ","5/1117":"ਲੜਣ ਲੜਬ","1/1198":"ਉਪਚ","1/9139":"ਉਨਦ ਉਨਟ ਉਨਵ ਉਨੳ","3/380":"ਫ਼ਰਜ ਫ਼ਰਨ","10/9139":"ਉਨਤ","5/38":"ਫ਼ਰਕ","1/155":"ਚਪਣ","7/380":"ਫ਼ਰਮ","1/1117":"ਲੜਈ","23/380":"ਫ਼ਰਤ","3/9139":"ਉਨਹ","4/9139":"ਉਨਸ","23/31":"ਚਪਨ","19/150":"ਫ਼ਲਸ","3/56":"ਲਫ਼ਜ ਊਜਰ","17/2396":"ਉਪਨ","11/95":"ਫ਼ਰਜ਼","1/50":"ਫ਼ਲਟ ਕਕਰ ਰਈਏ","13/599":"ਉਪਦ","51/2396":"ਉਪਯ","1375/2396":"ਉਪਰ","15/599":"ਉਪਭ","2/599":"ਉਪਮ","7/155":"ਚਪੜ","3/2396":"ਉਪਬ","1/2396":"ਉਪਸ","3/1198":"ਉਪਵ","247/2396":"ਉਪਲ","17/75":"ਫ਼ਲਤ","1/599":"ਉਪਹ","3/2144":"ਫਰਬ ਫਰਪ ਜਰਜ","1/2144":"ਫਰਫ ਫਰਲ ਫਰੲ ਜਰਕ ਜਰਡ ਜਰਪ ਜਰਥ ਜਰਲ","47/2144":"ਫਰਨ","9/2144":"ਫਰਦ ਜਰਦ","23/56":"ਲਫ਼ਜ਼","105/311":"ਉਭਰ","17/536":"ਫਰਮ","1/536":"ਫਰਹ ਜਰਅ","1/134":"ਫਰਸ","7/1072":"ਫਰਸ਼","181/2144":"ਫਰਵ","1/409":"ਚਰਕ ਚਰਵ","2/1237":"ਉਮਡ ਉਮਸ","2/89":"ਉਬੜ","13/114":"ਚਮਚ","113/456":"ਚਮਕ","14/89":"ਉਬਲ","12/89":"ਉਬਰ","61/2144":"ਫਰਜ","1/1072":"ਫਰਖ ਫਰਡ ਜਰਗ ਜਰਖ ਜਰਜ਼","23/228":"ਚਮਤ","167/2144":"ਫਰਕ","41/1072":"ਫਰਤ","1/228":"ਚਮਲ","7/2144":"ਫਰਟ","1/1140":"ਫਲਮ ਫਲਫ ਫਲਨ ਫਲਵ ਫਲਦ ਫਲਟ ਫਲਜ਼","11/409":"ਚਰਸ","1/570":"ਫਲਰ","11/1237":"ਉਮੜ","2/233":"ਉਰਜ ਉਰਮ ਉਰਸ ਬਟਸ","1/2442":"ਚਲਉ ਚਲਰ ਚਲਗ਼","121/1140":"ਫਲਸ","65/233":"ਉਰਦ","3/814":"ਚਲਕ","6/233":"ਉਰਟ","11/1636":"ਚਰਜ","693/1636":"ਚਰਚ","9/1636":"ਚਰਖ ਚਰਤ","9/818":"ਚਰਣ ਚਰਬ","5/818":"ਚਰਡ","610/1237":"ਉਮਰ","93/2144":"ਫਰਜ਼","1/818":"ਚਰਪ","209/1636":"ਚਰਨ","23/818":"ਚਰਦ","167/1140":"ਫਲਤ","19/1636":"ਚਰਲ","5/1636":"ਚਰਰ","1/1636":"ਚਰਯ","2/409":"ਚਰਮ","9/1739":"ਬਕਰ","1/1739":"ਬਕਬ ਬਕਤ","10/1739":"ਬਕਸ","9/230":"ਣਤਰ","3/731":"ਉਲਘ","1/731":"ਉਲਕ ਉਲਦ ਉਲਸ਼ ਤਵਸ਼","13/1739":"ਬਕਵ","329/731":"ਉਲਟ","24/233":"ਉਰਫ਼","78/731":"ਉਲਝ","12/41":"ਵਈਆ","7/731":"ਉਲਥ","6/41":"ਵਈਏ","7/227":"ਬਖਤ","1/404":"ਫ਼ਸਣ ਫ਼ਸਦ ਫ਼ਸਟ","77/233":"ਉਰਫ","17/1636":"ਚਰਜ਼","1/233":"ਉਰਪ ਉਰਲ ਬਟਣ ਬਟਰ","155/1221":"ਚਲਦ","4/407":"ਚਲਤ","11/222":"ਚਲਣ","59/404":"ਫ਼ਸਲ","5/1221":"ਚਲਨ","1/202":"ਫ਼ਸਪ ਮਕਣ","7/2442":"ਚਲਵ","305/404":"ਫ਼ਸਰ","13/332":"ਬਗਲ","1/682":"ਣਦਣ","4/21":"ਵਉਦ","2/731":"ਉਲਰ","12/731":"ਉਲਸ","62/227":"ਬਖਸ","3/44":"ਛਕਦ","91/227":"ਬਖਸ਼","9/44":"ਛਕਣ","5/83":"ਬਗਦ","5/1188":"ਬਚਕ","1/40":"ਉਵਰ ਵਦਨ ਫਜ਼ਦ","239/969":"ਫਸਲ","349/969":"ਫਸਰ","1/900":"ਣਨਦ ਣਨਮ ਣਨਸ਼","7/300":"ਣਨਯ","1/1188":"ਬਚਗ","19/1188":"ਬਚਤ","35/396":"ਬਚਣ","115/1188":"ਬਚਪ","13/198":"ਬਚਨ","8/297":"ਬਚਦ","7/969":"ਫਸਤ","10/969":"ਫਸਣ","16/969":"ਫਸਟ","11/450":"ਣਨਗ","29/969":"ਫਸਪ","5/969":"ਫਸਦ","5/12078":"ਉਸਕ","1/12078":"ਉਸਏ","155/1101":"ਬਜਟ","283/2013":"ਉਸਦ","49/6039":"ਉਸਤ","1/1342":"ਉਸਮ","1/367":"ਬਜਬ","1/6039":"ਉਸਪ ਉਸਵ","563/6039":"ਉਸਨ","1/594":"ਬਚਰ","94/105":"ਚਸਪ","35/64":"ਣਪਛ","3/2222":"ਪੜਕ","9/13400":"ਉਹਲ","1/13400":"ਉਹਹ ਉਹਤ ਉਹਣ","29/1111":"ਪੜਚ","36/1111":"ਪੜਨ","2/97":"ਣਮਈ","1/2222":"ਪੜਪ ਪੜਆ ਪੜਵ","1/1101":"ਬਜਵ ਬਜਲ","1/4026":"ਉਸਲ","31/12078":"ਉਸਰ","16/367":"ਬਜਰ","421/13400":"ਉਹਦ","3/32":"ਣਪੜ","999/3350":"ਉਹਨ","19/233":"ਬਟਵ","2/55":"ਈਜ਼ਡ","1/97":"ਣਮਹ","1/110":"ਈਜ਼ਨ ਈਜ਼ਮ ਈਜ਼ਜ਼ ਛਤਛ ਕਜਬ ਕਜਪ ਕਜਨ","1/435":"ਬਠਲ ਬਤਹ ਣਵਈ","22/233":"ਬਟਨ","3/233":"ਬਟਲ","51/97":"ਣਮਨ","3/62":"ਬਡਵ ਭਕਣ","1/7627":"ਬਣਆ ਬਣਇ ਬਣਗ ਬਣਜ਼","1/262":"ਊਟਫ ਊਟਪ","3/524":"ਊਟਨ","3/7627":"ਬਣਉ","77/7627":"ਬਣਕ","7/524":"ਊਟਲ","85/262":"ਊਟਰ","262/819":"ਵਕਤ","5/198":"ਛਣਕ","1/870":"ਬਤਬ ਬਤਗ","1/819":"ਵਕਲ","1/290":"ਬਤਲ","11/870":"ਬਤਰ","25/69":"ਊਡਰ","2/7627":"ਬਣਜ","11/524":"ਊਟਸ","796/7627":"ਬਣਦ","53/7627":"ਬਣਤ","476/7627":"ਬਣਨ","54/7627":"ਬਣਵ","1/145":"ਬਤਕ","106/4753":"ਤਕਸ","21/55":"ਛਤਰ","3/98":"ਵਗਨ","60/4753":"ਤਕਸ਼","2/4753":"ਤਕਵ ਤਕਕ","31/196":"ਵਗਦ","13/3401":"ਬਦਜ","9/196":"ਵਗਣ","68/4753":"ਤਕਲ","4/3401":"ਬਦਚ ਬਦਅ ਬਦਖ","106/3401":"ਬਦਨ","2/3401":"ਬਦਦ","1/3401":"ਬਦਥ ਬਦਫ ਬਦਸ਼","7/19":"ਭਈਆ","34/3401":"ਬਦਤ","11/3401":"ਬਦਰ","10/19":"ਭਈਏ","33/3401":"ਬਦਮ","2/435":"ਣਵਤ","53/3401":"ਬਦਬ","164/257":"ਤਖਤ","1/196":"ਵਗਲ਼","23/3401":"ਬਦਹ","21/3401":"ਬਦਸ","7/22":"ਓਕਟ","4/259":"ਬਧਕ","1297/3401":"ਬਦਲ","82/121":"ਵਖਰ","1/198":"ਛਣਵ","6/3401":"ਬਦਇ","332/4753":"ਤਕਨ","17/4753":"ਤਕਦ","1/4753":"ਤਕਥ ਤਕਮ ਤਕਬ ਤਕਗ਼","6/4753":"ਤਕਤ","489/4753":"ਤਕਰ","5/819":"ਵਕੜ","41/3401":"ਬਦਕ","11/137":"ਬਨਣ","1/685":"ਬਨਟ ਬਨਜ ਬਨਤ ਬਨਲ ਬਨਬ ਬਨਕ","5/3401":"ਬਦਜ਼","3/11":"ਤਘਣ","3/685":"ਬਨਰ","7/11":"ਤਘਰ ਖ਼ਬਰ","11/685":"ਬਨਸ","6/685":"ਬਨਵ","1/259":"ਬਧਨ","72/4753":"ਤਕੜ","20/259":"ਬਧਤ","2/259":"ਬਧਣ","144/209":"ਤਗਰ","18/209":"ਤਗਮ","4/13":"ਬਪਤ","27/31":"ਊਧਮ","3/2873":"ਵਜਦ","1/2873":"ਵਜਣ ਵਜਪ ਵਜਵ ਵਜਲ","10/13":"ਤਚਰ ਬਖ਼ਸ਼","114/157":"ਵਚਨ","14/157":"ਵਚਰ","13/209":"ਤਗੜ","31/388":"ਛਪਵ","1/388":"ਛਪਰ","1/374":"ਤਜਨ ਤਜਜ਼","32/187":"ਤਜਵ","173/374":"ਤਜਰ","2/741":"ਊਨਤ ਊਨਟ ਊਨਫ ਊਨਸ਼","43/2873":"ਵਜਨ","41/388":"ਛਪਦ","61/741":"ਊਨਲ","23/388":"ਛਪਣ","1/247":"ਊਨਰ","7/2873":"ਵਜਹ","4/741":"ਊਨਸ","1/381":"ਵਟਮ ਵਟਕ ਓਵਲ","20/127":"ਵਟਸ","2/381":"ਵਟਖ ਵਟਣ ਓਵਨ","4/381":"ਵਟਦ","5/592":"ਬਰਫ","1/2368":"ਬਰਪ ਬਰਰ ਬਰਵ","1/24":"ਊਮਈ ਤਯਪ","47/2368":"ਬਰਨ","1/7104":"ਬਰਧ ਬਰਯ ਬਰਜ਼","14/173":"ਵਡਮ","295/7104":"ਬਰਦ","1/888":"ਬਰਥ ਬਰਸ਼","7/192":"ਬਰਤ","3/592":"ਬਰਲ","19/1776":"ਬਰਮ","103/7104":"ਬਰਬ","6/47":"ਓਟਣ ਬਸ਼ਰ","1/1184":"ਬਰਹ","29/1184":"ਬਰਸ","1/254":"ਛਮਕ","1/1776":"ਬਰਛ","49/7104":"ਬਰਗ","42/139":"ਊਬਵ","15/2368":"ਬਰਖ","2/139":"ਊਬਲ ਸ਼ਣਬ ਝਗਡ","89/7104":"ਬਰਕ","19/254":"ਛਮਣ","17/7104":"ਬਰਡ","1/148":"ਬਰਟ","11/3552":"ਬਰਜ","1/115":"ਵਣਵ ਵਣਮ ਵਣਗ ਵਣਖ ਵਣਨ","5/1833":"ਬਲਭ","17/908":"ਵਤਖ","34/1833":"ਬਲਬ","1/1222":"ਬਲਪ ਬਲਣ","1/3666":"ਬਲਨ ਬਲਧ ਬਲਮ ਬਲਹ ਬਲਖ ਬਲਟ","121/3666":"ਬਲਦ","53/1222":"ਬਲਵ","23/3666":"ਬਲਰ ਬਲਯ","1/908":"ਵਤਗ ਵਤਮ ਵਤਖ਼ ਵਤਰ ਵਤਸ","153/242":"ਊਰਜ","1/472":"ਤਣਕ","1/611":"ਬਲਸ","2/1247":"ਛਲਖ ਛਲਝ ਛਲਣ ਛਲਮ","12/1247":"ਛਲਕ","25/454":"ਵਤਨ","1/236":"ਤਣਗ ਤਣਦ","7/242":"ਊਰਟ ਊਰਸ","87/1222":"ਬਲਕ","17/115":"ਵਣਜ","3/47":"ਓਟਸ ਰਆਤ ਰਆਲ","80/1833":"ਬਲਜ","5/7104":"ਬਰਖ਼","1/1833":"ਬਲਗ ਦਸਹ ਦਸਨ ਦਸਪ ਦਸਖ਼","41/3666":"ਬਲਤ","5/3666":"ਬਲਡ","5/3552":"ਬਰਫ਼","1/3552":"ਬਰੜ","17/62":"ਭਕਨ","25/231":"ਤਤਪ","1/242":"ਊਰਜ਼ ਊਰਫ ਊਰਦ ਊਰਲ","13/55":"ਭਖਦ","3/55":"ਭਖਣ","4/55":"ਊਲਡ","5/16":"ਓਡਵ ਵਫ਼ਦ","1/1247":"ਛਲਛ ਛਲਦ ਛਲਨ ਛਲਵ","2/121":"ਊਰਮ ਤਜ਼ਵ","3/472":"ਤਣਵ","3/1222":"ਬਲਜ਼","1/449":"ਤਦਨ","1/2146":"ਵਨਗ","8/3077":"ਵਧਵ","2/1073":"ਵਨਕ","19/1073":"ਵਨਡ","183/1358":"ਭਗਵ","3/2146":"ਵਨਜ","31/2146":"ਵਨਪ","50/87":"ਜਖਮ","9/2146":"ਵਨਦ","1/1073":"ਵਨਤ ਵਨਭ ਵਨਜ਼","1/1236":"ਬਸਈ ਬਸਬ ਬਸਫ","10/3077":"ਵਧਕ","12/797":"ਜਕਦ","6/55":"ਭਖਵ","23/797":"ਜਕਤ","7/55":"ਊਲਰ","22/797":"ਜਕਰ","209/3077":"ਵਧਦ","173/3077":"ਵਧਣ","3/1358":"ਭਗਦ","366/679":"ਭਗਤ","3/22":"ਓਤਪ","62/797":"ਜਕਲ","7/2321":"ਤਨਪ ਤਨਜ਼","9/412":"ਬਸਰ","5/2321":"ਤਨਧ","1/618":"ਬਸਮ ਬਸਸ ਬਸਡ ਬਸਨ","28/2321":"ਤਨਦ","51/2321":"ਤਨਤ","1/2321":"ਤਨਯ","8/2321":"ਤਨਮ","1/1429":"ਬਹਤ","12/2321":"ਤਨਸ","3/788":"ਵਪਨ","25/2321":"ਤਨਸ਼","3/2321":"ਤਨਵ ਤਨਗ","45/59":"ਊਸ਼ਨ","4/33":"ਫ਼ਜ਼ਦ","5/1073":"ਵਨਸ","5/2146":"ਵਨਸ਼","82/797":"ਜਕੜ","7/2146":"ਵਨਵ","81/1333":"ਜਗਜ","1/1333":"ਜਗਪ","9/1333":"ਜਗਨ","198/1333":"ਜਗਤ","2/1333":"ਜਗਣ ਜਗੜ","56/1333":"ਜਗਰ","85/1333":"ਜਗਮ","258/2321":"ਤਨਖ","24/1333":"ਜਗਬ","2/2321":"ਤਨਕ","3/1333":"ਜਗਹ","5/412":"ਬਸਪ","13/1333":"ਜਗਸ","8/1333":"ਜਗਵ","6/2321":"ਤਨਜ","425/1236":"ਬਸਤ","2/21":"ਜਚਣ ਜਚਵ","5/643":"ਤਪਨ","8/643":"ਤਪਦ","1/219":"ਭਜਜ ਭਜਦ ਭਜਪ","2/643":"ਤਪਲ ਤਪਸ਼ ਤਪਣ","28/643":"ਤਪਰ ਤਪਸ","1/643":"ਤਪਹ","155/219":"ਭਜਨ","1/4287":"ਬਹਲ","11/4287":"ਬਹਰ","27/2321":"ਤਨਖ਼","7/36":"ਵਫਦ","19/643":"ਤਪਤ","3/232":"ਓਨਲ","11/617":"ਫੜਕ","7/40":"ਫਜ਼ਲ","3/115":"ਜਜਮ","4/115":"ਜਜਬ","3/1007":"ਤਬਲ ਤਬਸ ਤਬਧ","20/1007":"ਤਬਰ","66/617":"ਫੜਨ","22/617":"ਫੜਦ","5/281":"ਤਮਈ","5/94":"ਊਸਰ","160/1007":"ਤਬਕ","29/77":"ਓਪਨ","377/1007":"ਤਬਦ","67/154":"ਓਪਰ","1/2529":"ਤਮਰ ਤਮਯ ਤਮਪ ਤਮਲ","5/616":"ਚੜਨ ਚੜਖ਼","49/8164":"ਵਰਡ","3/308":"ਚੜਦ","4/2041":"ਵਰਟ","1/616":"ਚੜਤ","2/2529":"ਤਮਬ","1/308":"ਚੜਣ ਚੜਕ ਓਹਰ","41/8164":"ਵਰਜ","5/4082":"ਵਰਪ","7/843":"ਤਮਹ","2/281":"ਤਮਸ","259/8164":"ਵਰਨ","15/4082":"ਵਰਧ","37/2529":"ਤਮਵ","55/4082":"ਵਰਦ","3/8164":"ਵਰਥ ਵਰਬ ਵਰਸ਼ ਵਰਆ","1969/8164":"ਵਰਤ","57/2041":"ਵਰਣ","25/2041":"ਵਰਲ","1/8164":"ਵਰਰ ਵਰਯ ਵਰਉ ਵਰੲ ਵਰਗ਼","75/8164":"ਵਰਮ","1/4082":"ਵਰਫ","1/2041":"ਵਰਹ","261/4082":"ਵਰਸ","3/4082":"ਵਰਵ","19/18380":"ਤਰਆ","1/18380":"ਤਰਅ ਤਰਭ ਤਰਡ","3/617":"ਫੜਵ","106/119":"ਭਟਕ","17/2529":"ਤਮਘ","44/2529":"ਤਮਗ","106/843":"ਤਮਕ","3/616":"ਚੜਖ","1/281":"ਤਮਜ","1/843":"ਤਮਚ ਤਮਗ਼","11/4082":"ਵਰਚ","2/843":"ਤਮਨ","3/119":"ਭਟਰ","5/843":"ਤਮਦ","849/4082":"ਵਰਗ","6/2041":"ਵਰਖ","7/2529":"ਤਮਤ","289/4082":"ਵਰਕ","1/3636":"ਵਲਤ ਵਲਣ ਵਲਲ ਵਲਮ ਵਲਸ਼","9/1838":"ਤਰਲ","1/68":"ਉੜਸ ਉੜਕ ਜਤਲ","25/3676":"ਤਰਰ","5/1818":"ਵਲਟ ਵਲਗ","29/18380":"ਤਰਮ","3/4595":"ਤਰਬ","11/2041":"ਵਰਜ਼","9/9190":"ਤਰਹ","7/1212":"ਵਲਪ","117/18380":"ਤਰਸ","1/9190":"ਤਰਸ਼ ਤਰਫ਼","1/909":"ਵਲਦ ਵਲਰ","27/18380":"ਤਰਵ","1/606":"ਵਲਵ","1/3676":"ਤਰਛ","2/65":"ਓਮਪ","1/278":"ਜਟਰ","23/18380":"ਤਰਗ","3/9190":"ਤਰਖ","291/4595":"ਤਰਕ","7/4595":"ਤਰਣ","3/68":"ਉੜਤ ਉੜਮ","101/9190":"ਤਰਜ","19/3636":"ਵਲਜ","37/9190":"ਤਰਫ","21/18380":"ਤਰਪ","41/1838":"ਤਰਨ","1/1838":"ਤਰਧ","41/9190":"ਤਰਦ","13/18380":"ਤਰਥ","1/1818":"ਵਲਖ","13/1212":"ਵਲਕ","173/18380":"ਤਰਤ","6/1397":"ਸ਼ਕਦ","454/2581":"ਤਲਵ","321/1397":"ਸ਼ਕਤ","2/769":"ਜਣਕ ਜਣਨ ਜਣਸ","1/2581":"ਤਲਹ ਤਲਗ ਤਲਦ","1/1397":"ਸ਼ਕਪ ਸ਼ਕਕ ਸ਼ਕਜ","36/1397":"ਸ਼ਕਸ਼","194/1397":"ਸ਼ਕਲ","34/1397":"ਸ਼ਕਰ","9/769":"ਜਣਗ","1/769":"ਜਣਤ","5/12":"ਮਅਰ","8/113":"ਓਲਗ ਸਚਮ","2/2581":"ਤਲਕ ਤਲਤ ਤਲਣ ਤਲਨ ਤਲਖ਼","1/108":"ਓਰਡ ਓਰਮ","4/27":"ਓਰਬ","19/9190":"ਤਰਜ਼","20/2581":"ਤਲਖ","307/2581":"ਤਲਬ","34/53":"ਸ਼ਗਨ","1/170":"ਜਤਪ","31/340":"ਜਤਨ","3/340":"ਜਤਵ","3/514":"ਮਈਆ","1/2193":"ਤਵਜ ਤਵਯ ਤਵਭ ਤਵਬ ਤਵਹ","2/2193":"ਤਵਨ","1/514":"ਮਈਐ ਮਈਨ","9/53":"ਸ਼ਗਵ","4/2193":"ਤਵਤ","15/731":"ਤਵਰ","319/2193":"ਤਵਪ","5/113":"ਓਲਡ","4/113":"ਓਲਟ","7/2581":"ਤਲੜ","1/120":"ਭਦਆ","3/7":"ਮਇਅ","10/101":"ਸ਼ਖਬ","1/535":"ਥਕਦ ਜਹਤ ਜਹਬ","7/101":"ਸ਼ਖਸ਼","31/535":"ਥਕਤ","7/769":"ਜਣਹ","80/101":"ਸ਼ਖਸ","1/4451":"ਜਦਰ ਜਦਲ ਜਦੜ","51/1664":"ਵਸਨ","79/1664":"ਵਸਦ","339/1664":"ਵਸਥ","1/208":"ਵਸਲ","109/381":"ਓਵਰ","3/208":"ਵਸਰ","1/1664":"ਵਸਫ ਵਸਵ ਵਸਚ ਵਸਟ","19/34":"ਔਕੜ","1/5040":"ਜਨਅ ਜਨਚ ਜਨਥ","7/2193":"ਤਵਵ","18/4451":"ਜਦਗ","7/535":"ਥਕੜ","366/4451":"ਜਦਕ","13/246":"ਤਸ਼ਦ","9/1664":"ਵਸਕ","5/6":"ਥਗਤ","1/23":"ਭਪਤ ਸ਼ਖ਼ਬ","1/360":"ਜਨਲ ਜਨਨ","37/630":"ਜਨਰ","257/2520":"ਜਨਮ","217/627":"ਤਸਵ","1/1175":"ਤਹਕ ਤਹਰ ਤਹਵ","1/720":"ਜਨਬ","1/1008":"ਜਨਹ","1/1171":"ਜਪਅ ਜਪਲ ਜਪਜ ਜਪਥ ਜਪਦ ਜਪੜ","3/1171":"ਜਪਈ","1/96":"ਸ਼ਚਨ ਸ਼ਚਰ ਥਲਸ","7/171":"ਤਸਕ","7/96":"ਸ਼ਚਤ","11/2520":"ਜਨਗ","131/5040":"ਜਨਕ","11/5040":"ਜਨਣ ਜਨਜ","2/627":"ਤਸਨ","14/627":"ਤਸਦ","664/1881":"ਤਸਰ","2/1881":"ਤਸਮ","1/1881":"ਤਸਭ ਤਸਫ਼","179/840":"ਜਨਤ","61/308":"ਓਹਨ","37/308":"ਓਹਦ","25/308":"ਓਹਲ","2/1171":"ਜਪਕ","3/77":"ਓਸਦ","15/1171":"ਜਪਤ","5/1171":"ਜਪਣ","657/1475":"ਸ਼ਟਰ","3/1475":"ਸ਼ਟਮ","1/1475":"ਸ਼ਟਭ ਸ਼ਟਪ ਸ਼ਟਵ ਸ਼ਟਲ ਸ਼ਟਕ ਸ਼ਟਡ","1/1037":"ਜਬਲ ਜਬਜ","415/1037":"ਜਬਰ","3/2537":"ਜਮਈ","3/28":"ਜਭਰ","3/41":"ਸ਼ਠਤ","5/308":"ਓਹੜ","26/1037":"ਜਬਤ","14/1475":"ਸ਼ਟਤ","37/507":"ਭਰਪ","867/2537":"ਜਮਹ","2/2537":"ਜਮਸ ਜਮਣ ਜਮਰ","181/3549":"ਭਰਨ","5/2537":"ਜਮਸ਼ ਜਮਲ ਜਮਘ","152/3549":"ਭਰਦ","89/1183":"ਭਰਤ","1/1183":"ਭਰਣ ਭਰਭ","155/3549":"ਭਰਮ","45/1183":"ਭਰਵ","5/31":"ਜਯਤ","1/2537":"ਜਮਗ ਜਮਤ ਜਮਪ","7/2537":"ਜਮਕ","6/2537":"ਜਮਨ","4/2537":"ਜਮਦ","17/3549":"ਭਰਕ","19/3549":"ਭਰਜ","1/167":"ਸ਼ਤਕ ਭੜਥ","15/1072":"ਜਰਸ","1/448":"ਭਲਦ ਭਲਈ","1/417":"ਸ਼ਣਮ ਸ਼ਣਹ ਸ਼ਣਗ ਸ਼ਣਨ","25/2144":"ਜਰਵ","1/2271":"ਜਲਅ ਜਲਥ ਜਲਟ ਜਲਬ","71/1002":"ਸ਼ਤਗ","2/501":"ਸ਼ਤਤ","20/2271":"ਜਲਈ","11/448":"ਭਲਵ","5/1002":"ਸ਼ਤਪ ਸ਼ਤਜ਼","77/1072":"ਜਰਨ","17/448":"ਭਲਕ","25/1072":"ਜਰਤ","3/448":"ਭਲਣ","179/2144":"ਜਰਮ","95/1072":"ਜਰਬ","2/101":"ਮਕਬ","10/757":"ਜਲਸ","1/1616":"ਮਕਨ","3/808":"ਮਕਸ਼","9/1616":"ਮਕਵ","2/903":"ਭਵਕ ਭਵਸ਼ ਭਵਰ","3/1616":"ਮਕਲ","3/202":"ਮਕਰ","1/903":"ਭਵਜ ਭਵਯ ਭਵਹ","247/1616":"ਮਕਸ","1/712":"ਮਗਈ","15/301":"ਭਵਤ","19/1002":"ਸ਼ਤਵ","4/2271":"ਜਲਜ","47/1002":"ਸ਼ਤਰ","2/2271":"ਜਲਗ ਜਲਤ ਜਲਮ","5/2271":"ਜਲਖ","3/757":"ਜਲਣ","1/501":"ਸ਼ਤਹ","8/2271":"ਜਲਪ ਜਲਨ","404/2271":"ਜਲਦ","17/808":"ਮਕਦ","34/2271":"ਜਲਵ","5/1616":"ਮਕਥ","19/808":"ਮਕਤ","499/712":"ਮਗਰ","1/1269":"ਸ਼ਨਗ ਸ਼ਨਜ ਸ਼ਨਮ","38/3807":"ਸ਼ਨਕ","1/3807":"ਸ਼ਨਡ ਸ਼ਨਚ ਸ਼ਨਦ","11/712":"ਮਗਸ","56/79":"ਦਈਏ","9/356":"ਮਗਲ","1/2644":"ਜਵਰ","149/1269":"ਸ਼ਨਰ","3/2644":"ਜਵਲ","2/3807":"ਸ਼ਨਪ","2/57":"ਮਖਮ","94/903":"ਭਵਨ","1/808":"ਮਕੜ","5/712":"ਮਗਜ","5/903":"ਭਵਸ","5/356":"ਮਗਨ","1/178":"ਮਗਧ","3/712":"ਮਗਤ","26/33":"ਕਅਪ","1/356":"ਮਗਡ ਮਗਜ਼","8/3807":"ਸ਼ਨਜ਼","1/335":"ਥਨਵ","1/2424":"ਕਈਤ ਕਈਏ","1/972":"ਜਸਗ","1/593":"ਮਚਦ","10/3807":"ਸ਼ਨਸ","4/3807":"ਸ਼ਨਸ਼ ਸ਼ਨਵ","206/3807":"ਸ਼ਨਲ","31/92":"ਜਸ਼ਨ","21/356":"ਮਗੜ","41/1212":"ਕਈਆ","2/335":"ਥਨਜ","4/535":"ਜਹਰ","11/12":"ਸ਼ਬਦ","213/1163":"ਮਜਬ","1/1965":"ਮਝਉ","1/588":"ਸ਼ਬਰ ਸ਼ਬਜ਼","7/2326":"ਮਜਨ ਮਜਲ","157/2326":"ਮਜਦ","7/593":"ਮਚਲ","3/593":"ਮਚਰ","85/972":"ਜਸਟ","137/139":"ਝਗੜ","5/972":"ਜਸਜ","29/324":"ਜਸਪ","1/243":"ਜਸਨ ਜਸਰ","7/162":"ਜਸਦ","19/162":"ਜਸਥ","3/26":"ਬਖ਼ਤ","5/243":"ਜਸਮ","10/243":"ਜਸਬ","73/324":"ਜਸਵ","11/523":"ਬਜ਼ਰ","5/347":"ਸ਼ਮਦ","1/965":"ਬੜਜ ਬੜਣ ਬੜਵ ਬੜਹ","113/694":"ਸ਼ਮਣ","33/965":"ਬੜਦ","13/965":"ਬੜਤ","13/694":"ਸ਼ਮਨ","22/347":"ਸ਼ਮਸ਼","1/694":"ਸ਼ਮਲ ਸ਼ਮਸ","2/15":"ਔਫਰ ਝਪਕ ਤੜਪ","11/965":"ਬੜਨ","3/523":"ਬਜ਼ਕ ਬਜ਼ਬ","3/655":"ਮਝਕ","1/2326":"ਮਜਰ ਮਜਹ","1/1163":"ਮਜਮ","11/17":"ਸ਼ਭਗ","347/1965":"ਮਝਦ","356/1965":"ਮਝਣ","4/523":"ਬਜ਼ਟ","5/694":"ਸ਼ਮਈ ਸ਼ਮਕ","2/1965":"ਮਝਬ","4/393":"ਮਝਨ","11/766":"ਸ਼ਰਟ","1/231":"ਛੜਣ","39/766":"ਸ਼ਰਨ","217/1532":"ਸ਼ਰਧ","3/1532":"ਸ਼ਰਦ ਸ਼ਰਬ ਸ਼ਰਜ਼","139/1532":"ਸ਼ਰਤ","3/43":"ਥਮਲ","19/1532":"ਸ਼ਰਣ","503/1532":"ਸ਼ਰਮ","57/61":"ਝਟਕ","2/161":"ਊਜ਼ਪ ਊਜ਼ਲ","9/148":"ਮਟਕ","2/43":"ਥਮਗ","3/148":"ਮਟਣ ਮਟਡ","11/19":"ਸ਼ਯਪ","23/148":"ਮਟਰ","1/244":"ਥਰਲ ਥਰਜ","9/1532":"ਸ਼ਰਫ਼","11/122":"ਥਰਮ","3/488":"ਥਰਬ ਥਰਕ","5/488":"ਥਰਸ ਥਰਥ","1/488":"ਥਰਵ ਥਰਤ","16/545":"ਸ਼ਲਤ","1/962":"ਔਰਗ ਔਰਡ ਔਰਥ ਔਰਵ","2/61":"ਝਟਪ","3/244":"ਥਰਡ","33/1205":"ਮਣਵ","1/431":"ਝਣਕ ਝਣਯ","13/1757":"ਮਤਭ","1/1757":"ਮਤਬ ਮਤਵ","1/3514":"ਮਤਫ","1/502":"ਮਤਪ","9/431":"ਝਣਗ","31/3514":"ਮਤਦ","3/910":"ਸ਼ਵਜ","305/3514":"ਮਤਲ","5/1757":"ਮਤਰ","46/89":"ਔਲਖ","4/1205":"ਮਣਘ","1/1205":"ਮਣਕ ਮਣਪ","1/2410":"ਮਣਤ","5/288":"ਥਲਗ","921/962":"ਔਰਤ","7/1924":"ਔਰਬ","23/1757":"ਮਤਕ","7/1536":"ਦਕਸ਼","1/768":"ਦਕਵ ਦਕਥ ਦਕਬ","3/50":"ਸ਼ਸ਼ਤ","1/1536":"ਦਕਲ","109/1536":"ਦਕਰ","212/899":"ਮਦਦ","25/1536":"ਦਕਸ","1/1798":"ਮਦਯ ਮਦਪ","7/899":"ਮਦਮ","1/100":"ਕਕਕ ਕਕਫ ਕਕਵ","120/899":"ਮਦਨ","1/899":"ਮਦਲ","78/899":"ਮਦਰ","1/910":"ਸ਼ਵਦ ਸ਼ਵਭ ਸ਼ਵਪ ਸ਼ਵਯ","24/455":"ਸ਼ਵਤ","5/3514":"ਮਤਹ","33/910":"ਸ਼ਵਨ","7/768":"ਦਕਦ","8/455":"ਸ਼ਵਵ","5/768":"ਦਕਤ","97/910":"ਸ਼ਵਰ","11/899":"ਮਦਗ","3/1798":"ਮਦਕ ਮਦਹ","1/5123":"ਮਨਡ ਮਨਧ ਮਨਯ ਮਨਬ ਮਨਆ","187/5123":"ਮਨਜ","16/5123":"ਮਨਚ ਮਨਰ ਮਨਹ","3/5123":"ਮਨਨ ਮਨਲ","131/5123":"ਮਨਦ","2/5123":"ਮਨਤ","265/5123":"ਮਨਮ","9/5123":"ਮਨਭ ਮਨਫ","1/1650":"ਸ਼ਹਕ ਸ਼ਹਨ ਸ਼ਹਮ ਸ਼ਹਬ","159/5123":"ਮਨਪ","85/5123":"ਮਨਸ","11/5123":"ਮਨਸ਼","42/5123":"ਮਨਵ","109/212":"ਦਖਲ","7/78":"ਮਧਰ","1/78":"ਮਧਮ","5/1543":"ਦਗਦ","11/1543":"ਦਗਰ","12/5123":"ਮਨਘ","4/5123":"ਮਨਗ","1/1543":"ਦਗਮ","50/5123":"ਮਨਕ","7/5123":"ਮਨਫ਼","1/238":"ਮਪਟ ਮਪਦ ਮਪਯ","89/5123":"ਮਨਜ਼","9/238":"ਮਪਤ","8/119":"ਮਪਲ","5/238":"ਮਪਰ","3/85":"ਔਸਟ","1/825":"ਸ਼ਹਰ","27/1543":"ਦਗੜ","17/116":"ਵਜ਼ਨ","2/129":"ਵੜਕ","83/186":"ਕਚਰ","10/31":"ਕਚਹ","3/23":"ਦਜਨ","4/91":"ਮਬਰ","4/43":"ਵੜਦ","1/129":"ਵੜਣ","2/23":"ਦਜਲ","79/85":"ਔਸਤ","20/23":"ਤਖ਼ਤ","1/85":"ਔਸਮ","19/30":"ਝਪਟ","1/46":"ਤਖ਼ਰ","2/91":"ਮਬਖ","3/103":"ਮਮਦ","70/103":"ਮਮਤ","1/195":"ਤੜਥ ਤੜਨ ਤੜਵ ਤੜਫ਼","3/110":"ਕਜਰ","7/65":"ਤੜਫ","16/129":"ਵੜਨ","16/65":"ਤੜਕ","24/121":"ਤਜ਼ਰ","121/3581":"ਮਰਨ","381/7162":"ਮਰਦ","147/3581":"ਮਰਥ","1/480":"ਖ਼ਤਸ","37/3581":"ਮਰਤ","3/3581":"ਮਰਣ ਮਰਯ","1/3699":"ਕਟਘ ਕਟੜ ਕਟਲ","2/1233":"ਕਟਗ","9/7162":"ਮਰਮ ਮਰਫ ਮਰਗ","107/480":"ਖ਼ਤਮ","17/3699":"ਕਟਕ","1/3581":"ਮਰਬ ਮਰਇ","49/240":"ਖ਼ਤਰ","159/7162":"ਮਰਪ","29/7162":"ਮਰਹ","51/3581":"ਮਰਸ","19/7162":"ਮਰਸ਼","33/7162":"ਮਰਵ","6/3581":"ਮਰਲ","4/3699":"ਕਟਨ ਕਟਬ","2/3699":"ਕਟਦ ਕਟਤ","3/7162":"ਮਰਈ","31/7162":"ਮਰਕ","21/7162":"ਮਰਡ","1/7162":"ਮਰਟ","395/7162":"ਮਰਜ","5/7162":"ਮਰਚ","1/1984":"ਮਲਪ ਮਲਨ","11/2976":"ਮਲਦ","1/5952":"ਮਲਰ ਮਲਯ ਮਲਮ ਮਲਚ ਮਲਖ","7/1984":"ਮਲਬ","13/1984":"ਮਲਹ","13/5952":"ਮਲਸ","13/2976":"ਮਲਵ","2/207":"ਦਣਗ ਦਣਦ","6/19":"ਸਆਈ ਸਆਰ","1622/3699":"ਕਟਰ","7/3699":"ਕਟਮ","5/1233":"ਕਟਹ","20/3699":"ਕਟਸ","19/3699":"ਕਟਵ","103/5952":"ਮਲਕ","1/2976":"ਮਲਣ","5/52":"ਕਠਪ","39/3581":"ਮਰਜ਼","1/192":"ਮਲਜ","2/19":"ਸਆਵ ਖ਼ਸ਼ਣ","67/775":"ਕਣਕ","1/204":"ਯਕਦ ਯਕਤ","1/172":"ਦਤਨ ਦਬਸ","7/408":"ਯਕਯ ਯਕਸ਼","63/775":"ਕਣਗ","1/408":"ਯਕਮ","29/66":"ਕਢਵ","1/344":"ਦਤਵ ਦਤਅ","13/33":"ਸਈਅ","7/86":"ਦਤਰ","9/344":"ਦਤਮ","1/1550":"ਕਣਬ ਕਣਯ","2/7379":"ਕਤਈ ਕਤਸ਼","135/203":"ਝਲਕ","5/66":"ਕਢਣ","1/207":"ਦਣਲ","20/207":"ਦਣਯ","39/203":"ਝਲਦ","49/7379":"ਕਤਵ","851/7379":"ਕਤਲ","75/7379":"ਕਤਰ","1/503":"ਮਸ਼ਨ ਮਸ਼ਸ ਮਸ਼ਦ","1/751":"ਦਦਯ ਦਦਰ","21/503":"ਮਸ਼ਵ","1/7379":"ਕਤਹ ਕਤਕ ਕਤਚ ਕਤਗ ਕਤਦ ਕਤਤ ਕਤਬ ਕਤਪ ਕਤਨ","74/7379":"ਕਤਸ","4/503":"ਮਸ਼ਰ","150/503":"ਮਸ਼ਹ","1/1750":"ਮਸਅ ਮਸਹ ਮਸਲ਼ ਮਸਫ਼","68/445":"ਕਥਨ","1/298":"ਮਵਨ ਮਵਲ","35/503":"ਮਸ਼ਕ","2/775":"ਕਣਸ","29/298":"ਮਵਰ","23/751":"ਦਦਗ","4/751":"ਦਦਖ","5/11":"ਸਈਦ","7/7379":"ਕਤਮ","3/344":"ਦਤਗ਼","27/1750":"ਮਸਰ","2/447":"ਦਨਦ","3/1750":"ਮਸਫ","1/2743":"ਮਹਕ","709/1750":"ਮਸਲ","1/149":"ਦਨਹ","49/894":"ਦਨਸ","1/989":"ਕਨਈ ਕਨਸ਼ ਕਨਚ ਕਨਗ ਕਨਨ ਕਨਲ","59/894":"ਦਨਸ਼","1/5486":"ਮਹਜ ਮਹਰ ਮਹਮ","14/2743":"ਮਹਤ","2/2743":"ਮਹਣ","19/1750":"ਮਸਕ","1/894":"ਦਨਗ","4/875":"ਮਸਟ","33/875":"ਮਸਜ","238/7747":"ਕਦਰ","660/7747":"ਕਦਮ","17/250":"ਮਸਤ","10/989":"ਕਨਸ","98/989":"ਕਨਵ","310/439":"ਦਫਤ","1/439":"ਦਫਡ","4/2743":"ਮਹਲ","3/989":"ਕਨਕ ਕਨਡ","5/989":"ਕਨਟ","2/989":"ਕਨਰ","4/989":"ਕਨਫ","133/167":"ਭੜਕ","5/49":"ਖ਼ਲਅ","25/688":"ਦਬਦ","11/439":"ਦਫੜ","1/688":"ਦਬਸ਼ ਦਬੜ","1/1099":"ਕਬਕ ਕਬਣ ਕਬਲ","26/439":"ਦਫਨ","101/676":"ਕਪਤ","43/153":"ਖ਼ਰਚ","1/153":"ਖ਼ਰਜ","5/338":"ਕਪਟ","5/676":"ਕਪਲ","3/253":"ਜੜਤ","2/253":"ਜੜਣ","2/1099":"ਕਬਹ","8/1025":"ਦਮਪ","4/1099":"ਕਬਸ","1/5866":"ਕਮਈ ਕਮਟ ਕਮਚ ਕਮਯ ਕਮਮ","1/2933":"ਕਮਅ","9/253":"ਜੜਨ","4/1025":"ਦਮਸ ਦਮਗ","1/14280":"ਦਰਈ ਦਰਥ ਦਰਣ","167/14280":"ਦਰਅ","23/338":"ਕਪੜ","219/1099":"ਕਬਜ","52/55":"ਜਜ਼ਬ","6/95":"ਸਐਮ","1/253":"ਜੜਕ","61/95":"ਸਐਪ","43/2050":"ਦਮਦ","64/1099":"ਕਬਰ","1/4760":"ਦਰਯ","227/14280":"ਦਰਮ ਦਰਬ","101/14280":"ਦਰਭ","6/595":"ਦਰਪ","1/3570":"ਦਰਹ","2/43471":"ਕਰਉ ਕਰਅ","631/14280":"ਦਰਸ","1/43471":"ਕਰਈ ਕਰਖ ਕਰਰ ਕਰਹ","163/2856":"ਦਰਸ਼","19/1428":"ਦਰਵ","127/14280":"ਦਰਲ","5/43471":"ਕਰਚ","8/43471":"ਕਰਗ","3504/43471":"ਕਰਕ","202/1099":"ਕਬਜ਼","135/5866":"ਕਮਜ","13/5866":"ਕਮਨ","5/1428":"ਦਰਗ","11/1785":"ਦਰਖ","1/838":"ਕਮਤ","43/14280":"ਦਰਕ","461/5866":"ਕਮਰ","5/5866":"ਕਮਬ","229/2380":"ਦਰਜ","2/2933":"ਕਮਪ","3/5866":"ਕਮਸ","1/1428":"ਦਰਨ","1/7140":"ਦਰਧ","209/7140":"ਦਰਦ","163/4760":"ਦਰਤ","85/2933":"ਕਮਲ","4/1349":"ਸਕਤ","207/5396":"ਸਕਣ","1/10792":"ਸਕਡ ਸਕਈ ਸਕੳ","1/4384":"ਦਲਮ ਦਲਸ ਦਲਚ ਦਲਥ","9/10792":"ਸਕਟ ਸਕਸ","33/4384":"ਦਲਬ","1/6323":"ਕਲਊ ਕਲਜ ਕਲਫ ਕਲਵ","3/4384":"ਦਲਹ ਦਲਪ","1/5396":"ਸਕਪ ਸਕਗ","7/10792":"ਸਕਨ","1/336":"ਰਅਟ ਰਅਲ ਰਅਰ","33/2192":"ਦਲਵ","595/1349":"ਸਕਦ","7/5396":"ਸਕਲ","301/331":"ਯਤਨ","303/10792":"ਸਕਰ","5/336":"ਰਅਧ","47/6323":"ਕਲਚ","18/6323":"ਕਲਗ","13/336":"ਰਅਮ","2/1349":"ਸਕਵ","60/6323":"ਕਲਕ","3/38":"ਖ਼ਸ਼ਦ","7/43471":"ਕਰਟ","121/5866":"ਕਮਜ਼","318/43471":"ਕਰਜ","4/43471":"ਕਰਪ ਕਰਫ਼","1/2380":"ਦਰਖ਼","12067/43471":"ਕਰਨ","6094/43471":"ਕਰਦ","17/4384":"ਦਲਕ","332/43471":"ਕਰਤ","309/43471":"ਕਰਣ","18/43471":"ਕਰਲ","45/1096":"ਦਲਣ","366/43471":"ਕਰਯ","900/43471":"ਕਰਮ","1/595":"ਦਰੜ","12/43471":"ਕਰਬ","19/3570":"ਦਰਜ਼","36/43471":"ਕਰਫ","115/4384":"ਦਲਜ","38/43471":"ਕਰਸ","61/43471":"ਕਰਸ਼","49/2192":"ਦਲਦ","1940/43471":"ਕਰਵ","7/4384":"ਦਲਤ","17/50":"ਰਈਆ","1/999":"ਸਗਨ ਸਗਵ ਸਗਰ","1/1258":"ਦਵਦ","6/629":"ਦਵਤ","2/999":"ਸਗਲ","2/6323":"ਕਲਜ਼ ਕਲਤ","105/6323":"ਕਲਣ","143/219":"ਸਖਤ","15/6323":"ਕਲਟ","33/43471":"ਕਰੜ","186/43471":"ਕਰਜ਼","11/6323":"ਕਲਬ","283/6323":"ਕਲਪ","7/6323":"ਕਲਨ","117/6323":"ਕਲਦ","45/6323":"ਕਲਰ","5/6323":"ਕਲਯ","22/47":"ਰਆਧ","409/6323":"ਕਲਮ","3/6323":"ਕਲਭ ਕਲਹ ਕਲਸ਼","5/9":"ਰਇਕ","22/6323":"ਕਲਸ","3/1258":"ਦਵਈ","17/438":"ਸਖਸ਼","1/1306":"ਕਵਤ ਕਵਡ ਕਵਸ ਕਵਕ","6/7":"ੳਮਪ","4/31":"ਰਉਤ","1/176":"ਦਸ਼ਹ ਦਸ਼ਗ","1/653":"ਕਵਨ ਕਵਲ","307/710":"ਅਕਤ","20/31":"ਰਉਪ","103/1306":"ਕਵਰ","1/1775":"ਅਕਮ","11/1093":"ਕਸ਼ਟ ਕਸ਼ਯ","7/1775":"ਅਕਬ","5/596":"ਖਕਤ","3/176":"ਦਸ਼ਤ","3/88":"ਦਸ਼ਮ","31/333":"ਸਗੜ","3/1306":"ਕਵਚ","43/1106":"ਅਖਵ","58/1833":"ਦਸਵ","17/1833":"ਦਸਲ","3/3550":"ਅਕੜ","2/1925":"ਅਗਜ ਅਗਜ਼","7/689":"ਦਹਜ","25/4949":"ਕਸਚ","8/385":"ਅਗਨ","1/1925":"ਅਗਦ ਅਗੜ","17/23":"ਸ਼ਖ਼ਸ","10/4949":"ਕਸਕ","1/689":"ਦਹਲ ਦਹਸ਼ ਦਹਵ","19/385":"ਅਗਰ","3/4949":"ਕਸਡ","124/4949":"ਕਸਟ","18/1775":"ਅਕਸ਼","279/1093":"ਕਸ਼ਨ","4/339":"ਸਚਨ","3/1093":"ਕਸ਼ਦ ਕਸ਼ਣ","1/3550":"ਅਕਵ","8/339":"ਸਚਦ ਸਚਰ","11/1833":"ਦਸਖ","10/1093":"ਕਸ਼ਤ","43/3550":"ਅਕਲ","5/339":"ਸਚਤ","4/1775":"ਅਕਰ","1/1093":"ਕਸ਼ਡ ਕਸ਼ਪ ਕਸ਼ਸ਼ ਕਸ਼ਲ","9/1093":"ਕਸ਼ਰ","291/1093":"ਕਸ਼ਮ","15/142":"ਅਕਸ","2/339":"ਸਚਪ","38/1833":"ਦਸਦ","44/553":"ਅਖਤ","575/1833":"ਦਸਤ","7/1833":"ਦਸਣ","3/553":"ਅਖਰ","10/611":"ਦਸਮ","2/1833":"ਦਸਬ","122/553":"ਅਖਬ","2/3415":"ਕਹਨ","3/3415":"ਕਹਤ ਕਹਰ","5/27":"ਖਚਰ","8/3415":"ਕਹਮ","2/689":"ਦਹਜ਼","1/4949":"ਕਸਫ਼","125/4949":"ਕਸਪ ਕਸਤ","39/275":"ਅਗਸ","240/4949":"ਕਸਦ","5/528":"ਸਜਦ","626/1925":"ਅਗਵ","83/275":"ਅਗਲ","4/4949":"ਕਸਣ","288/4949":"ਕਸਲ","419/4949":"ਕਸਰ","15/4949":"ਕਸਮ","50/4949":"ਕਸਭ","104/4949":"ਕਸਬ","13/4949":"ਕਸਸ","186/4949":"ਕਸਵ","1/528":"ਸਜਵ"}}