{"language":"SHONA","ngrams":{"1/45":"ksi ksm ksu nfi ych ycl yco","5/26":"cca","2/45":"ksh nfa nfp","19/65":"cce","1/65":"ccd ccu dgi dgm","2/9":"kso czi uxi mkh mko mkw kda syl syr","1/130":"cch ccm ccr ccz jem","1/10":"tdz mpa wsh wsp ydn ymu rbr jek tdo","1/9":"kst tgu kyo lbo uxe uxo mka mki mku win ppa pyl pyr hsa hsh hst rzi","27/65":"cco","22/9661":"teb","25/9661":"tea","408/9661":"ted","35/9661":"tec","93/9661":"tee","6/9661":"teh","28/9661":"teg","9/9661":"tej","1/5":"kta kti ktr lci tzi dbl dbo vrw wbc wbu rby zsr bzi kku","157/9661":"tei","21/9661":"tel","81/9661":"tek","2153/9661":"ten","900/9661":"tem","26/9661":"tep tew","5/9661":"teo","829/9661":"ter","5/288":"cda","197/9661":"tet","1/288":"cdc cdf","238/9661":"tes","950/9661":"tev","83/96":"cde","11/9661":"teu","1/9661":"tex","2/5":"kto lco xol xyg","169/9661":"tez","31/9661":"tey","1/72":"cdo lby","1/144":"cdr cdz","7/29":"tfi ski","94/74767":"kua","1829/74767":"kuc","3833/74767":"kub","89/6797":"kue","59/971":"kud","1/29":"tfo tfu nse fin wns iju","1271/74767":"kug","1174/74767":"kuf","6/827":"cea","2463/74767":"kui","478/74767":"kuh","8/827":"cec","1691/74767":"kuk","19/827":"ceb","59/74767":"kuj","746/10681":"kum","5/827":"ced","74/74767":"kul","710/74767":"kuo","12/827":"cef","711/6797":"kun","2/74767":"kuq","2/827":"cei ceh cet","2368/74767":"kup","5123/74767":"kus","694/6797":"kur","607/74767":"kuu","23/827":"cem","21/827":"cel","2924/10681":"kut","1/827":"ceo cey","133/10681":"kuw","167/827":"cen","272/10681":"kuv","16/10681":"kuy","5/9":"tga uxs","1/74767":"kux","4/827":"cep","32/827":"ces","105/827":"cer","2102/74767":"kuz","1/1":"kvg cfu tne cqu cvr ìng uqu mqa vch vka vmc vvi vwa wca fba wfp wgr fga wma sìn wva wwe fya xch xfo gfi gji xma gpa pbe gqo xso pde xwe xxy pne yfr yge lòp pvt yku hji déc qab yvo hvh qob zfu éco zma zrp iqu jbc aqu òpe jhb rxw jnr jti bmw kpo","93/1037":"tha","1/1037":"thc thl thn","4/1037":"thb","13/61":"the","2/1037":"thd thm thw","7/1037":"thf","54/1037":"thi","9581/15616":"kwa","4229/15616":"kwe","113/1037":"tho","1683/15616":"kwi","3/1037":"ths","8/1037":"thr","12/1037":"thu","15/1952":"kwo","1/61":"thy oxf khe khs byb bye byr byt","1/15616":"kws","23/4986":"tib","41/34902":"tia","757/34902":"tid","99/3878":"tic","37/34902":"tif","4/2493":"tie","1/4986":"tih","31/11634":"tig","1/34902":"tij","52/17451":"tii","5/11634":"til","1289/34902":"tik","949/17451":"tin","181/34902":"tim","115/34902":"tip","229/11634":"tio","1/41726":"chb chc chf chj chs","937/17451":"tir","7123/41726":"cha","191/34902":"tit","61/3878":"tis","319/17451":"tiv","32/17451":"tiu","3748/20863":"che","61/17451":"tiw","473/34902":"tiz","31/34902":"tiy","11992/20863":"chi","1/20863":"chk chp","7/20863":"chn","9/41726":"chm","1321/20863":"cho","65/41726":"chr","142/20863":"chu","15/41726":"chw","17/48":"cia","1/33":"cie cyr dfo rry","1/27":"kyl ppi ppy","1/48":"cid hmh axl axt","1/176":"cif ciu","1/528":"cik cip cir","1/54":"kyu kyw","61/528":"cil","37/528":"cio","1/44":"cin rha","2/3":"tka lro nfe nqo yha zkf","5/132":"cis","23/528":"cit","151/528":"civ","1/3":"tki tpe tpf lre dto mfo nqe ggi hda yhi hha hhk hpa hpi zka bda bde bdu kde","1/2":"kza tme cmi cna cnn cps lhe lhi dki dkn dpo mze vyw wdo nvi nxa fpa fsi wye wyn pco gzh gzi hce hko yte qha qhu qia qin zna bne bnz kca kch cbz","1/4":"kze cpa cpi mzi xle gna hca hcr hku yth zdz znn ztg zzy rju kfa kfo","5/62":"tla","55/62":"tle","1/62":"tlo","3/430":"cka","9/215":"ckb","27/215":"cke","1/215":"cki ckl ckp","1/430":"ckm ckt ckz","2/215":"cko lew","1/30":"tmb tmu xil hfa rbi bck","3/10":"tma lch wba wbo yde ydi","5/86":"cks","13/430":"cky","1/15":"tmp tmo uam eqi nfr xim ybi yca ycr","40/187":"cla cli","38/187":"cle","2/187":"cll","5/187":"clo","48/187":"clu","14/187":"cly","29/1398":"tob","1/6990":"toa","35/1398":"tod","19/3495":"toc","14/1165":"tof","17/2330":"toe","2/3495":"toh toy","13/1165":"tog","7/466":"toi","1/466":"tol","202/3495":"tok","674/3495":"ton","371/6990":"tom","49/2330":"top","29/3495":"too","324/1165":"tor","49/1165":"tot","17/466":"tos","199/6990":"tov","73/6990":"tou","59/6990":"tow","17/699":"toz","10/969":"coa","7/969":"coc","1/57":"cob gme","2/969":"coe cod cof coz","1/969":"coi cok","167/969":"com","58/969":"col","8/969":"coo","184/969":"con","16/969":"cop","37/969":"cos","2/57":"cor cru lue gma","94/323":"cou","23/969":"cot","5/969":"cow cov","5/249":"lab","29/1245":"lad lau","8/249":"lac","2/1245":"laf lav","1/249":"lah","7/249":"lag","1/415":"laj","16/1245":"lai","2/249":"lal","3/415":"lak","139/415":"lan","31/1245":"lam","2/415":"lap lax","43/1245":"lar","21/415":"lat","68/1245":"las","48/137":"tra","148/1245":"law","41/1245":"laz","22/1245":"lay","69/548":"tre","139/548":"tri","55/72":"lbe","55/548":"tro","1/36":"lbi lbu","1/548":"trs","17/274":"tru","57/548":"try","1/18":"lbr plu kbu suw","1548/9505":"tsa","7/9505":"tsc","11/9505":"tsf","272/9505":"tse","42/9505":"tsh","3318/9505":"tsi","1/20":"lce lcu wsa wst xid yma ymn","6/9505":"tsm","2/9505":"tsp","90/1901":"tso","14/57":"cra","1/9505":"tst","622/1901":"tsv","43/171":"cre","278/9505":"tsu","286/9505":"tsw","46/171":"cri","13/129":"tta","32/171":"cro","2/129":"ttc ttd tth","17/43":"tte","3/43":"tti tto tty","4/243":"lda ldo lds","1/171":"cry","13/243":"lde","2/43":"ttl yll hlu","11/243":"ldi","1/41":"csc","4/129":"tts","1/129":"ttu ttw","2/81":"ldl ppr ppu","10/243":"ldr","7/3246":"tub tua tuz","4/541":"tud","1/541":"tuc","1/1623":"tuf","5/3246":"tue","2/541":"tuh","17/3246":"tug","3/1075":"leb lez","107/1075":"lea","4/1623":"tul tuv","17/1075":"led","23/1075":"lec","245/3246":"tuk","1/1075":"lef leh","530/1623":"tun","7/1075":"lee","227/1623":"tum","19/1082":"tup","27/1075":"leg","40/541":"tur","6/1075":"lei","2/171":"cta cte cts","61/3246":"tut","54/1075":"lel","29/3246":"tus","11/1075":"lek","1/114":"ctc ctr lup nju sme","117/1075":"len","39/1075":"lem","2/1075":"lep","1/3246":"tuw","36/1075":"leo","44/1075":"ler","89/342":"cti","38/1075":"let","23/215":"les","83/1075":"lev","1/22":"tva tvi mga mgo mgw nbd nbs nbr fta fth pta pth rhu rhy jwr jws","22/1075":"lex","9/19":"cto sbu","63/1075":"ley","1/11":"tve lme dni nba ptf pti pto zjf jst jwe","1/342":"ctt","1/38":"ctu myw kra krt","5/47":"lfa mrs","71/268":"cub","6/47":"lfo mre","1/268":"cuf cui nnf nnu nnz","23/47":"lfr","39/268":"cul","25/67":"cup","1545/1759":"twa","3/67":"cus ojo rni","4/67":"cur rds","108/1759":"twe","7/67":"cut","3/14":"lga yro","14/1759":"twi","3/7":"lge lki","29/1759":"two","2/7":"lgi ove","63/1759":"twu","1/14":"lgo nma npi yra yrs hym rph","177/365":"tya","9/365":"tye","9/404":"lib","72/365":"tyi","55/606":"lia","1/202":"lid","59/606":"lic","1/1095":"tyn tyr","13/404":"lif","8/303":"lie","1/365":"typ tys tyu","61/404":"lig","103/1095":"tyo","1/1212":"lij lii","5/606":"lil","1/303":"lik","31/202":"lin","19/1212":"lim","17/606":"lip","59/1212":"lio","9/202":"lit","28/303":"lis","13/202":"liv","11/1212":"liu","4/303":"lix","1/404":"liw oek oey","17/404":"liz","1/606":"liy","3/5":"tze dba vra xon bfi","1/66":"cyc","5/66":"cyn","1/7":"lke lkm lwi lwo zpc zpt","4/9":"cze kdz","15/137":"lla","2/411":"llb","59/411":"lle","1/822":"lld llu llv","82/411":"lli","1/411":"llm","17/411":"llo","20/411":"lls","13/822":"lly","8/11":"lma","2/11":"lmo","3/11":"lne lph dna","5/11":"lni ftb","12/547":"lob","5/547":"loa","23/547":"lod","21/547":"loc los","8/547":"loe","20/547":"log lou loy","9/547":"loi","2/547":"lol","3/547":"lok","46/547":"lon","36/547":"lom","47/547":"lop","35/547":"loo","54/547":"lor","17/547":"lot low","81/547":"lov","2/345":"uac uaj","4/345":"uab uad uaw","1/345":"uag uao uav","146/345":"uaf","1/69":"uai uau","4/11":"lpa jsl","1/115":"uak uap rgr rgy","16/345":"ual","5/69":"uan","8/345":"uas","49/345":"uar","1/23":"uat mtr xas","7/345":"uay","1/5325":"ubb ubn ubs uby","313/1065":"uba","464/5325":"ube","106/1065":"ubh","272/5325":"ubi","2/355":"ubl","98/5325":"ubo","31/5325":"ubr","40/25091":"dab","4/25091":"daa","8/5325":"ubt ubw","135/25091":"dad","1/2281":"dac","46/25091":"daf","1619/5325":"ubv","23/25091":"dae","652/5325":"ubu","19/25091":"dah","17/25091":"dag","1/25091":"daj","1528/25091":"dai","31/25091":"dal","2050/25091":"dak","809/25091":"dan","862/25091":"dam","47/4052":"uca","96/25091":"dap","30/25091":"dao","1/4052":"ucc ucp ucu ucz","5744/25091":"dar","11/2026":"uce","138/25091":"dat","83/25091":"das","349/25091":"dav","70/25091":"dau","25/4052":"uci","479/25091":"daw","971/1013":"uch","5/4052":"uck","58/25091":"daz","79/25091":"day","3/4052":"ucl","5/1013":"uco uct","9/2026":"ucr","1/1013":"ucy","3501/12767":"uda","18/12767":"udd","267/12767":"ude","253/12767":"udh","3/12767":"udg udw","761/12767":"udi","2/12767":"udl","1/214":"lsc lsi lsp lsy mmw","12/107":"lse","7/214":"lsh","468/12767":"udo","5/12767":"udr","5/261":"dca","5/214":"lsk vez","27/751":"udu","35/214":"lso","6484/12767":"udz","537/12767":"udy","2/107":"lst","2/261":"dcl","1/449":"uea uef","1/261":"dco dcs","1/1347":"uec uem","1/107":"lsz mmz","4/449":"uee uek","28/449":"ued","10/1347":"ueg uer","2/1347":"uei","18/91":"lta","10/91":"lte","3/182":"ltd ltr","16/449":"uel","941/1347":"uen","1/91":"lti","1/21":"dda ddf nmm nmo npu xtd xti xth xto hyd kna knd","9/91":"lth","19/1347":"uep","5/1347":"ues uet","26/1347":"ueu","51/182":"lto","38/63":"ddi","3/91":"lts","2/13":"ltu mch mle mne zba kmo","5/63":"ddl","1/63":"ddo ddz rva rvs","1/182":"lty","1045/1933":"ufa","2/63":"ddr","9/1933":"uff","91/1933":"ufe ufo","53/228":"lub","10/63":"ddy","1/76":"lua luf gly","118/1933":"ufi","4/1933":"ufl","29/228":"luc","11/1933":"ufr","59/6318":"deb","10/3159":"dea","5/228":"lui luv lux","32/3159":"ded","11/228":"lul","13/228":"luk","155/3159":"dec dem","5/2106":"def deh deo","17/228":"lun","2/19":"lum dve xpe sdo","17/2106":"dee deu","563/1933":"ufu","77/6318":"deg","1/2106":"dej","38/3159":"dei dez","17/3159":"del","7/228":"lut","4/57":"lus","113/6318":"dek","601/6318":"den","53/6318":"dep","1504/2801":"uga","1/228":"luw luz","1273/6318":"der","20/2801":"ugb","20/3159":"det","77/2801":"uge","379/6318":"des","3/2801":"ugg ugs","89/6318":"dev","1/3159":"dex","10/2801":"ugi","4/21":"lva","36/2801":"ugh","35/2106":"dew","76/3159":"dey","19/2801":"ugm","5/21":"lve xtr hyl","38/2801":"ugl","595/2801":"ugo","11/21":"lvi","7/2801":"ugr","292/2801":"ugu","197/2801":"ugw","7/33":"dfi","498/1397":"uha","20/33":"dfr","86/1397":"uhe","5/7":"lwa zps","42/1397":"uhi","4/1397":"uhl","1/1397":"uhn","145/1397":"uho","6/65":"dga","54/65":"dge","307/1397":"uhu","309/1397":"uhw","13/2851":"uic","22/2851":"uib","3/2851":"uie","3/65":"dgs","15/2851":"uid","4/2851":"uig uiv","5/2851":"uif uil uiz","2/2851":"uii uik","1/2851":"uih uiu","192/2851":"uim","7/2851":"uio","183/2851":"uin","85/197":"dha","49/2851":"uip","170/2851":"uis","26/2851":"uir","12/197":"dhe","2120/2851":"uit","17/2851":"uiw","216/985":"dhi","5/394":"dhl","37/197":"dho","90/301":"uja","86/985":"dhu","138/301":"uje","1/1970":"dhw","6/301":"uji","1/181":"lya lyo lyr lyw","29/181":"lyd","2/181":"lye lyt","19/301":"ujo","57/2275":"dib","176/20475":"dia","298/20475":"did","121/2925":"dic","20/181":"lyn","43/6825":"dif","44/301":"uju","34/181":"lym","11/2925":"die","16/20475":"dih","1/301":"ujw","82/20475":"dig","1/4095":"dij","151/20475":"dii","4/20475":"dil","1471/20475":"dik","4528/20475":"din","14/975":"dim","9/455":"dip","4671/11482":"uka","131/20475":"dio","202/819":"dir","167/11482":"uke","493/20475":"dit","1796/20475":"dis","17/585":"div","134/20475":"diu","337/11482":"uki","118/4095":"diw","68/4095":"diz","626/20475":"diy","2245/11482":"uko","1/11482":"ukn","9/11482":"ukr","1757/5741":"uku","515/11482":"ukw","1/16":"dji vyl bbi bbo bbs sfi bts","140/521":"ula","4/521":"uld","1/521":"ulc ulf ulp uls ulv","25/521":"ule","2/521":"ulg ulm","139/521":"uli","30/521":"ull","18/521":"ulo","47/521":"ult","61/521":"ulu","17/521":"uly","3107/17841":"uma","1046/5947":"umb","4490/17841":"ume","7/17841":"umd","2/5947":"umg","602/5947":"umi","409/17841":"umh","10/17841":"umm ums","391/17841":"umo","1/17841":"umn","7/16":"dla btf","4/5947":"ump","3/28":"dle rpe","2044/17841":"umu","31/17841":"umt","736/5947":"umw","62/17841":"umv","1/8":"dli ytl yto znp znw axe bba sfo","2/17841":"umz","33/112":"dlo","1/22462":"unb","1249/22462":"una","1869/22462":"und","47/22462":"unc","1/11231":"unf unr","879/11231":"une","1362/11231":"unh","445/2042":"ung","1/28":"dly rpr","10/11231":"unj","294/11231":"uni","5/22462":"unk","45/22462":"unn","3781/22462":"uno","5/34":"dma","15/11231":"unt","3/11231":"uns","1/17":"dme dmu msa hro ibi rff bre","190/11231":"unu","68/11231":"unw","201/2042":"unz","5/17":"dmi kle kli","1299/11231":"uny","15/34":"dmo","1/897":"uoc uog uol uot","2/897":"uod uof uos","14/897":"uok","55/897":"uom","1/299":"uoo uov","256/299":"uon","14/299":"uor","6/11":"dne nbo","856/4431":"upa","1/1477":"upc upl","83/633":"upf","1168/4431":"upe","4/4431":"uph ups","949/4431":"upi","1/211":"upp","391/4431":"upo","31/4839":"dob doi","17/4431":"upr","3/1477":"upt","25/4839":"dod","19/4839":"doc dof","3/1613":"doe","296/4431":"upu","1/1613":"doh","4/1477":"upw","8/1613":"dog","1/4431":"upy","11/4839":"dol","413/1613":"dok","398/4839":"don","71/1613":"dom","9/1613":"dop","6/1613":"doo","118/1613":"dor","15/1613":"dot","59/4839":"dos","47/4839":"dov","26/4839":"dou doz","137/35621":"maa","4/1613":"dow","470/35621":"mac","1166/35621":"mab","107/35621":"mae","1532/35621":"mad","680/35621":"mag","331/35621":"maf","3734/35621":"mai","263/35621":"mah","6672/35621":"mak","111/35621":"maj","892/35621":"mam","158/35621":"mal","133/35621":"mao","2958/35621":"man","2/35621":"maq","1/6":"dph mfa mfe nli wla wto hdh hdo zya cbc cbe","1664/35621":"map","2552/35621":"mas","3296/35621":"mar","125/35621":"mau","2332/35621":"mat","355/35621":"maw","652/35621":"mav","8/25833":"urb urk","118/35621":"may","30/35621":"max","2039/8611":"ura","2/25833":"urd","28/25833":"urc","1179/35621":"maz","5/25833":"urf","650/8611":"ure","1/8611":"urh urm","4/8611":"urg","1/24012":"mbb mbh mbs","1626/8611":"uri","9505/24012":"mba","35/25833":"urn","2587/24012":"mbe","4/25833":"urp","2600/25833":"uro","13/25833":"urr","355/2001":"mbi","31/24012":"mbl","214/25833":"urt","2/8611":"urs","1/25833":"urv","8422/25833":"uru","1489/25833":"urw","1313/6003":"mbo","1/4002":"mbr","3/8611":"ury","50/667":"mbu","1782/12989":"usa","245/12006":"mbw","1/12989":"usc usl","324/12989":"use","3/12989":"usd usm usn","1/13":"mca mcc mcn mcp mcr mcz mli mly mnd mni eem ehw wro wrt hba hbi zbb zcc bgi kma kmu","3273/12989":"usi","3675/12989":"ush","5/13":"mcd rce","952/12989":"uso","14/223":"dra dro","12/12989":"usp","7/223":"drc","35/12989":"uss","2/12989":"usr usy","55/223":"dre","395/12989":"usu","133/12989":"ust","85/12989":"usw","1692/12989":"usv","19/223":"dri","4729/27028":"uta","2/6757":"utc","6/223":"dru","421/6757":"ute","171/13514":"uth","1/223":"dry","2/229":"mda","7639/13514":"uti","3/27028":"utl","221/229":"mdc","1/27028":"utm utv","3/229":"mdg","1601/27028":"uto","5/13514":"utr","1/224":"dsa dsi dsw","1/6757":"utt","2157/27028":"uts","1/229":"mdm mdo peg","861/27028":"utu","1/112":"dsh dst","41/27028":"utw","5/466":"uty","1/56":"dso rpa rpi","7/1250":"uuc","149/1250":"uud","3/625":"uug","1/1250":"uui","1/1234":"mea meb meh mex","3/1250":"uuh","7/1851":"mec","27/1250":"uuk","1/3702":"mee","26/625":"uum","59/3702":"med","1/625":"uuo uuv","2/617":"meg ssp ssy","137/1250":"uun","5/1851":"mei","11/125":"uup","11/1250":"uus","225/2468":"mek","1/1851":"mej","51/125":"uur","25/1234":"mem","8/625":"uut","31/7404":"mel","7/3702":"meo","193/1234":"men","99/625":"uuy","155/3702":"mes","7/625":"uuz","1/12":"mer mza wlt xic xio hmo zzi zzw","1/7404":"meu","41/7404":"met","3/1234":"mew mez","11/7404":"mev","3/2468":"mey","1078/1391":"uva","175/2782":"uve","345/5564":"uvh","21/214":"uvi","3/2782":"uvo oop","43/3314":"dub","3/1657":"dua duv","62/1657":"dud","37/3314":"duc","1/5564":"uvv","8/1657":"duf","1/1391":"uvu ooo","1/3314":"duh duj dui","4/1657":"dul","106/1657":"duk","299/1657":"dun","54/1657":"dum","2/1657":"dup","43/61":"uwa","204/1657":"dur","114/1769":"uwe","52/1657":"dut","9/1657":"dus","127/1769":"uwi","17/3314":"duw","3/3314":"duz","278/1769":"uwo","1/19":"dva dvo nsi xpi xpl sba sby kru","3/1769":"uwu","12/19":"dvd xpr","3/19":"dvi xpo sbo","9/11":"mgu jwa","1090/3447":"mha","125/1149":"mhe","286/3447":"mhi","295/328":"dwa","2/1149":"mhl","2/41":"dwe","817/3447":"mho","3/82":"dwi","290/1149":"mhu","282/1891":"uya","1/1149":"mhw","1/328":"dwo","4442/9455":"uye","5/8507":"mia","17/9455":"uyi","119/8507":"mic","1/82":"dwy","113/8507":"mib","1/9455":"uym uyn","67/8507":"mie","346/8507":"mid","201/8507":"mig","941/9455":"uyo","46/8507":"mif","1/8507":"mii mih mix","2/9455":"uys","184/8507":"mik","20/8507":"mij","2638/9455":"uyu","202/8507":"mim","127/8507":"mil","2/8507":"mio","401/8507":"min","33/8507":"mip","1423/8507":"mis","2298/8507":"mir","1213/8507":"mit","15/8507":"miw","95/8507":"miv","1/3918":"uzb uzc uzw","22/8507":"miy miz","42/653":"uza","137/3918":"uze","176/1959":"uzh","883/3918":"uzi","1/1959":"uzn","273/1306":"uzo","1/1306":"uzr uzz","256/419":"dya","1/1676":"dyc dyt","1199/3918":"uzv","41/653":"uzu","27/838":"dye","219/1676":"dyi","73/1676":"dyn","5/1676":"dym","215/1676":"dyo","11/1676":"dys","3/1676":"dyu","9582/34291":"dza","3203/34291":"dze","1/34291":"dzd dzm","17224/34291":"dzi","2682/34291":"dzo","64/34291":"dzu","1339/34291":"dzw","189/34291":"dzv","7/13":"mla zbc","24/107":"mma","33/214":"mme","37/107":"mmi","11/214":"mmo mmy","13/214":"mmu","1/26":"mnb mns pma","15/26":"mna","2/3451":"moa mox","6/493":"moc fia","6/3451":"mob moj mop","4/3451":"moe mog moo","1/493":"mod fiy","8/3451":"mof mow","9/3451":"moi","19/3451":"moh","52/3451":"mok","375/3451":"mom","10/3451":"mol","256/3451":"mon","21/493":"mos","215/3451":"mor","20/3451":"mou mov","596/3451":"mot","32/493":"moy","925/71801":"vab","400/71801":"vaa","949/71801":"vad","89/3451":"moz","3875/71801":"vac","237/71801":"vaf","197/71801":"vae","49/71801":"vah","135/3779":"vag","1/50":"mpb nra nre nrl ydr","99/71801":"vaj","2757/71801":"vai","3/250":"mpd","67/71801":"val","1/125":"mpc","14977/71801":"vak","1/250":"mpf ejb ejt","14397/71801":"van","3140/71801":"vam","1/25":"mpe mps nri","2/125":"mph mpr","685/71801":"vap","192/71801":"vao","5060/71801":"var","59/125":"mpi","11/250":"mpl","2523/71801":"vat","1987/71801":"vas","2859/71801":"vav","273/71801":"vau","4/71801":"vax","7/50":"mpo nrz","322/71801":"vaw","886/71801":"vaz","222/71801":"vay","7/250":"mpt","4/125":"mpu eju","9/217":"eac","3/1085":"eab eay","36/1085":"ead","86/1085":"eag","139/1085":"eaf","78/1085":"eai","17/1085":"eak","2/1085":"eaj","58/1085":"eam","7/155":"eal","1/1085":"eao eax","158/1085":"ean","23/1085":"eap","92/1085":"eas","81/1085":"ear","26/1085":"eau","71/1085":"eat","6/1085":"eaw","34/1085":"eav","9/47":"mra","12/1085":"eaz","7/1215":"ebb","3/47":"mri","10/27":"eba","163/1215":"ebe","4/27":"ebh sys","4/47":"mro","28/1215":"ebi ebl","1/405":"ebm","2/1215":"ebp ebt","2/47":"mrw","25/243":"ebo","16/405":"ebr","2/243":"ebs","38/1215":"ebv","8/81":"ebu","8/1215":"ebw","7/34":"mse","1/85":"msf hrs","11/170":"msi","43/2414":"eca","1/170":"msh msu","2/85":"msk hrt","25/4828":"ecc","11/2414":"ece","1/1207":"ecd","41/170":"mso","15/2414":"eci","1053/1207":"ech","33/4828":"eck","3/85":"mst","5/2414":"ecl","129/4828":"eco","47/7383":"veb","1/4828":"ecp","25/14766":"vea","955/14766":"ved","27/4828":"ecr","665/14766":"vec","19/7383":"vef","23/2414":"ecu","2/2461":"vee","79/2414":"ect","70/7383":"veh","27/4922":"veg","4/7383":"vej","83/14766":"vei","5/46":"mta","53/7383":"vel","1/2414":"ecz","9/92":"mtc","2423/14766":"vek","3/92":"mtf mte mth mti","121/2461":"ven","1447/14766":"vem","151/7383":"vep","5/14766":"veo","479/4922":"ver","1/14766":"veq","66/1469":"eda","4/1469":"edd","91/14766":"vet","455/14766":"ves","2/7345":"edc","4/7345":"edf","127/7383":"vev","49/7383":"veu","48/1469":"ede","159/7345":"edh","1/46":"mto nvo","3/1469":"edg","19/4922":"vew","1/7383":"vey","88/7345":"edi","1/1469":"edl","3/7345":"edn","18/7345":"edm","15/92":"mtu","142/7345":"edo","9/7345":"edr","11/7345":"eds","1/7345":"edv","1499/7345":"edu","146/42037":"mua","44/7345":"edw","1269/42037":"muc","4328/7345":"edz","964/42037":"mub","42/1469":"edy","113/42037":"mue","3178/42037":"mud","1167/42037":"mug","440/42037":"muf","2/169":"eea rcy","223/42037":"mui","666/42037":"muh","14/507":"eec","5614/42037":"muk","225/42037":"muj","3/169":"eee rco bve","4339/42037":"mum","80/507":"eed eer","77/42037":"mul","5/169":"eeg eel","111/42037":"muo","1/507":"eef eey","4887/42037":"mun","1/169":"eeh eeq eex","719/42037":"mup","25/507":"eek","5829/42037":"mus","5010/42037":"mur","205/42037":"muu","4089/42037":"mut","201/42037":"muw","22/169":"een","613/42037":"muv","44/42037":"muy","8/507":"eep eev","4/169":"ees","1085/42037":"muz","7/169":"eeu","10/169":"eet","2/507":"eew","25/637":"mva","4/507":"eez","22/637":"mve","1/637":"mvg","9/637":"mvi","46/795":"efa","1/53":"efc rlb jub","1/265":"eff","121/795":"efe","3/637":"mvo","34/795":"efi","1/795":"efl eft","577/637":"mvu","172/749":"vha","181/795":"efo","17/795":"efr","131/1498":"vhe","2/795":"efs","319/795":"efu","37/214":"vhi","701/2232":"mwa","9013/13392":"mwe","145/1498":"vho","65/13392":"mwi","207/622":"ega","1/933":"egb","305/1866":"ege","309/749":"vhu","3/311":"egg egl","103/13392":"mwo","1/1498":"vhv","65/933":"egi","5/1866":"egh","13/1866":"egm","206/933":"ego","1/1866":"egn egz","153/11975":"vib","1/622":"egp","23/23950":"via","271/11975":"vid","1/6696":"mwz","25/933":"egr","699/11975":"vic","7/2395":"vif","197/1866":"egu","1/479":"vie","1/2395":"vih","10/311":"egw","367/23950":"vig","29/1866":"egy","1/11975":"vij","253/23950":"vii","173/23950":"vil","4657/23950":"vik","941/4790":"vin","2179/23950":"vim","19/958":"vip","68/11975":"vio","1803/11975":"vir","103/377":"eha","342/11975":"vit","1683/23950":"vis","119/23950":"viv","51/1885":"ehe","93/23950":"viu","87/23950":"viw","131/11975":"viz","33/11975":"viy","282/1885":"ehi","1/1885":"ehl ehm ehp ehr ehy","133/1885":"eho","744/1885":"ehu","3/38":"mya","5/1987":"eic","2/1987":"eib eid eif","38/1987":"eig","1/1987":"eii eij","27/1987":"eik","117/1987":"eim","6/1987":"eil","88/1987":"ein","23/1987":"eip","7/1987":"eis","22/1987":"eir","18/1987":"eit","55/1987":"eiw","4/1987":"eiv","8/1987":"eiy","49/1987":"eiz","57/250":"eja","2/25":"eje","107/250":"eji","28/125":"ejo","1247/19142":"eka","338/9571":"eke","3/19142":"ekd eks eky ekz","1/19142":"ekg ekh ekk","669/19142":"eki","1/9571":"ekl ekn","333/19142":"eko","14777/19142":"eku","709/9571":"ekw","3/1201":"elb eln elm","108/1201":"ela","48/1201":"eld","5/1201":"elc elf","153/1201":"ele","2/1201":"elh","4/1201":"elg","194/1201":"eli","144/1201":"ell","7/1201":"elp","79/1201":"elo","1/1201":"elr elw","37/1201":"elt","65/1201":"els","17/1201":"elv","9/1201":"elu","8/1201":"ely","1777/5412":"ema","1/16236":"emc eml","1667/16236":"emb","4/123":"eme","38/4059":"emd","247/5412":"emi","169/4059":"emh","1/8118":"emk","17/8118":"emm","221/4059":"emo","1/5412":"emn","39/11347":"vob","1/11347":"voa voj","5/8118":"emp","37/11347":"vod","2/4059":"ems emt","11/11347":"voc","7/16236":"emr","10/11347":"vof voo","4973/16236":"emu","2/1621":"voe","4/11347":"voh voy","259/4059":"emw","9/1621":"vog","37/4059":"emv","1/1353":"emy","6/1621":"voi","18/11347":"vol","249/11347":"vok","976/11347":"von","86/11347":"vom","22/11347":"vop","92/11347":"vor","4/9025":"enb","29/722":"ena","100/11347":"vot","2583/9025":"end","63/9025":"enc","696/11347":"vos","1/9025":"enf","17/11347":"vov","38/11347":"vou","253/9025":"ene","13/361":"enh","30/11347":"vow","2624/9025":"eng","58/1621":"voz","139/18050":"enj","271/9025":"eni","1/18050":"enl","1/3610":"enk","63/18050":"enn","2/9025":"enm","14/9025":"enp","5/722":"eno","17/18050":"enr","299/9025":"ent","22/9025":"ens","3/1805":"env","53/18050":"enu","11/18050":"enw","953/18050":"enz","1319/9025":"eny","4/201":"eoa eos rny","1/201":"eoc eof eow eox wug oju ojw rnd rnt rnw","2/201":"eod eog eoi eou eot eov wuz rnb","1/67":"eok","7/201":"eol rno","35/201":"eon","16/201":"eop","68/201":"eor","110/18463":"nab","277/36926":"naa","58/18463":"nad","124/18463":"nac","26/18463":"naf","15/18463":"nae","61/36926":"nah","60/18463":"nag nap","30/18463":"naj","255/36926":"nai","1273/2487":"epa","339/36926":"nal","1411/36926":"nak","77/829":"epf","1757/36926":"nan","82/829":"epe","1097/36926":"nam","29/829":"eph","13/18463":"nao","309/36926":"nar","82/2487":"epi","2/829":"epl","241/18463":"nat","215/18463":"nas","2/2487":"epn","313/18463":"nav","7/2487":"epm","5/36926":"nau","1/829":"epp","245/36926":"naw","371/2487":"epo","34/2487":"epr","221/36926":"naz","471/18463":"nay","8/2487":"ept","3/829":"eps","28/829":"epu","13/829":"epw","5/22":"nbe","14/15":"equ","26/479":"nca","213/479":"nce","35/479":"nch","3/1973":"erb erd erm","96/479":"nci","5740/17757":"era","5/479":"ncl ajw","56/17757":"erc","7/5919":"erf","5518/17757":"ere","13/17757":"erh","8/479":"nco","38/17757":"erg","1/5919":"erj","1576/17757":"eri","6/479":"nct","25/17757":"erl","4/17757":"erk","41/5919":"ern","58/479":"ncu","23/17757":"erp","1268/17757":"ero","17/17757":"err","27/479":"ncy","55/5919":"ert","284/17757":"ers","11/5919":"erv","845/17757":"eru","11013/37510":"nda","335/5919":"erw","1/17757":"erz","3/37510":"ndb ndm","20/17757":"ery","2208/18755":"nde","195/811":"esa","16857/37510":"ndi","3/7502":"ndh","26/5677":"esc","11/5677":"esb","1321/5677":"ese","1/811":"esd","43/37510":"ndl","3327/37510":"ndo","71/811":"esi","1/18755":"ndp ndt ndz","505/5677":"esh","5/5677":"esk esy","91/37510":"nds","21/18755":"ndr","13/5677":"esm esr","989/37510":"ndu","9/5677":"esl","289/5677":"eso","129/18755":"ndw","4/5677":"esn","1/2504":"vub vuj vuy","21/37510":"ndy","27/5677":"esp","17/2504":"vud","192/5677":"ess","169/5677":"esu","32/811":"est","390/5677":"esw","3/2504":"vug","139/5677":"esv","303/35716":"neb","187/35716":"nea","3/1252":"vul vus","461/35716":"ned","127/2504":"vuk","230/8929":"nec","19/8929":"nef","621/2504":"vun","14/8929":"nee","281/1252":"vum","275/17858":"neh","163/17858":"neg","29/17858":"nej","12/1517":"etb","531/2504":"vur","637/6068":"eta","259/17858":"nei","13/626":"vut","59/35716":"nel","1438/8929":"nek","3/6068":"etf etm","9/626":"vuv","2991/35716":"nen","21/2504":"vuu","834/1517":"ete","1350/8929":"nem","29/1517":"eth","199/17858":"nep","1/1252":"vuw","2/8929":"neo","3/626":"vuz","717/35716":"ner","1/17858":"neq","76/1517":"eti","226/8929":"net","793/35716":"nes","1147/17858":"nev","237/35716":"neu","1/6068":"etp etv","5/17858":"nex","51/6068":"eto","47/8929":"new","13/1517":"etr","1737/35716":"nez","125/35716":"ney","35/6068":"ett","1001/6068":"ets","35/1517":"etu","75/3034":"etw","5/3034":"ety","1/1099":"eua eui eul","15/1099":"euc eud","2/1099":"eub euf","3/1099":"eue euh euz","5/1099":"eug","7/45":"nfo","17/157":"euk","26/1099":"eum","136/1099":"eun","155/1099":"eup","146/1099":"eus","104/1099":"eur","163/1099":"eut","8/1099":"euv","1/16653":"ngb ngq","2/157":"euy","11939/33306":"nga","8/16653":"ngd","7169/33306":"nge","2/16653":"ngh","4109/6047":"eva","100/2379":"ngi","31/16653":"ngl","1/33306":"ngn ngz","1716/6047":"eve","95/6047":"evh","1856/16653":"ngo","2/5551":"ngr","63/6047":"evi","9/11102":"ngt","5/5551":"ngs","2903/16653":"ngu","50/6047":"evo","479/5551":"ngw","3/6047":"evr","2/6047":"evu","1073/3772":"nha","6/6047":"evy","593/11316":"nhe","29/943":"nhi","8/77":"ewa","2/539":"ewc","1/231":"ewb rrb","4/33":"ewe","107/2829":"nho","1/77":"ewi","4/1617":"ewh","1/1617":"ewm ewl eww","6713/11316":"nhu","5/3772":"nhw","33/49":"ewo","4/539":"ews ewu","1/539":"ewt","31/4409":"nia","96/4409":"nid","66/4409":"nic","41/8818":"nif","71/8818":"nie","27/4409":"nig","3/8818":"nij niz","1/8818":"nii niq","19/122":"exa ext","9/8818":"nil","1/122":"exc exw","340/4409":"nik","225/8818":"nin","6/4409":"nim","23/122":"exe","11/4409":"nip","52/4409":"nio","549/4409":"nir","5/61":"exi","105/4409":"nit","1983/8818":"nis","91/8818":"niv","15/8818":"niu","1/4409":"nix","9/61":"exp kha","16/4409":"niw","2/4409":"niy","56/741":"nja","319/1482":"nje","25/39":"nji","351/823":"eya","1/823":"eyc eyl eys","12/823":"eyb","228/823":"eye","71/1482":"njo","38/823":"eyi","2/823":"eyh","3/823":"eym","7/741":"njw","36/823":"eyo","1/1482":"njy","22/823":"eyu","17/177":"nka","1/177":"nkc nki nks","16/177":"nke","2/177":"nkh nkl nkr nkw","2/1161":"ezb ezj","556/5805":"eza","1/1161":"ezc ezf ezp","148/5805":"eze","34/5805":"ezh","19/59":"nko","121/1161":"ezi","1/5805":"ezk ezy","2/5805":"ezn ezt ezs","10/177":"nku","59/5805":"ezo","2/1935":"ezr","8/59":"nky","1393/1935":"ezv","128/5805":"ezu","5/12":"nla nle wta wth zza","2/645":"ezw","11/14":"nme","1/42":"nmi nms nph hyt hys","13/134":"nna","49/134":"nne","53/268":"nni","5/67":"nno rnm","1/134":"nnp wuw","35/268":"nny","985/32372":"nob","6/8093":"noa","844/8093":"nod","219/32372":"noc","563/16186":"nof","363/32372":"noe","63/32372":"noh","1483/32372":"nog","3/32372":"noj","665/16186":"noi","15/32372":"nol","1843/32372":"nok","833/8093":"non","361/16186":"nom","783/32372":"nop","135/8093":"noo","333/8093":"nor","5635/32372":"not","915/16186":"nos","244/8093":"nov","345/32372":"nou","7/32372":"nox","554/44687":"waa","68/8093":"now","425/44687":"wac","973/32372":"noz","18/8093":"noy","110/44687":"wab","27/44687":"wae","1315/44687":"wad","269/44687":"wag","34/44687":"waf","17/21":"npa kno","624/44687":"wai","20/44687":"wah","3984/44687":"wak","38/44687":"waj","714/44687":"wam","51/44687":"wal","25/44687":"wao","9031/44687":"wan","198/44687":"wap","601/44687":"was","2034/44687":"war","96/44687":"wau","1698/44687":"wat","259/44687":"waw","1564/44687":"wav","665/44687":"way","303/44687":"waz","3/4634":"fab fap fay","255/4634":"fad","41/4634":"fac","11/4634":"faf faw","1/4634":"fah","95/4634":"fai","39/4634":"fal","3/331":"fak","95/331":"fan","594/2317":"fam","1/2317":"fao fax","368/2317":"far","17/2317":"fat","25/4634":"fas","1/662":"fav","6/25":"nry","3/8":"wda gda","5/551":"nsa nsc","1/551":"nsd nsm nsr","3/551":"nsf","35/551":"nsh nst","2/551":"nsl","157/551":"nsp","30/551":"nso","15/551":"nsu","28/4859":"wea","16/53":"fco","176/4859":"wec","196/24295":"web","19/24295":"wee","1278/24295":"wed","267/24295":"weg","17/4859":"wef","39/920":"nta","18/4859":"wei","332/24295":"weh","1/920":"ntc ntb ntp","2114/24295":"wek","4/4859":"wej","27/184":"nte","451/4859":"wem","104/24295":"wel","2/4859":"weo","1344/24295":"wen","1/24295":"weq","49/920":"nti","7/460":"nth","209/24295":"wep wey","711/24295":"wes","911/24295":"wer","83/24295":"weu","158/4859":"wet","29/920":"nto","432/24295":"wew","556/24295":"wev","1/40":"nts gni gnk gnt gnu rms","57/460":"ntr","474/24295":"wez","9/920":"ntu","3/920":"nty","4/1335":"nua","7/1335":"nud","1/1335":"nuc nuh nuv","12/445":"nue","2/1335":"nug nul","7/911":"feb","3/911":"fea fef fey","37/911":"fed","37/1335":"nuk","286/1335":"nun","8/911":"fee","43/1335":"num","173/1335":"nur","1/911":"fei few","11/1335":"nut","33/911":"fel","1/267":"nus","295/911":"fek","105/911":"fen","50/911":"fem","1/445":"nuw","98/911":"fer","160/911":"fet","27/911":"fes","2/911":"fev","3/46":"nva","19/46":"nve","16/93":"ffa","14/93":"ffe","50/93":"ffi","1/93":"ffo fft kgb kgu","21/37":"wha","2/93":"ffs","6/37":"whe who gba bst","2/37":"whi why gti","679/946":"nwa","61/473":"nwe","71/473":"nwi","1/473":"nwt","1/946":"nwv","4/4149":"wic wiv","1/4149":"wib wie wih","319/4149":"wid","5/4149":"wii wim","75/461":"wik","74/4149":"wil","503/4149":"wis","824/4149":"wir","55/4149":"wit","59/4149":"wiw","11/4149":"wiy","296/4149":"wiz","3045/5969":"nya","3/11938":"nyc","661/11938":"nye","2/493":"fib fil fio","2673/11938":"nyi","15/493":"fid","1/11938":"nyk nym","61/986":"fic","13/11938":"nyn nyw","7/493":"fif","22/493":"fie","3/493":"fih","9/493":"fig","580/5969":"nyo","21/986":"fik","43/986":"fim","13/127":"nyu oan","126/493":"fir","100/493":"fit","105/986":"fis","5/986":"fiv","3/986":"fix","1021/9012":"nza","4/493":"fiw","11/986":"fiz","437/3004":"nze","3581/9012":"nzi","179/4506":"nzo","103/4506":"nzu","599/4506":"nzw","332/2253":"nzv","3/4":"wle xla zda ztv rjo","12/79":"fla","7/79":"fle","1/79":"fli flu fly","57/79":"flo","2/29":"wne","1/58":"wni wno wnt skf skr","1/31":"fml ywh ixp ixt sng sri","1/318":"woc","19/6678":"wob","2/3339":"woe","3/742":"wod","5/477":"wog","1/2226":"wof ofb","31/6678":"woi","5/6678":"woh","421/6678":"wok","32/3339":"wom","1/6678":"wol","1/477":"woo","52/3339":"won","1/954":"wop","11/477":"wos","229/6678":"wor","11/6678":"wou","5/954":"wot","1/1113":"wow","5/3339":"wov","37/2226":"woy","109/6678":"woz","313/1050":"fod","11/1050":"foc","1/1050":"fog","1/210":"foi fos","1/150":"fol","59/150":"fon","47/1050":"fom","23/1050":"foo","92/525":"for","3/175":"fov","1/70":"fou rko","3/127":"oac","1/525":"foy","27/127":"oad","1/127":"oag oaf oai oam oao oap oav oay oaz","8/127":"oah","2/127":"oak","6/127":"oal","7/127":"oas","29/127":"oar","4/127":"oau","9/127":"oat","5/127":"oaw","8/13":"wre zct","10/2129":"obb","3/13":"wri hbo zbh zch","563/2129":"oba","3/2129":"obf","102/2129":"obe","183/2129":"obh","95/2129":"obi","47/2129":"obo","2/2129":"obr","12/2129":"obs","813/2129":"obv","268/2129":"obu","4/2129":"obw","1/2129":"oby","3/20":"wsd gro","1/35":"oca oce xen xer","38/805":"occ","129/805":"oci","33/382":"fra fre","509/805":"och","27/805":"ock ocr","1/805":"oco","305/382":"fri","4/805":"ocu","13/805":"oct","21/764":"fro","1/764":"frn","2/805":"ocz","1033/1816":"oda","1/1362":"odd","1/5448":"odc odl odk odm","5/1362":"odf","7/681":"ode","271/5448":"odh","7/2724":"odg","221/5448":"odi","35/1816":"odo","1/908":"odr","5/5448":"ods","13/2724":"odu","11/5448":"odw","11/402":"wuc wup","1103/5448":"odz","239/2724":"ody","5/402":"wud","1/402":"wui wuh","7/402":"wuk","5/201":"wum wuy","29/404":"oed","15/67":"wun","11/201":"wus","29/402":"wur","3/134":"wut","33/808":"oel","78/101":"oen","11/404":"oes","37/808":"oer","5/808":"oet","5/44":"fto","198/371":"ofa","25/1113":"off","6/371":"ofe","1/3923":"fub fua fuz","158/1113":"ofi","43/3923":"fud","6/3923":"fuf","11/3923":"fuh","35/3923":"fug","4/159":"ofo","3/3923":"fui","16/3923":"ful","2/159":"oft","88/3923":"fuk","1260/3923":"fun","561/3923":"fum","57/371":"ofu","161/3923":"fup","181/3923":"fur","167/3923":"fut","47/3923":"fus","33/3923":"fuv","386/3923":"fuu","1228/2277":"oga","5/3923":"fuw","2/759":"ogb","130/3923":"fuy","59/2277":"oge","5/2277":"ogg","8/2277":"ogi","1/2277":"ogm ogn","817/2277":"ogo","17/2277":"ogr","40/759":"ogu","7/2277":"ogw ogy","1/699":"ohb ohl ohy","89/699":"oha","70/699":"ohn","40/233":"oho","10/233":"ohu","385/699":"ohw","1/2243":"oia","25/2243":"oic","11/2243":"oib oil oio","2/2243":"oie oig","26/2243":"oid","3/2243":"oif","7/2243":"oii oik","30/2243":"oim","38/2243":"oin","15/2243":"oip","109/2243":"ois","27/2243":"oir","1837/2243":"oit","18/2243":"oiw","6/2243":"oiv","14/2243":"oiz","54/67":"oja","28/201":"oje","109/711":"oka","377/8532":"oke","47/4266":"oki","1/2844":"okh","1/8532":"okm okl","407/2133":"oko","1/4266":"oks","1787/4266":"oku","1511/8532":"okw","5/677":"olb","56/677":"ola","40/677":"old","1/677":"olc olg olp olv","8/677":"olf","47/677":"ole","138/677":"oli","68/677":"oll","3/677":"oln","89/677":"olo","17/677":"olt","22/677":"ols","7/677":"olu","29/677":"oly","357/1093":"oma","293/1093":"omb","153/2186":"ome","1/6558":"omd omy","157/3279":"omi","82/3279":"omh","62/3279":"omm","1/3279":"oml omn","433/6558":"omo","16/3279":"omp","4/3279":"oms","5/6558":"omr","291/2186":"omu","65/2186":"omw","4241/18307":"ona","2725/18307":"ond","11/18307":"onc","29/18307":"onf","1368/18307":"one","229/18307":"onh","3751/18307":"ong","95/18307":"onj","388/18307":"oni","1/18307":"onl onr","2/18307":"onk","14/18307":"onn","20/18307":"onm","482/18307":"ono","35/18307":"ont","231/18307":"ons","4/18307":"onv","12/18307":"onu","106/18307":"onw","2776/18307":"onz","535/18307":"ony","1/2782":"ooe","53/2782":"ood","2/1391":"oof","18/1391":"ook","35/2782":"oom","159/2782":"ool","480/1391":"oon","6/1391":"oos","1325/2782":"oor","17/2782":"oot","7/2782":"oov","589/2154":"opa","45/718":"opf","8/23":"xan","11/23":"xam","233/1077":"ope","4/359":"oph","515/2154":"opi","2/1077":"opl opw","16/1077":"opm","3/718":"opp","91/718":"opo","1/2154":"opr opy","2/23":"xaz","4/1077":"ops","19/718":"opu","133/9857":"gaa","43/19714":"gac","221/9857":"gab","22/9857":"gae","1155/19714":"gad","38/9857":"gag","49/19714":"gaf","216/9857":"gai","9/9857":"gah","65/9857":"gak","1/19714":"gaj","428/9857":"gam","10/9857":"gal","19/9857":"gao","1468/9857":"gan","41/9857":"gap","61/9857":"gas","1442/9857":"gar","16/9857":"gau","481/19714":"gat","1027/19714":"gaw","353/19714":"gav","1/5987":"orb","39/19714":"gay","3472/17961":"ora","20/5987":"ord","23/17961":"orc","138/9857":"gaz","2/5987":"orf","2245/5987":"ore","139/17961":"org","937/17961":"ori","89/17961":"orl","16/17961":"ork","22/17961":"orn","77/17961":"orm","11/17961":"orp","1433/5987":"oro","13/5987":"orr","221/17961":"ort","143/17961":"ors","41/5987":"oru","7/37":"gbo","365/5987":"orw","55/17961":"ory","1/37":"gbu gth bsa bsz","673/6787":"osa","5/6787":"osc","3/6787":"osb","20/37":"gby","2093/6787":"ose","725/6787":"osi","1766/6787":"osh","2/6787":"osm","1/6787":"osl osy","29/6787":"oso","1/617":"osq ssb ssh ssm ssr ssw ssì","40/6787":"osp","52/6787":"oss ost","128/6787":"osu","32/6787":"osw","1021/6787":"osv","8/35":"xed","23/35":"xec","11/9133":"otb","1902/9133":"ota","3/9133":"otc otl","874/9133":"ote","49/9133":"oth","1/9133":"otg otk","3028/9133":"oti","2/35":"xes yps","1329/9133":"oto","5/9133":"otr","25/9133":"ott","1494/9133":"ots","147/9133":"otu","5/8":"gdo","9/9133":"otw","221/9133":"oty","11/1636":"ouc oub","19/409":"oud","37/1636":"oug","1/1636":"ouf ouh ouu ouz","14/8613":"gea","2/409":"oui oul ouv","5/1636":"ouk","2/8613":"gec gep","1/2871":"geb","1/8613":"gee geu","29/1636":"oum","199/8613":"ged","1/818":"ouo","5/8613":"geg","187/1636":"oun","17/8613":"gei","7/8613":"geh gew","29/818":"oup","5/957":"gek","41/409":"ous","4/2871":"gej","345/1636":"our","28/8613":"gem","40/8613":"gel","323/1636":"out","67/8613":"geo","10/783":"gen","76/409":"ouy","212/2871":"ges","670/8613":"ger","83/783":"get","4/8613":"gev","2/2871":"gey","787/1428":"ova","169/8613":"gez","55/714":"ovh","197/2856":"ovi","2/357":"ovo","11/952":"ovu","447/922":"owa","1/922":"owb owu","163/922":"owe","2/461":"owd owv","3/922":"owg","8/17":"gga","47/922":"owi","5/51":"gge","9/922":"owl","145/922":"owo","26/461":"own","5/922":"ows owt","2/51":"ggr","1/51":"ggy","2/61":"oxa oxe oxy khi","7/12":"xin","3/290":"ghb ghe","8/145":"gha","38/61":"oxi","3/61":"oxl","11/145":"ghf","1/145":"ghi gho","16/145":"ghl","10/29":"ght","129/1135":"oya","34/1135":"oyc","94/1135":"oye","14/1135":"oyd","4/1135":"oyf","1/418":"gia gik","369/1135":"oyi","5/2508":"gic gij giz","7/1254":"gib giv","7/836":"gie","10/227":"oyl","23/418":"gid","1/2508":"gig","403/1135":"oyo","7/2508":"gif","1/1135":"oyp","8/1135":"oys","1/1254":"gim","6/1135":"oyu","8/627":"gil","17/2508":"gio","26/627":"gin","179/2508":"gis","2/1135":"oyz","1105/2508":"gir","1/627":"giu","7/418":"git","2/627":"giw","1/836":"giy","171/2495":"oza","2/499":"oze","128/2495":"ozh","682/2495":"ozi","139/499":"ozo","160/499":"ozv","2/2495":"ozu","1/2495":"ozw ozy","67/152":"gla","51/152":"gle","5/38":"gli smo","11/152":"glo","1/152":"glu bit","52/57":"gmb","19/40":"gne","4/7317":"goa","29/2439":"goc","133/7317":"gob","58/7317":"goe","295/7317":"god","26/2439":"gog","113/7317":"gof goi","67/7317":"goh","104/7317":"gok","1/2439":"goj","305/7317":"gom","44/7317":"gol","64/7317":"goo","481/2439":"gon","106/7317":"gop","148/7317":"gos","1882/7317":"gor","34/7317":"gou","326/7317":"got","16/2439":"gow","395/7317":"gov","5/7317":"goy","145/10343":"pab","195/10343":"paa","271/20686":"pad","1533/20686":"pac","245/7317":"goz","61/20686":"paf","7/10343":"pae","93/20686":"pah","86/10343":"pag","12/10343":"paj","411/20686":"pai","24/10343":"pal","939/10343":"pak","1802/10343":"pan","1874/10343":"pam","327/20686":"pap","19/20686":"pao","637/10343":"par","378/10343":"pat","1417/20686":"pas","567/20686":"pav","181/20686":"pau","139/20686":"paw","139/10343":"paz","65/10343":"pay","61/130":"gra","63/260":"gre","7/52":"gri","8/21":"xte","1/260":"gru jef jep jew","7/43":"gst","13/5267":"peb","44/5267":"pea peu","899/5267":"ped","148/5267":"pec","3/5267":"pef","4/5267":"pee","41/5267":"peh pei","25/5267":"pej","14/5267":"pel","178/5267":"pek","881/5267":"pen","408/5267":"pem","9/229":"pep","2/5267":"peo","1365/5267":"per","157/5267":"pet","111/5267":"pes pev","26/37":"gto","15/5267":"pew","96/5267":"pez","11/5267":"pey","286/2679":"pfa","118/893":"pfe","15/7804":"gua","110/2679":"pfi","1/7804":"guc guf guo guu","5/3902":"gub guy","41/3902":"gue","1/2679":"pfl","61/7804":"gud","3/7804":"gug","13/2679":"pfo","23/7804":"gui","3/1951":"guh gul","225/7804":"guk","1642/2679":"pfu","321/3902":"gum","179/7804":"gun","21/7804":"gup","33/7804":"gus","226/1951":"gur","86/1951":"gut","29/7804":"guw","1741/7804":"guv","9/3902":"guz","41/257":"pha","3/257":"phb","42/257":"phe","2/257":"phd","3095/4027":"gwa","72/257":"phi","607/4027":"gwe","1/257":"phl phu","20/257":"pho","324/4027":"gwi","7/257":"phr","1/4027":"gwo","10/257":"phy","11/3802":"pia","4/1901":"pid","19/1901":"pic","1/1901":"pie","553/3802":"pih","1/3802":"pig piz","5/1901":"pil","225/3802":"pik","611/1901":"pin","9/3802":"pim","3/1901":"pip","41/1901":"pio","259/1901":"pir","36/1901":"pit","375/3802":"pis","103/3802":"piw","2/1901":"piy","6/49":"gym","31/49":"gyp","14/27":"pla","25/108":"ple","7/108":"pli","13/108":"plo","1/108":"ply","33/52":"pme","9/52":"pmt","1/1669":"pob poe","1/5007":"poa pog pox","24/1669":"pod","10/5007":"poc","11/1669":"pof","8/1669":"poi","85/5007":"pol","143/5007":"pok","193/5007":"pon","245/5007":"pom","62/5007":"pop","7/1669":"poo","332/5007":"por","337/5007":"pot","560/5007":"pos","8/5007":"pov","5/1669":"pou poz","68/5631":"yaa","25/5007":"pow","83/7508":"yac","20/5007":"poy","109/22524":"yab yaw","2/5631":"yae","70/5631":"yad","9/7508":"yag","23/22524":"yaf","767/22524":"yai","7/11262":"yah","1101/7508":"yak","1/1877":"yaj","11/81":"ppe","925/22524":"yam","3/7508":"yal","1/3754":"yao","1/81":"ppf","2971/22524":"yan","65/11262":"yap","37/3754":"yas","101/3754":"yar","71/22524":"yau","10/81":"ppl","134/5631":"yat","8/27":"ppo","473/11262":"yav","367/3754":"yay","47/22524":"yaz","4/5":"yba yce yza zsa sgt kki","2/15":"ybe ymo rbo","247/14510":"hab","1097/29020":"haa","807/29020":"had","77/14510":"hac","16/7255":"haf","107/29020":"hae","13/14510":"hah","18/7255":"hag","9/7255":"haj","1763/29020":"hai","39/29020":"hal","1947/29020":"hak","7097/29020":"han","677/7255":"ham","859/29020":"hap","4/1451":"hao","762/7255":"har","296/7255":"hat","202/7255":"has","279/5804":"hav","39/1451":"hau","27/575":"pra","199/29020":"haw","1/575":"prc prp pry","40/1451":"haz","571/29020":"hay","259/575":"pre","166/575":"pri","4/13":"hbe","118/575":"pro","2/575":"pru","1/113":"psa psc psy","2/113":"psg psi pst psu ald","11/113":"psl","8/113":"pso","71/13498":"yea","230/6749":"yec","117/13498":"yeb","19/13498":"yee","673/13498":"yed","81/13498":"yeg","43/13498":"yef","1/397":"yei","137/13498":"yeh","2013/13498":"yek","29/13498":"yej","559/6749":"yem","17/88":"pte","27/13498":"yel","4/6749":"yeo","21/794":"yen","223/6749":"yep","205/13498":"yes","168/6749":"yer","7/794":"yeu","87/13498":"yet","469/13498":"yew","247/13498":"yev","57/13498":"yey","1/88":"pts ptr ptu pty","146/6749":"yez","25/1756":"pub","7/878":"pud","1/1756":"pue","3/878":"puh","17/2281":"heb","79/11405":"hea","9/1756":"pul","424/11405":"hed hec","53/1756":"puk","10/2281":"hef","67/878":"pun","21/1756":"pum","9/2281":"hee","11/2281":"heh","59/1756":"pup","154/11405":"heg","11/11405":"hej","597/878":"pur","26/11405":"hei","161/1756":"put","68/11405":"hel","15/1756":"pus","1148/11405":"hek","399/2281":"hen","209/2281":"hem","261/11405":"hep","6/11405":"heo","1/439":"puw","388/2281":"her","2/11405":"heq","1951/11405":"het","317/11405":"hes","212/11405":"hev","16/2281":"heu","37/11405":"hew","26/2281":"hez","29/11405":"hey","11/15":"hfi","7/30":"hfu","234/311":"pwa","44/311":"pwe","4/311":"pwi","27/311":"pwo","2/311":"pwu","50/6237":"yid","2/6237":"yii","2278/6237":"yik","74/6237":"yim","1/6237":"yio yip yiu yiy","17/6237":"yin","185/6237":"yis","32/567":"yir","8/6237":"yit","28/891":"yiw","569/14152":"hib","21/14152":"hia","1733/28304":"hid","105/7076":"hic","31/3538":"hif","443/28304":"hie","91/28304":"hih","173/7076":"hig","9/14152":"hij","103/3538":"hii","75/28304":"hil","3337/28304":"hik","267/1769":"hin","253/7076":"him","179/3538":"hip","103/7076":"hio","1731/14152":"hir","411/3538":"hit","1207/28304":"his","295/7076":"hiv","151/28304":"hiu","229/28304":"hiw","697/28304":"hiz","125/28304":"hiy","1/86":"yla hll hly","7/86":"yle hlo blo","59/86":"yli","4/43":"ylo","3/86":"ylt hli","1/43":"ylv hlv","1/60":"yme ymi rbs rbu rbz","29/43":"hla","17/30":"ymp","5/43":"hle","80/139":"yna","2/139":"ynd yng","23/139":"yne","1/139":"yni ynw","5/139":"ynn ynt","43/48":"hma","1/1819":"yoc yoo","7/5457":"yob","1/5457":"yoe yol","3/1819":"yod","71/5457":"yog","8/5457":"yof","2/1819":"yoi yov","4/5457":"yoh","135/1819":"yok","43/5457":"yom","148/5457":"yon","11/5457":"yop","220/5457":"yos","946/5457":"yor","59/5457":"you","22/5457":"yot yoz","6/1819":"yow","11/87":"hni ijo","110/5457":"yoy","1/87":"hnj hnu ijw","4/87":"hno","8/87":"hns ije","3/35":"yph","16/8199":"hob","29/35":"ypt","157/8199":"hod","8/2733":"hoc hog","112/8199":"hof","1/2733":"hoe","20/8199":"hoh","1/8199":"hoj","5/2733":"hoi","74/8199":"hol","1700/8199":"hok","152/911":"hon","716/8199":"hom","103/8199":"hop","94/2733":"hoo","644/8199":"hor","21/911":"hot","805/8199":"hos","82/8199":"hov","88/8199":"hou","41/8199":"how","25/8199":"hoz","46/8199":"hoy","9/14":"yri","1/83":"yse ysh","2/83":"ysi","15/83":"ysl","22/83":"yso","9/85":"hra","5/83":"yst","66/85":"hri","1/4001":"yua yug yuf yui yus","13/4001":"yuc","58/4001":"yuk","12/4001":"yum","116/4001":"yun","76/4001":"yur","1/102":"hte htm","60/4001":"yut","25/4001":"yuw","13/102":"hto","2/17":"hts rfi","5/102":"htw","13/51":"hty","31/13962":"hub","19/13962":"hua huu","89/13962":"hud","193/13962":"huc","5/6981":"huf","1/6981":"hue","14/6981":"huh","23/6981":"hug","1/2327":"huj hul huz","11/13962":"hui","301/4654":"huk","1025/13962":"hun","214/6981":"hum","14/31":"ywa ywe snr src","30/2327":"hup","19/6981":"huo","1733/6981":"hur","265/13962":"hut","253/13962":"hus","107/13962":"huv","40/2327":"huw","5/2327":"huy","2/31":"ywo ixe sne sre sro","1011/1726":"hwa","899/3452":"hwe","95/863":"hwi","23/863":"hwo","59/3452":"hwu","61/12994":"zab","45/12994":"zaa","62/6497":"zad","67/12994":"zac","7/12994":"zaf","2/6497":"zae zaj","17/12994":"zah","7/6497":"zag","333/12994":"zai","5/12994":"zal","1111/12994":"zak","1053/6497":"zan","405/12994":"zam","47/12994":"zap","9/12994":"zao","375/12994":"zar","75/12994":"zat","37/12994":"zas","246/6497":"zav","8/6497":"zau","63/6497":"zaw","31/12994":"zaz","9/6497":"zay","1/1096":"iaa iac iab iaf iai iap iav iay","2/137":"iad","11/548":"iag","25/1096":"iah","71/1096":"iam","59/1096":"ial","171/1096":"ian","17/548":"ias","3/1096":"iar iaz","16/137":"iat","5/1096":"iaw","1/714":"ibb ibw","295/714":"iba","1/1428":"ibf","2/119":"ibe","47/357":"ibh","1/476":"ibl","61/2856":"ibo","11/2856":"ibr","5/2856":"ibs","14/51":"ibv","191/2856":"ibu","1/238":"iby","767/7521":"ica","68/2507":"ice","4/7521":"icd","13/7521":"ici","6083/7521":"ich","167/7521":"ick","5/7521":"icl","17/7521":"ico","23/2540":"zeb","17/5080":"zea zew","13/2507":"ics","69/2540":"zed","1/7521":"icr","39/1270":"zec","1/508":"zef ahc","25/7521":"icu","1/1016":"zee ahh","15/2507":"ict","5/508":"zeh","6/635":"zeg","1/5080":"zej","2/7521":"icy","33/5080":"zei","3/2540":"zel","503/5080":"zek","49/1016":"zen","89/1016":"zem","8/635":"zep","1/635":"zeo","201/635":"zer","247/2031":"ida","1/2031":"idd","13/5080":"zet","131/5080":"zes","1/3385":"idf","239/5080":"zev","27/5080":"zeu","281/10155":"ide","262/10155":"idh","29/10155":"idg","1/10155":"idj idk","13/508":"zez","2/635":"zey","724/10155":"idi","11/3385":"idl","49/3385":"ido","27/3385":"ids","9/3385":"idu","5/32":"qua","4/10155":"idw","7081/10155":"idz","133/10155":"idy","23/32":"que","15/128":"qui","1/1087":"ieb iee iem","85/1087":"ied","41/1087":"ief","1/128":"qut","100/1087":"iel","556/1087":"ien","53/1087":"ies","78/1087":"ier","2/1087":"ieu","18/1087":"iet","28/1087":"iew","620/1081":"ifa","18/1081":"iff","58/1081":"ife","35/1081":"ifi","1/1081":"ifl","275/1422":"zha","136/1081":"ifo","9/1081":"ift","37/1422":"zhe","202/1081":"ifu","472/711":"zhi","1/1422":"zhj zhn","73/711":"zho","53/156":"iga","1/442":"igb","11/1422":"zhu","21/442":"ige","1/204":"igg","7/1422":"zhw","1/2652":"igf","617/2652":"igi","59/663":"igh","1/663":"igl","76/663":"igo","4/663":"ign","120/26027":"zib","4/26027":"zia","1347/26027":"zid","1/884":"igr","231/26027":"zic","49/26027":"zif","181/2652":"igu","13/26027":"zie","18/26027":"zih","233/2652":"igw","24/26027":"zig","2/26027":"zij","61/26027":"zii","27/26027":"zil","1448/26027":"zik","1457/26027":"zin","4438/26027":"zim","55/26027":"zip","15/26027":"zio","2950/26027":"zir","11/741":"iha","479/26027":"zit","1324/26027":"zis","2375/26027":"ziv","3/247":"ihe","11/26027":"ziu","134/26027":"ziw","50/26027":"ziz","1/741":"ihi ihr","242/26027":"ziy","55/741":"iho","12/247":"ihu","628/741":"ihw","1/1963":"iic iig iip iiv iiy","10/11":"zjs","2/1963":"iib","17/1963":"iid","3/1963":"iii","1/151":"iik job joc jou","24/1963":"iim","202/1963":"iin","88/1963":"iis","43/1963":"iir","1136/1963":"iit","7/151":"iiw","4/1963":"iiz","52/87":"ija","4/29":"iji","5519/10901":"ika","128/10901":"ike","2/10901":"ikd","2311/21802":"iki","17/21802":"ikh","3/21802":"ikk ikl","3425/21802":"iko","1/21802":"ikn","9/21802":"ikr","1587/21802":"iku","3141/21802":"ikw","27/800":"ilb","13/200":"ila","3/80":"ild","1/200":"ilf ilv","43/800":"ile","39/800":"ili","53/200":"ill","1/160":"ilk ilu ilw rmb rmu","1/800":"ilm ilp","19/800":"ilo","47/800":"ilt","23/800":"ils ily","976/4805":"ima","1/4805":"imc","5098/14415":"imb","119/14415":"ime","1/14415":"img","2/14415":"imf","469/4805":"imi","239/14415":"imh","14/14415":"imm","92/4805":"imo","4/14415":"imn","37/991":"zob","1/6937":"zoa","19/14415":"imp","32/14415":"ims","207/6937":"zod","4/4805":"imr","40/6937":"zoc","12/991":"zof","269/2883":"imu","2/4805":"imt","169/6937":"zoe","8/6937":"zoh","951/4805":"imw","13/14415":"imv","94/6937":"zog","38/991":"zoi","3/6937":"zol","920/6937":"zok","384/6937":"zon","41/991":"zom","31/991":"zop","120/6937":"zoo","5/32576":"inb","74/991":"zor","127/1018":"ina","575/6937":"zot","2065/32576":"ind","67/32576":"inc","500/6937":"zos","21/991":"zov","3/16288":"inf","3615/32576":"ine","132/6937":"zou","1309/32576":"inh","87/6937":"zow","3941/32576":"ing","106/6937":"zoz","61/2036":"inj","15/6937":"zoy","1831/32576":"ini","3/32576":"inl","19/16288":"ink","65/32576":"inn","1/32576":"inm inx","5/16288":"inp","6165/16288":"ino","63/16288":"int","49/8144":"ins","11/32576":"inv","109/32576":"inu","105/32576":"inw","733/32576":"inz","143/8144":"iny","1/1042":"ioa iof","1/2084":"ioc iog iov iox","3/2084":"iod","11/2084":"iok","7/521":"iom","21/2084":"iol","1685/2084":"ion","5/1042":"iop","7/2084":"ios","77/1042":"ior","71/2084":"iou","13/2084":"iot","116/41521":"rab","86/41521":"raa","488/41521":"rad","159/41521":"rac","40/41521":"raf","18/41521":"rae","81/41521":"rah","26/41521":"rag","19/41521":"raj","1181/41521":"rai","213/697":"ipa","173/41521":"ral","1629/41521":"rak","202/2091":"ipf","1972/41521":"ran","131/2091":"ipe","2351/41521":"ram","1/2091":"iph ipr","662/41521":"rap","5/41521":"rao","2137/41521":"rar","455/2091":"ipi","1/697":"ipl","949/41521":"rat","442/41521":"ras","570/41521":"rav","1/4182":"ipm","262/41521":"rau","10/2091":"ipp","381/41521":"raw","339/1394":"ipo","254/41521":"raz","341/41521":"ray","2/2091":"ipt","9/1394":"ips","103/4182":"ipu","4/15":"rba","67/4182":"ipw","11/60":"rbe","9/3667":"aaa aae","6/193":"aac aaf","26/3667":"aab aaw","75/3667":"aad","29/3667":"aag","367/3667":"aai","8/3667":"aah","657/3667":"aak","2/3667":"aaj","369/3667":"aam","2/193":"aal","11/3667":"aao","1058/3667":"aan","8/169":"rca","23/3667":"aap","224/3667":"aas","324/3667":"aar","14/3667":"aau","50/3667":"aat","44/169":"rch","62/3667":"aav","1/3667":"aay","2/37643":"irb irk","11/169":"rci","12436/37643":"ira","5/37643":"ird","6/169":"rcl","13/37643":"irc","42/3667":"aaz","1646/37643":"ire","17/37643":"irg","2/4309":"abb abs","2721/8618":"aba","16449/37643":"iri","34/37643":"irl","1/4309":"abd","11/8618":"abc","3/37643":"irn irp","1/37643":"irm iry","9/169":"rcu","463/4309":"abe","545/4309":"abh","13/8618":"abg","3206/37643":"iro","16/37643":"irr","223/8618":"abi","15/8618":"abl","22/37643":"irt","19/37643":"irs","1/8618":"abn abz","7/37643":"irv","298/37643":"iru","13/335":"rda","189/8618":"abo","3409/37643":"irw","1/335":"rdc rdb rdn rdr rdt rdy","63/8618":"abr","9/67":"rde","866/4309":"abv","308/4309":"abu","2/67":"rdi rns","3400/8773":"isa","16/139":"abw","25/17546":"isc","4/4309":"aby","1/8773":"isb isd","679/17546":"ise","7/335":"rdl","11/335":"rdo","4957/17546":"isi","65/5963":"aca","997/8773":"ish","1/17546":"isk isy","29/5963":"acc","3/11926":"acb","39/5963":"ace","6/8773":"ism isr","3/17546":"isl","47/11926":"acd","485/17546":"iso","27/11926":"aci","2/8773":"isp","11153/11926":"ach","8/1571":"zud zuz","36/8773":"iss","197/11926":"ack","3/335":"rdz","1/11926":"acm","425/17546":"isu","9/5963":"acl","1/1571":"zue zus","307/17546":"ist","3/1571":"zuh zut","27/5963":"aco","735/8773":"isw","73/8773":"isv","1/5963":"acq","2/1571":"zuj","155/25858":"reb","107/25858":"rea","16/1571":"zul","551/25858":"red","21/11926":"acr","222/1571":"zuk","359/25858":"rec","11/11926":"acu","100/1571":"zun","367/25858":"ref","52/1571":"zum","52/12929":"ree","81/11926":"act","4/1571":"zup","194/12929":"reh","292/12929":"reg","6/5845":"itb itn","23/11926":"acy","27/12929":"rej reu","211/1571":"zur","177/25858":"rei","7979/17535":"ita","29/25858":"rel","1/3507":"itc","983/12929":"rek","737/25858":"ren","891/1571":"zuv","1256/17535":"ite","1319/25858":"rem","171/25858":"rep","67/17535":"ith","1/17535":"itg itv","7/1571":"zuw","5/12929":"reo rex","1/15818":"adb adg adn","1921/25858":"rer","2270/7909":"ada","602/2505":"iti","4/17535":"itl itr","15/15818":"add","199/25858":"ret","2/17535":"itk","29/15818":"adc","341/12929":"res","573/25858":"rev","399/15818":"ade","456/7909":"adh","2724/10891":"zva","64/12929":"rew","258/5845":"ito","2/7909":"adj adp","479/25858":"rez","3/1847":"rey","1455/15818":"adi","3/7909":"adl","38/17535":"itt","4024/32673":"zve","244/3507":"its","1/1438":"adm","503/17535":"itu","9/17":"rfa","5381/10891":"zvi","1/10891":"zvh","251/15818":"ado","52/835":"itw","23/15818":"adr","1/5845":"itz","3/17":"rfb","253/17535":"ity","6/7909":"ads","7/7909":"adv","4235/32673":"zvo","84/7909":"adu","5/15818":"adw","1/599":"iuc iub iui iup","7671/15818":"adz","1/32673":"zvr","126/7909":"ady","1/34":"rfm rfo rfu","91/32673":"zvu","126/599":"iud","2/599":"iug iuo","4/32673":"zvw","5/1383":"aea aep aex","3/599":"iuk","61/599":"ium","89/1383":"aed ael","69/599":"iun","2203/2647":"zwa","6/461":"aek aem","56/599":"ius","172/599":"iur","21/599":"iut","122/2647":"zwe","1031/1383":"aen","82/599":"iuy","63/230":"rga","320/2647":"zwi","7/1383":"aes","28/461":"aer","2/1383":"aeu","1/1383":"aet aew","91/230":"rge","4/1383":"aev","31/230":"rgi","2783/7885":"iva","2/2647":"zwt","1/461":"aez","1/230":"rgm","1892/7885":"ive","287/7885":"ivh","4/115":"rgo","1418/7885":"ivi","13/32":"afa bbe","1/184":"afc","11/2944":"aff afl","7/115":"rgu","5/184":"afe","909/7885":"ivo","1/2944":"afg afn","193/2944":"afi","6/7885":"ivu","3/736":"afm","153/2944":"afo","75/368":"afr","2/7885":"ivy","5/2944":"aft","649/2944":"afu","9/44":"rhi","521/915":"iwa","479/2745":"iwe","15/22":"rho","11/915":"iwi","3022/5061":"aga","577/5061":"age","4/1687":"agg","667/2745":"iwo","62/1687":"agi","1/1687":"agh","1/5061":"agj ags","1/915":"iwu","8/5061":"agl","398/5061":"ago","20/5061":"agn","58/41403":"rib","61/13801":"ria","1163/41403":"rid ric","62/5061":"agr","20/41403":"rif","431/5061":"agu","92/41403":"rie","110/1687":"agw","32/13801":"rig riw","4/5061":"agy","17/41403":"rij","59/41403":"rii","16/41403":"ril","1501/41403":"rik","2158/41403":"rin","2255/41403":"rim","637/41403":"rip","191/41403":"rio","4574/41403":"rir","1/41403":"riq","31/254":"aha","683/41403":"rit","2518/41403":"ris","100/41403":"riv","5/41403":"riu","71/1016":"ahe","1/13801":"rix","3/31":"ixo ixx","277/41403":"riz","3/254":"ahi","196/41403":"riy","9/1016":"ahl","3/508":"ahm","28/127":"aho","3/1016":"ahs","99/1016":"ahu","1751/6826":"iya","151/508":"ahw","657/3413":"iye","7/20144":"aia","2525/6826":"iyi","103/20144":"aic","233/20144":"aib","4/1259":"aie","219/5036":"aid","261/20144":"aig","1197/6826":"iyo","333/20144":"aif","295/20144":"aii","3/10072":"aih","423/20144":"aik","1/20144":"aij","39/6826":"iyu","287/10072":"aim","49/20144":"ail","37/10072":"aio","1153/10072":"ain","1/140":"rka rkt rkw","463/20144":"aip","431/10072":"ais","1157/20144":"air","53/20144":"aiu","7/20":"rke","3577/20144":"ait","77/5036":"aiw","225/2518":"aiv","9/1259":"aiy","9/140":"rki","334/2677":"iza","3/5354":"izc","631/20144":"aiz","81/5354":"ize","148/2677":"izh","111/479":"aja","403/2677":"izi","13/140":"rks","3/140":"rku","125/479":"aje","411/5354":"izo","45/479":"aji","1502/2677":"izv","25/5354":"izu","1/736":"afé","3/53":"rla juz","151/479":"ajo","49/5354":"izw","2/2677":"izz","51/212":"rle","22/53":"rld","9/212":"rlf rli","37/479":"aju","7/212":"rlo rly","19477/27611":"aka","21/212":"rls","2148/27611":"ake","1/27611":"akd akn akt","27/27611":"akg","1/55222":"akf akk akj akl aks","272/27611":"aki","5/27611":"akh","6487/55222":"ako","39/160":"rma","9/55222":"akr","3379/55222":"aku","13/80":"rme","1465/55222":"akw","1/32":"rmi bbr","3/160":"rmo","29/1808":"alb","293/1808":"ala","1/80":"rmt","13/1808":"alc","5/452":"alf","17/226":"ale","3/904":"alg","7/160":"rmy","83/904":"ali","353/1808":"all","9/1808":"alk","3/1808":"alm","1/1808":"alp alw","26/67":"rna","59/1808":"alo","1/904":"alr","27/1808":"alt","44/201":"rne","5/226":"als","7/904":"alv aly","3/226":"alu","4062/27181":"ama","1/27181":"amc amy","10915/27181":"amb","61/3883":"ame","2/27181":"amd amf amk amt","3/27181":"amg","1791/27181":"ami","415/27181":"amh","30/27181":"amm","500/27181":"amo","9/27181":"amn","179/18685":"rob","31/18685":"roa","102/27181":"amp","8/3883":"ams","1/185":"rod","4/27181":"amr amz","14/18685":"roc","44/3737":"rof","53/353":"amu","12/18685":"roe","266/18685":"roh","4591/27181":"amw","32/27181":"amv","94/18685":"rog","114/18685":"roj","11/3737":"roi","5/3737":"rol","186/18685":"rok","1271/18685":"ron","371/18685":"rom","78/3737":"rop","1412/18685":"roo","5/84031":"anb anf","139/3737":"ror","22316/84031":"ana","23/3737":"rot","9235/84031":"and","328/18685":"ros","173/84031":"anc","644/18685":"rov","57/18685":"rou","7377/84031":"ane","4372/84031":"anh","17/3737":"row","13738/84031":"ang","9/3737":"roz","169/84031":"anj","369/18685":"roy","5336/84031":"ani","7/84031":"anl","58/84031":"ank","73/84031":"ann","1/84031":"anm anp anq anv","14605/84031":"ano","117/84031":"ant","56/84031":"ans","755/84031":"anu","583/84031":"anw","1692/84031":"anz","2572/84031":"any","27/56":"rpo","1/1406":"aoa aoo aou aoz","2/703":"aoc","3/703":"aob","1/74":"aod","4/703":"aog","1/703":"aof aos","31/703":"aok","96/703":"aom","12/703":"aol","1035/1406":"aon","7/1406":"aop","5/703":"aor","3/1406":"aot aow aov","5/776":"jab","3/776":"jad jal","33/776":"jac","1/194":"jaf","19/194":"jah","3/388":"jag","17/776":"jaj","5/97":"jai","2082/8929":"apa","9/776":"jak","49/388":"jan","592/8929":"apf","1488/8929":"ape","83/776":"jam","7/388":"jap","45/8929":"aph","19/388":"jar","1/776":"jaq","1120/8929":"api","10/8929":"apl","11/776":"jas","1/8929":"apm","1/388":"jau jax jaz","26/8929":"app","23/231":"rra","9/388":"jaw","2160/8929":"apo","74/8929":"apr","45/776":"jay","31/231":"rre","23/8929":"apt","40/8929":"aps","1095/8929":"apu","149/231":"rri","165/8929":"apw","5/77":"rro","5/231":"rru","1/527":"rsa rsc rsn","39/527":"rse","36/527":"rsh","42/527":"rsi","7/527":"rsp","23/527":"rso","19/38128":"arb","4589/19064":"ara","241/38128":"ard","13/527":"rst","27/38128":"arc","1/19064":"arf","1393/9532":"are","1/9532":"arh arx","23/38128":"arg","3/527":"rsw","5/38128":"arj","6511/19064":"ari","63/38128":"arl","55/19064":"ark","17/38128":"arn","25/19064":"arm","1/38128":"arp arz","4/769":"rta","3025/19064":"aro","145/38128":"arr","10/769":"rte","139/38128":"art","3/769":"rtd","65/38128":"ars","85/38128":"arv","1/769":"rtf rtn rtr rtz","2009/38128":"aru","54/769":"rti","99/769":"rth","939/38128":"arw","205/38128":"ary","14/769":"rtm","40/769":"rto","3712/18789":"asa","7/18789":"asc","105/769":"rts","2/18789":"asb asd asl","12/769":"rtu","344/18789":"ase","1/18789":"asg","8/769":"rtw","20/769":"rty","2974/6263":"asi","3521/18789":"ash","34/18789":"ask","10/18789":"asm","65/6263":"aso","5/18789":"asn","233/13245":"rub","7/13245":"rua rue","5/6263":"asp","265/18789":"ass","364/2649":"rud","8/2649":"ruc","388/18789":"asu","244/13245":"ruf","212/18789":"ast","2/13245":"ruh rul","21/6263":"asw","112/13245":"rug","297/6263":"asv","1/4415":"ruj ruy","4/18789":"asy","11/13245":"rui","1/195":"jea","1/78":"jed","11/390":"jec","110/2649":"ruk","586/13245":"run","1/390":"jee jeg","4733/13245":"rum","1/156":"jeh jel","37/13245":"rup","14/13245":"ruo","1/780":"jej jei jey","25/883":"rur","7372/24543":"ata","1/24543":"atd atz","41/2649":"rut","25/24543":"atc","101/4415":"rus","11/156":"jen","7/24543":"atf","56/4415":"ruv","2/4415":"ruu","1645/24543":"ate","47/8181":"ath","58/4415":"ruw","62/195":"jer","34/883":"ruz","8333/24543":"ati","7/260":"jet","2/8181":"atl","73/780":"jes","2/24543":"atm","754/8181":"ato","10/2727":"atr","19/126":"rve","26/24543":"att","880/8181":"ats","4/8181":"atv","50/909":"atu","13/63":"rvi","106/8181":"atw","86/8181":"aty","47/5273":"auc","12/5273":"aub","2/5273":"aue aux","401/5273":"aud","21/5273":"aug","7/5273":"auf auo","15/5273":"aui","1/5273":"auh auu","95/5273":"auk","62/5273":"aum","44/5273":"aul","670/5273":"aun","13/5273":"aup","2157/2950":"rwa","148/5273":"aus","2697/5273":"aur","118/5273":"aut","423/2950":"rwe","3/5273":"auw","4/5273":"auv","404/5273":"auy","299/4425":"rwi","37/5273":"auz","1/8850":"rwn","293/8850":"rwo","6151/14870":"ava","217/8850":"rwu","1151/7435":"ave","238/7435":"avh","331/2974":"avi","1/7435":"avp","427/1487":"avo","1/2974":"avu","4/7435":"avy","2363/6013":"awa","1/6013":"awb awl aws awy","128/6013":"awe","4/6013":"awd awn","226/6013":"awi","13/6013":"awh","3217/6013":"awo","1/373":"ryb rya ryl ryo ryt","8/6013":"awr","5/373":"ryc","38/6013":"awu","1/1188":"jib jii jip","3/373":"rym","1/198":"jig jis","1/396":"jil jiv","5/1188":"jik","24/373":"rys","19/594":"jin","7/396":"jim","53/1188":"jir","5/24":"axi","1/297":"jit jiw","19/48":"axw","1479/2258":"aya","1/6774":"ayb ayf ayh ayt","556/3387":"aye","59/2258":"ayi","2/3387":"aym","7/3387":"ayl","389/3387":"ayo","7/2258":"ayn","29/6774":"ays","1/3387":"ayr","15/2258":"ayu","7/6774":"ayw","4/3387":"ayz","1/7149":"azb azk azp azt azy","154/2383":"aza","1/2383":"azd","33/2383":"aze","449/7149":"azh","1385/7149":"azi","625/2383":"azo","744/2383":"azv","575/7149":"azu","37/7149":"azw","5/7149":"azz","3/604":"joa","55/604":"jod","11/302":"joe","67/302":"joh","3/302":"joj","17/604":"joi","19/604":"jok","22/151":"jon","23/604":"jom","1/302":"jop","7/302":"jor","87/604":"jos","3/151":"jov","5/5994":"saa","7/604":"jow","119/17982":"sac","83/604":"joy","397/17982":"sab","7/5994":"sae say","107/5994":"sad","16/2997":"sag","121/17982":"saf","241/17982":"sai","23/8991":"sah","367/5994":"sak","4/8991":"saj","521/17982":"sam","29/17982":"sal","31/5994":"sao","3155/17982":"san","49/8991":"sap","109/17982":"sas","182/2997":"sar","23/5994":"sau","403/8991":"sat","77/8991":"saw","89/8991":"sav","103/17982":"saz","4/19":"sbe","1899/18026":"bab","1/18026":"baa bap","62/9013":"bad","95/9013":"bac","3/18026":"baf","5/18026":"bah","177/18026":"bag","89/9013":"bai","56/9013":"bal","71/18026":"bak","873/18026":"ban","113/9013":"bam","30/251":"sca","1/9013":"bao","283/9013":"bar","1/251":"sce scz","1668/9013":"bat","864/9013":"bas","39/9013":"bav","13/9013":"bau","18/251":"sci sco","22/9013":"baw","163/251":"sch","88/9013":"baz","165/18026":"bay","7/32":"bbc","5/251":"scr","10/19":"sda","6/19":"sdc","34/4681":"sea","157/9362":"sec","41/9362":"seb","43/9362":"see seh","51/9362":"sed","33/9362":"seg","12/4681":"sef sey","663/9362":"sei","855/9362":"sek","3/4681":"sej","295/4681":"sem","15/4681":"sel","3/9362":"seo","487/9362":"sen","33/4681":"sep","48/4681":"ses","10/151":"ser","21/9362":"seu","40/4681":"set","23/9362":"sew","191/9362":"sev","752/4681":"sez","3/106":"jua","17/212":"jud","1/106":"jue jug jum juv juw","1/1605":"beb bem bex","3/212":"juj","2/53":"jui","23/1605":"bea","43/212":"jul","166/4815":"bed","32/4815":"bec","1/963":"bef","29/212":"jun","2/963":"bee","1/4815":"beg","57/212":"jur","23/4815":"bei","1/212":"jut","38/1605":"bel","5/963":"bek","19/212":"jus","163/4815":"ben","94/4815":"bep","2144/4815":"ber","7/321":"bet","37/4815":"bes","41/4815":"bev","169/4815":"beu","2/4815":"bew","49/4815":"bez","26/4815":"bey","661/1169":"sha","1/12859":"shd shs","958/12859":"she","10/167":"shi","3/12859":"shl","29/12859":"shm","1992/12859":"sho","2/12859":"sht","1704/12859":"shu","51/12859":"shw","8/12859":"shy","101/22631":"sia","29/22631":"sic","51/22631":"sib","11/22631":"sie","42/3233":"sid","442/22631":"sig","17/22631":"sif","129/22631":"sii","12/13":"bgw","2722/22631":"sik","1/22631":"sij","29/427":"sim","32/22631":"sil","97/22631":"sio","494/3233":"sin","414/955":"bha","153/22631":"sip","577/22631":"sis","3204/22631":"sir","45/22631":"siu","109/955":"bhe","1/2865":"bhd bhh bhk","704/22631":"sit","73/22631":"siw","2/371":"siv","361/2865":"bhi","1500/22631":"siy","6/22631":"six","20/22631":"siz","296/2865":"bho","632/2865":"bhu","111/5168":"bia","59/1292":"bid","7/2584":"bic","1/5168":"bie bip biv","27/5168":"big","1/2584":"bij","1/136":"bil","433/5168":"bik","69/2584":"bin","5/2584":"bim","3/58":"ska","3/5168":"bio","869/2584":"bir","73/5168":"biq","13/29":"ske","125/1292":"bis","55/5168":"biw","1/272":"biz","41/5168":"biy","5/29":"sky","6/59":"sla","12/59":"sle","23/59":"sli","3/59":"slo","29/114":"sma","7/57":"smi","11/43":"bla","22/57":"sms","55/172":"ble","1/172":"blg","27/172":"bli","6/31":"sna","7/172":"blu","6/43":"bly","8/31":"sni","1/3035":"soa soe soh","173/3035":"soc","12/3035":"sob","12/607":"sod","13/3035":"sog soi","51/3035":"sof","20/607":"sok","64/3035":"soj","39/3035":"som","29/3035":"sol","4/607":"soo","412/3035":"son","16/3035":"sop","19/3035":"sos","846/3035":"sor","288/3035":"sou","104/3035":"sot","81/3035":"sow","3/3035":"sov","14/3035":"soy","24/3035":"soz","21/347":"spa","123/347":"spe","8/347":"sph","40/347":"spi","67/347":"spo","68/3117":"bob","10/347":"spr","17/3117":"boa boh","131/6234":"bod","3/1039":"boc","97/6234":"bof","1/347":"spu","10/1039":"boe","13/2078":"bog","2/347":"spy","23/1039":"boi","3/2078":"bol","83/3117":"bok","94/1039":"bon","41/2078":"bom","35/3117":"bop bow","133/6234":"boo","107/3117":"bor","227/6234":"bot","74/3117":"bos","139/6234":"bov","19/3117":"bou","7/21058":"kaa","7/1039":"box","86/3117":"boz","50/10529":"kac","29/6234":"boy","1849/63174":"kab","101/10529":"kae","3461/31587":"kad","349/63174":"kag","442/31587":"kaf","811/21058":"kai","47/21058":"kah","1693/63174":"kak","16/31587":"kaj","17/18":"squ kbo","2383/63174":"kam","6/10529":"kal","641/63174":"kao","1955/10529":"kan","751/31587":"kap","2539/63174":"kas","3419/63174":"kar","207/21058":"kau","1231/10529":"kat","1601/63174":"kaw","1073/63174":"kav","46/31587":"kay","11/31":"sra","1096/31587":"kaz","55/617":"ssa","45/617":"sse","158/617":"ssi","3/617":"ssl","156/617":"sso","74/323":"bra","5/617":"ssu","46/617":"sst","147/323":"bri","64/323":"bro","266/1301":"sta","2/323":"brs bry","14/323":"bru","1/323":"brt","160/1301":"ste","17/1301":"sth","4/1301":"stg","117/1301":"sti","39/1301":"stl","9/1301":"stm","129/1301":"sto","156/1301":"str","14/1301":"sts","1/1301":"stv","64/1301":"stu","2/1301":"sty","5/37":"bsi","7/990":"sua","18/37":"bso","1/165":"sub","1/495":"sue","1/110":"sud","19/990":"sug","1/1980":"sui","1/990":"suh suv","31/6157":"kec","29/990":"suk","2/6157":"keb kee keh kev","101/1980":"sum","8/495":"sul","179/6157":"ked","1/6157":"kef kej keq","401/990":"sun","9/6157":"kei","59/1980":"sup","7/330":"sus","86/6157":"kek","29/396":"sur","65/6157":"kem","14/6157":"kel","37/1980":"sut","100/6157":"ken","57/6157":"kep","101/6157":"kes","1/660":"suz","527/6157":"ker","194/6157":"ket","26/6157":"kew","6/6157":"key kez","3423/7601":"sva","134/7601":"sve","3007/7601":"svi","2/7601":"svk","906/7601":"svo","3/3911":"bub","1997/3911":"bud","15/3911":"buf","129/7601":"svu","74/3911":"buh","1/3911":"bug buu","4/3911":"bui","103/3911":"bul","83/3911":"buk","51/3911":"bun","101/3911":"bum","517/585":"swa","818/3911":"bur","25/3911":"but","83/780":"swe","20/3911":"bus","5/3911":"buv","1/117":"swi","69/3911":"buz","309/3911":"buy","1/1170":"swo","436/845":"bva","9/65":"bvi","49/93":"kgs","1/338":"bvo","549/1690":"bvu","401/1509":"bwa","1096/1509":"bwe","24/61":"kho","4/503":"bwi","18/61":"khu","5/27":"syd","5/4097":"kia","41/4097":"kic","7/4097":"kie kik","641/4097":"kid","1/4097":"kig kio kiu kiv","9/4097":"kii","14/4097":"kim","16/4097":"kil","66/4097":"kin","3/4097":"kip kiz","470/4097":"kis","1094/4097":"kir","282/4097":"kit","50/4097":"kiw","37/4097":"kiy","12/61":"bya","7/17":"kla","2/21":"kni","1/14665":"koa","3/2095":"koc","15/2933":"kob","4/14665":"koe","54/2933":"kod","11/14665":"kog","3/14665":"kof","2/2933":"koi kol","9/2095":"koh","257/14665":"kok","1984/14665":"kom","9/14665":"koo","743/14665":"kon","8/2933":"kop","529/14665":"kos","5777/14665":"kor","6/14665":"kou koy","377/14665":"kot","38/14665":"kow","19/14665":"kov","71/25123":"tab","2/25123":"taa","71/3589":"tad","29/14665":"koz","36/3589":"tac","13/3589":"taf","33/25123":"tae","3/3589":"tah","4/3589":"tag","1/25123":"taj","365/25123":"tai","99/25123":"tal","1252/25123":"tak","443/3589":"tan","3541/25123":"tam","216/25123":"tap","30/25123":"tao","1941/25123":"tar","869/25123":"tat","124/25123":"tas","246/25123":"tav","2438/25123":"tau","3/25123":"tax","227/25123":"taw","29/25123":"taz","2/3589":"tay","59/121":"tba","1/1348":"cac cae cah caj cay","13/121":"tbr","9/674":"cab","6/121":"tbu","7/337":"cad","5/674":"caf","7/1348":"cai","13/674":"cam","125/674":"cal","85/1348":"can","29/674":"cap","17/337":"cas","51/1348":"car","5/1348":"cau","35/674":"cat","15/28":"tch","3/1348":"cav","9/56":"tcl tct","1/674":"caz","5/56":"tco","17/19":"kri"}}