{"language":"WELSH","ngrams":{"1/623229":"yś yż yṭ yễ yq yá yì yí yü yć yī yň","1/322321":"nʲ nå nò nú nü nē nĭ","2/623229":"yš yŵ yú","1/4":"ąs ĭt ɑq ǎn ǎo őd œi œn œt œu ýr","3/207743":"yū","1/1740":"zō zé zą zę","1/3":"ʒi ṭā ṭī ʒɪ ẃl ẅi ʲi ạc ại ŋo ɔl ře ɔɔ řá ɔʏ ɪd ɪn ţc ße õi ṣa þi ÿy ṭa","1/585967":"rɡ rɪ rɵ rḍ rã rç rą rđ rę rł rœ rž","1/2599":"xǔ xr xä xç xé xí xó xč xē","2/153":"āś","1/250037":"sʒ sà sæ së sì sò só sù sú sē sı","1/153":"āš āṃ āf āq āu āw āz","1/232139":"tʃ tʲ tḗ tẅ tổ tq tñ tò tē tě tĭ tǔ","1/1160":"zǐ","1/310708":"wɑ wṣ wj wv wè wī","3/26":"ča čn","3/13":"če","2/13":"či đe ái đạ","1/26":"čk čo čü","1/3480":"zə zx zä zì zā","1/13":"đi đo đr đu","1/1":"șt ẁg ơn ġa ḗr ươ ķa ản ḡe ḥa ắc ɒl ŏn ễn ṃg ịn ǧi ǩi ǫr ũg ųk ṛt ức ſc ʊn ʏt ʁɔ","1/17":"ēd ēg ēi ēp ēt ēš ūj ūk ûs āo ăc ăg ăi ăj ăl ăs","2/17":"ēk ēn ēr ūs ûm ăr","3/17":"ēs","5/13":"đì","1/5":"ėd ės ır ǔr ǔs ìl że żm","2/5":"ėe ża","2/3":"ẃr ẅr ÿn","2/7":"ęb ęd ʌd","1/7":"ęk ęs ęt św ŭi ʌb ʌg ʌn","1/37":"īṯ īb īg īo īy","1/19":"ěc ěi ěj ěl ět ěw ěž","11/19":"ěn","2/9":"ğa ğu ùn","1/9":"ğe ğl ğı ßb ßn ßt õe õl õm õn õr ùm ùr õõ ār","1/2":"ĥa ḍa ĭc ňi ţi ˠə ɡɪ źy þó ąd","2/37":"īl ãz","10/37":"īn","7/37":"īr","1/8":"ĭg ĭi ýk","1/10":"ıb ım ıs ıu òd òn","1/20":"ık ıl","17/47":"ła","10/47":"ło","1/47":"łs çi","9/47":"łu","2/47":"ły łé","1/27":"ńd ńk","17/27":"ńs","4/47":"łó","1/6":"ǐn še án ţā ɪŋ èn ṣu þe","1/61":"ōa ōh ñf ñi ñj ñá ñí","3/122":"ōb ōd ōs ōt","7/122":"ōc","1/122":"ōf ōg ōo ōu ōw ōy","2/61":"ōi ōj ōp ōr","9/122":"ōk","5/122":"ōm","4/61":"ōn ñu","2/11":"əd əs ệt şa","1/11":"əm əx ện ðứ ðu žk","3/11":"ər že ži","1/656788":"eḇ eṣ eç eð eø eń eŋ eș","1/1232":"éḡ ék","1/21":"śa śc śo śr śv ść äd äi","2/21":"śi śl śn śū","1/210688":"cẅ cj cx cì cö cā că cē cę cō cœ cţ","8/11":"ệm","1/58756":"bắ bố bộ bì bû bý bə","2/14689":"bỳ bg bá","5/22":"şe","1/22":"şh şm şs şu žn žo žs žu","3/22":"şi ža","1/299992":"gẃ gẅ gå gò gø gī gō gŷ gǔ","4/21":"śā","5/48":"ša ši","1/517119":"iṭ iã iê ië iõ iö iú ił iş iš iŭ","1/12":"šk šn šo ṣe ṣi ṣr ṣy ṣū","1/16":"št šā ýc ýs ýu ýv ỳg","1/48":"šu ší šč šī šš šų","1/131764":"hạ hj hù hē hī","1/14442":"kṣ kâ kæ kè kē kŭ","1/18":"ßg ßh","11/517119":"iệ","1/263528":"hủ hà hå hæ hă hŭ hǐ hə","1/83":"àc àg àm àu","2/83":"ài","7/83":"àn","4/83":"ào","10/83":"àr","29/83":"às","5/83":"àt","1/208":"áb","3/208":"ác ág át","1/39":"ád áw","7/624":"áe","1/156":"áf","1/312":"áj áo","5/624":"ák","3/52":"ál","1/104":"ám","1/624":"áp áñ áō","11/208":"ár","19/624":"ás","1/194191":"mẁ më mî mú mû mý mě mī mō mš mǔ mǩ mɑ mʊ","173/624":"áu","11/624":"áv","1/78":"áz","4/6623":"âa ây","2/6623":"âb","6/6623":"âc","225/6623":"âd","7/6623":"âf","16/6623":"âg","5/6623":"âh","55/6623":"âi ât","1/6623":"âj âv âw âš","161/6623":"âl","28/6623":"âm","1183/6623":"ân","75/6623":"âp","413/6623":"âr","43/6623":"âs","266/6623":"âu","33/37":"ão","11/147":"äe","1/49":"äf äo åk åt ää","2/147":"äg äh","3/49":"äl åd","1/147":"äm äv äx äy","12/49":"än ål","16/147":"är","25/147":"äs","2/49":"ät äw åb","4/147":"äu","2/1151":"qṣ qh ql qv qı","397/769134":"aa","7951/769134":"ab","4/49":"åg år","9725/256378":"ac","29801/384567":"ad","84379/769134":"ae","29875/769134":"af","12019/769134":"ag","508/128189":"ah","9475/128189":"ai","5/49":"ån","233/769134":"aj","1229/769134":"ak","16898/384567":"al","2/194191":"mỹ mă mū","13976/384567":"am","17918/128189":"an","11/49":"ås","213/128189":"ao","2500/384567":"ap","62/384567":"aq","43921/384567":"ar","25079/769134":"as","3344/128189":"at","45965/769134":"au","423/128189":"av","8519/256378":"aw","163/384567":"ax","1/198283":"uḍ uṣ uṭ uế uæ uì uī uś uŭ uź uǎ","914/384567":"ay","313/384567":"az","1/64":"æa æb æc æð æþ","3/32":"æd æt","6817/58756":"ba","207/29378":"bb","1/32":"æg æm","55/14689":"bc","1/794":"bd","17459/117512":"be","3/29378":"bf bj","3/64":"æk æn æo æs","5/32":"æl","21/14689":"bh","2129/58756":"bi","3/14689":"bk","14217/117512":"bl","8/14689":"bm","7/64":"ær æʌ","18/14689":"bn","13253/117512":"bo","7/117512":"bp bā","3/58756":"bq bí","15297/117512":"br","81/29378":"bs","5/14689":"bt","6555/117512":"bu","1/14689":"bv bü bŷ","123/3176":"bw","1/117512":"bx bú bě bŏ bū bɔ","15721/117512":"by","3/117512":"bz bè bø","16/47":"ça","29307/210688":"ca","67/105344":"cb","951/210688":"cc","1/94":"çh çr çu çú çü çı","2/51":"ūl ūt","191/210688":"cd","14067/210688":"ce","7/51":"ūn","31/105344":"cf","29/105344":"cg cŵ","1/51":"ūp āc āh āp","29225/105344":"ch","4489/210688":"ci","11/51":"ūr","45/94":"ço","2191/210688":"ck","2133/105344":"cl","383/210688":"cm","341/105344":"cn","991/13168":"co","21/52672":"cp","9/26336":"cq","2/585967":"rạ rì rò rõ rū","7715/210688":"cr","2/250037":"sẃ sû","1155/210688":"cs","3745/210688":"ct","885/105344":"cu","11/105344":"cv","1395/105344":"cw","39435/210688":"cy","51/210688":"cz","1/174":"èa èj èt èu zc","4/87":"èc","2/87":"èd","14393/181853":"da","17/51958":"db","32/181853":"dc","17/174":"èg","6816/25979":"dd","1/87":"èi èl èq","41137/727412":"de","2411/363706":"df","495/363706":"dg","1021/727412":"dh","5/174":"èm","74889/727412":"di","27/363706":"dj","27/727412":"dk","8679/727412":"dl","71/181853":"dm","26/87":"èr","367/103916":"dn","11/87":"ès","18955/363706":"do","47/727412":"dp","11/174":"èv","11583/363706":"dr","1287/727412":"ds","9/51958":"dt","11457/727412":"du","1/29":"èz","117/727412":"dv","5184/181853":"dw","1/727412":"dx dæ dë dì dě dı dő dů dź dư","28117/727412":"dy","17/363706":"dz","37/1232":"éa","25/1232":"éb","15/616":"éc","31/1232":"éd","51/616":"ée","7445/656788":"ea","9/1232":"éf","8915/656788":"eb","2/384567":"aß aé aś","57/1232":"ég és","3917/328394":"ec","3/7":"ŭl","3/1232":"éh éu","8687/59708":"ed","51/1232":"éi","89/28556":"ee","3/616":"éj éq","7/769134":"aâ","15113/328394":"ef","13361/328394":"eg","23/308":"él","38/14927":"eh","69/1232":"ém","17130/164197":"ei","65/1232":"én","49/328394":"ej","7/384567":"aç","27/1232":"éo","86/164197":"ek","97/1232":"ép","52611/656788":"el","6649/656788":"em","7/88":"ér","37553/328394":"en","8/384567":"aë","1871/164197":"eo","47/616":"ét","1179/328394":"ep","17/769134":"aí","19/164197":"eq","1/384567":"aî aó aú ač ađ aţ","17/1232":"év","73585/656788":"er","25/769134":"aï","8760/164197":"es","1/769134":"að aü aġ ař až aʊ","1/308":"éx","18551/328394":"et","13/769134":"añ ań","239/5428":"eu","1/112":"éz","839/328394":"ev","41/1298":"ew","4/384567":"aô","375/328394":"ex","932/164197":"ey","305/656788":"ez","1/1950":"êa êi","1/650":"êb êg êp","3/650":"êc","14/975":"êd","24965/254848":"fa","327/254848":"fb","45/254848":"fc","5/117512":"bà","381/127424":"fd","43253/254848":"fe","11/29378":"bâ","15765/127424":"ff","13/23168":"fg","39/127424":"fh","482/975":"êl","153/650":"êm","14625/254848":"fi","1/31856":"fj fp fä","1/29378":"bæ bă bī","41/325":"ên","9/254848":"fk fè","8741/254848":"fl","27/127424":"fm","15/58756":"bé","187/1950":"êr","65/58756":"bê","9193/254848":"fn","1/130":"ês","26207/254848":"fo","7/975":"êt","41/117512":"bî","1401/15928":"fr","15/29378":"bï","23/63712":"fs","2/198283":"uả uà uë uð uā uł uń uš","1427/254848":"ft","3243/127424":"fu","5/254848":"fv fà","17/117512":"bó","5501/254848":"fw","3/254848":"fx fz","6/14689":"bô","10387/127424":"fy","11/117512":"bö","4/267":"ëa","2/267":"ëb ëk","22/267":"ëd","10/267":"ëe","52345/299992":"ga","173/149996":"gb","1/89":"ëg ër","7/94":"çã","29/149996":"gc","1/105344":"cà cò cù","93/74998":"gd","1/256378":"ağ","11/267":"ëi","9/105344":"cá","4833/74998":"ge","127/105344":"câ","1581/299992":"gf","291/299992":"gg","8/267":"ël ës","8075/299992":"gh","2273/74998":"gi","3/210688":"cæ cï","23/299992":"gj","2/89":"ën","4/89":"ëo ëy","5/42856":"gk","3/105344":"cè có","13465/299992":"gl","35/210688":"cé","353/299992":"gm","1/26336":"cê","475/149996":"gn","2361/21428":"go","5/267":"ët","19/149996":"gp","3/299992":"gq gë gú","15/210688":"cí","1937/27272":"gr","381/299992":"gs","46/89":"ëw","43/37499":"gt","589/42856":"gu","1/267":"ëz","3/74998":"gv","461/3896":"gw","127/210688":"cô","19/299992":"gx","20101/149996":"gy","1/27272":"gz","1/30":"ìa ìc ìm ìq ìw","1/15":"ìb ìo ìz","25/210688":"cú","21791/131764":"ha","295/263528":"hb","75/263528":"hc","1/363706":"dà dī dū dž dʒ","1653/263528":"hd","31/727412":"dá","4451/32941":"he","34/181853":"dâ","823/263528":"hf","122/32941":"hg","3/727412":"dä dö","4/32941":"hh","3/256378":"ał aš","10047/131764":"hi","3/10":"ìn","35/263528":"hk hŵ","5/727412":"dè dó dā","3283/263528":"hl","21/103916":"dé","125/65882":"hm","11/727412":"dê","1653/131764":"hn","3343/32941":"ho","93/263528":"hp","1/65882":"hq hó","13/363706":"dí","181/727412":"dî","10283/263528":"hr","1/8764":"dï","365/263528":"hs","807/263528":"ht","1200/32941":"hu","21/263528":"hv","9169/131764":"hw","69/727412":"dô","16449/131764":"hy","5/263528":"hz hä hò","45/299":"ía","1/103916":"dù","1/299":"íb íf íh íp íq íu íñ","1/10850":"vị vj vp vx vz và vâ vè võ vă vě vœ vş","5/363706":"dú","4/299":"íc íw","2/299":"íe","1/51958":"dü","64736/517119":"ia","1/616":"éâ","3733/517119":"ib","10/299":"íg","3545/172373":"ic","3/656788":"eà eï eč eň","12694/172373":"id","15/656788":"eá","9592/517119":"ie","7887/172373":"if","1/328394":"eã eí eś eş eŵ eɪ","7/299":"ík","5/769134":"aş","23174/517119":"ig","9/299":"íl ír","485/517119":"ih","5/656788":"eå eò","3/299":"ím ít íð","1211/517119":"ii","4/23":"ín","172/517119":"ij","31/299":"ío","748/517119":"ik","9791/172373":"il","2/164197":"eé","4321/517119":"im","16322/172373":"in","9/328394":"eë","15/299":"ís","13704/172373":"io","2183/517119":"ip","133/517119":"iq","6/299":"ív","33076/517119":"ir","24385/517119":"is","23959/517119":"it","9/656788":"eñ","1337/517119":"iu","349/172373":"iv","25/656788":"eó","5013/172373":"iw","316/517119":"ix","919/517119":"iy","170/172373":"iz","1/207":"îa îg","1/1035":"îb îc îk îo îp","2/115":"îd","215/793":"ja","1/345":"îf îr","6/8723":"jb","5/8723":"jc jé","2/1035":"îh","15/8723":"jd jk jt","1/7964":"fá","800/8723":"je","10/8723":"jf jn jp já","7/23168":"fâ","1/8723":"jg jx jê jì jü jā jē jś jǐ","12/8723":"jh","8/69":"îl","460/8723":"ji","209/345":"îm","9/8723":"jj jø","157/1035":"în","1/254848":"fç fì fð fó fû fā fŭ fǔ fʁ","8/8723":"jl","3/8723":"jm jñ jī jū","5/31856":"fé","13/127424":"fê","8/345":"îs","3648/8723":"jo","4/207":"ît","1/63712":"fí fï","29/127424":"fî","60/8723":"jr","25/8723":"js","600/8723":"ju","2/8723":"jv jâ jã jæ jè jí jî jï jú jǫ","18/8723":"jw jó","93/127424":"fô","27/8723":"jy","1/127424":"fø fǎ","619/1027":"ïa","2/1027":"ïb ïc","19/29378":"bŵ","13/254848":"fú","7/1027":"ïd","29/1027":"ïe","1/15928":"fü","845/7221":"ka","4/1027":"ïf ïn","15/4814":"kb","3/1027":"ïg ït","17/14442":"kc kv","1/74998":"gà gù","3/4814":"kd","15/299992":"gá","351/2407":"ke","185/149996":"gâ","47/14442":"kf","34/7221":"kg","1/1027":"ïl ïm ïq","3/149996":"gä gì","75/2407":"kh","2077/14442":"ki","13/14442":"kj","91/14442":"kk","271/1027":"ïo","54/2407":"kl","3/42856":"gè","4/37499":"gé","748/7221":"km","103/7221":"kn","107/74998":"gê","5/1027":"ïs","350/7221":"ko","14/7221":"kp","1/3409":"gî","121/7221":"kr","62/1027":"ïw","3/21428":"gï","323/7221":"ks","13/727412":"dō","12/2407":"kt","6/1027":"ïy","223/7221":"ku","3/37499":"gó","107/14442":"kw","1/2407":"kx ká","3/5357":"gô","353/14442":"ky","2/7221":"kz kä ký kı kū","25/149996":"gö","1/52672":"cŷ","1/33":"ðe ðf ðg ðs ðì","1/10714":"gü","50483/420241":"la","2534/420241":"lb","3007/420241":"lc","4260/420241":"ld","39/131764":"há","4/33":"ði","43108/420241":"le","1/149996":"gā gĩ gł gő gũ gŭ","139/131764":"hâ","4286/420241":"lf","1376/420241":"lg","748/420241":"lh","33780/420241":"li","40/420241":"lj","362/420241":"lk","1/32941":"hè hë hü","71537/420241":"ll","23/131764":"hé","3509/420241":"lm","10/33":"ðr","9/131764":"hê","255/420241":"ln","24045/420241":"lo","3/263528":"hì","513/420241":"lp","3/131764":"hí","12/420241":"lq lä lò lü","278/420241":"lr","51/263528":"hî","17/263528":"hï","1187/420241":"ls","4801/420241":"lt","14899/420241":"lu","369/420241":"lv","20554/420241":"lw","3/500":"ŵa","7/420241":"lx","71/263528":"hô","1/4500":"ŵb ŵt ŵw","25735/420241":"ly","9/263528":"hö hā","1/1500":"ŵc","57/420241":"lz","2/1125":"ŵd","47/1500":"ŵe","29/61":"ña","11/2250":"ŵf","541/363706":"dŵ","7/263528":"hú","1/900":"ŵg","141/727412":"dŷ","5/61":"ñe","1/750":"ŵi","53008/194191":"ma","2168/194191":"mb","2/172373":"iß","1209/194191":"mc","1/172373":"ià iç ię iō","17/1125":"ŵl","4741/194191":"md","1/2250":"ŵm","4/172373":"iá ić","25090/194191":"me","130/172373":"iâ","52/1125":"ŵn","405/194191":"mf","1/450":"ŵo","2594/194191":"mg","2/517119":"iä iù iţ","1979/4500":"ŵp","3425/194191":"mh","10100/194191":"mi","5/194191":"mj mz mæ","1471/4500":"ŵr","1/500":"ŵs","15/61":"ño","16/194191":"mk mò mā","40/517119":"iè","4861/194191":"ml","5/172373":"ié","1099/194191":"mm","1328/194191":"mn","10239/194191":"mo","228/11423":"mp","6/194191":"mq","167/1500":"ŵy","12492/194191":"mr","149/11423":"ms","8/517119":"ið","292/194191":"mt","13/517119":"iñ","8885/194191":"mu","9/194191":"mv","16/172373":"ió iŵ","5929/194191":"mw","13/194191":"mx mä mí","166/517119":"iô","5090/194191":"my","11/263528":"hě","18593/322321":"na","1379/644642":"nb","1/975":"êş","5733/644642":"nc","21219/644642":"nd","1/25":"òi","52397/644642":"ne","7/517119":"iā ič iń","3959/644642":"nf","15929/322321":"ng","7/8723":"jä","8853/644642":"nh","1/50":"òm òt òw","20140/322321":"ni","279/644642":"nj","390/322321":"nk","1269/322321":"nl","505/644642":"nm","9/25":"òr","13962/322321":"nn","4/25":"òs","18231/322321":"no","121/644642":"np","57/644642":"nq","2830/322321":"nr","3288/322321":"ns","14129/322321":"nt","3168/322321":"nu","79/322321":"nv","12499/322321":"nw","21/322321":"nx","23/8723":"jô","3/1207":"ŷb ŷl","9658/322321":"ny","19/8723":"jö","221/644642":"nz","61/1207":"ŷd","1/158":"óa óe óp óð","3/316":"ób","5/127424":"fŵ","13/316":"óc","3/158":"ód óg ói óz","577/226426":"oa","1/316":"óf ój óu óv óż","9553/452852":"ob","3315/226426":"oc","16181/113213":"od","42963/452852":"oe","309/1207":"ŷn","2372/113213":"of","19245/452852":"og","7/316":"ól","914/113213":"oh","1/4814":"kå kê kë kí kā","1/79":"óm","1365/226426":"oi","18/113213":"oj","113/316":"ón","11/71":"ŷr","7/1207":"ŷs","451/226426":"ok","69407/452852":"ol","43/14442":"ké","3755/226426":"om","33/158":"ór","13552/113213":"on","5/316":"ós","1861/452852":"oo","2/79":"ót","6135/452852":"op","21/452852":"oq","37933/452852":"or","3/79":"ów","4754/113213":"os","25/263528":"hō","1218/113213":"ot","3389/452852":"ou","1/7221":"kò kô kø kł kə","1003/452852":"ov","4/7221":"kó kü","1965/226426":"ow","315/452852":"ox","1209/452852":"oy","13/7221":"kö","67/226426":"oz","1/6782":"ôa ôk ôy","5/6782":"ôb","37/21428":"gŵ","20/3391":"ôc","49/3391":"ôd","12938/77609":"pa","19/6782":"ôf","57/77609":"pb","1/3391":"ôg ôi","15/11087":"pc","3/420241":"là lý","29/77609":"pd","37/420241":"lá","15955/77609":"pe","46/77609":"pf","170/420241":"lâ","2/420241":"lã lì lþ lă lī","53/77609":"pg","4281/6782":"ôl","5896/77609":"ph","1/420241":"lå lú lÿ lą lč lē lė lķ lő lž lǎ lə","7/6782":"ôm","633/11087":"pi","5/420241":"læ lı","8/77609":"pj","474/3391":"ôn","44/77609":"pk","6/3391":"ôp","10/420241":"lè lā","5130/77609":"pl","55/77609":"pm","100/420241":"lé","136/420241":"lê","9/11087":"pn","650/3391":"ôr","5/3391":"ôs","9/420241":"lë","1008/11087":"po","18/3391":"ôt","562/77609":"pp","34/420241":"lí","19/420241":"lî","9299/77609":"pr","15/263528":"hū","863/77609":"ps","50/420241":"lï","1634/77609":"pt","2287/77609":"pu","11/77609":"pv pî pā","14/420241":"ló","2575/77609":"pw","91/420241":"lô","85/77609":"px","953/77609":"py","5/77609":"pz pí pó","124/420241":"lö","6/420241":"lø","1/644642":"nº nã nö nø ný nš nǐ nə nɪ","55/65882":"hŷ","50/1151":"qa","1/1151":"qb qf qj qm qn qp qy qí qā qū","11/1151":"qc qs","25/194191":"mà","5/1151":"qe qw","53/194191":"má","230/194191":"mâ","45/1151":"qi","7/194191":"må","3/194191":"mè","58/194191":"mé","28/194191":"mê","17/1151":"qo","3/1151":"qq","12/1151":"qr","14/194191":"mï","4/8723":"jō","4/1151":"qt","890/1151":"qu","15/194191":"mó","1427/194191":"mô","10/194191":"mö","4/194191":"mø","2/341":"öa","5/341":"öb ök","4/341":"öc öm ös","6/341":"öd","12/341":"öe","24/194191":"mü","52727/585967":"ra","3/61":"ñā","3/341":"öf öo","5946/585967":"rb","1/341":"ög öv öz öß","9999/585967":"rc","1/31":"öh öp","22305/585967":"rd","17/341":"öi öw","18/322321":"ná","42827/585967":"re","10/322321":"nâ","11704/585967":"rf","4/517119":"iž","6085/585967":"rg","23/341":"öl","2/322321":"nä nī nō","27960/585967":"rh","50235/585967":"ri","19/341":"ön ör","3/644642":"næ nè nė ně","72/585967":"rj","63/644642":"nç","10/5689":"rk","6904/585967":"rl","117/644642":"né","3385/585967":"rm","4/322321":"nê","8841/585967":"rn","13/644642":"në nŵ","44182/585967":"ro","5/31":"öt","1239/585967":"rp","25/644642":"ní","68/585967":"rq","27/644642":"nî","4898/585967":"rr","137/322321":"nï","8634/585967":"rs","3/2407":"kō","18590/585967":"rt","113/341":"öy","11047/585967":"ru","423/585967":"rv","5/644642":"nó","19728/585967":"rw","49/585967":"rx","55/644642":"nô","24056/585967":"ry","154/585967":"rz","20603/250037":"sa","3372/250037":"sb","1/113213":"oß","2112/250037":"sc","480/250037":"sd","18924/250037":"se","11/644642":"nā","886/250037":"sf","1/452852":"oã oç oð oú oč oş oſ","16907/250037":"sg","3946/250037":"sh","22374/250037":"si","32/250037":"sj","846/250037":"sk","1532/250037":"sl","3/452852":"oé","1077/250037":"sm","5916/250037":"sn","4/113213":"oë","12391/250037":"so","1220/250037":"sp","3/226426":"oí oñ","82/250037":"sq","1/226426":"oî oö oÿ oř oś","546/250037":"sr","2/113213":"oï","3492/250037":"ss","29735/250037":"st","3560/250037":"su","107/250037":"sv","4959/250037":"sw","3/250037":"sx sā sŏ","21302/250037":"sy","41/250037":"sz","1/56":"øb øl øt øu øv","3/113213":"où","1/28":"ød øm","21230/232139":"ta","1094/232139":"tb","3/56":"øg","465/232139":"tc","104/232139":"td","12/77609":"pá","18957/232139":"te","48/77609":"pâ","260/232139":"tf","1/77609":"pã pò pö pû pė pɒ","1/14":"øk","819/232139":"tg","2/77609":"pä på pü pē pō","79061/232139":"th","15279/232139":"ti","5/28":"øn","10/232139":"tj tä të tö","6/77609":"pæ pè pú","101/232139":"tk","1490/232139":"tl","40/77609":"pé","300/232139":"tm","17/56":"ør","110/11087":"pê","595/232139":"tn","570/10093":"to","129/232139":"tp","24232/232139":"tr","14/11087":"pï","2361/232139":"ts","2312/232139":"tt","11/56":"øy","9176/232139":"tu","9/10093":"tv","2141/232139":"tw","2/11087":"pô","13/232139":"tx","7463/232139":"ty","277/232139":"tz","22/420241":"lŵ","237/420241":"lŷ","5019/198283":"ua","1194/198283":"ub","157/8621":"uc","9550/198283":"ud","1/36":"ùi ùl","5/452852":"oğ ož","2007/198283":"ue","1838/198283":"uf","3093/198283":"ug","119/198283":"uh","1093/198283":"ui","80/198283":"uj","376/198283":"uk","9767/198283":"ul","2998/198283":"um","26415/198283":"un","4841/198283":"uo","714/198283":"up","1/8621":"uq","16001/198283":"ur","9643/198283":"us","2550/198283":"ut","90/198283":"uu","170/198283":"uv","2639/198283":"uw","164/198283":"ux","326/198283":"uy","209/198283":"uz","11/106":"úa","8/194191":"mŵ","5/106":"úb","6/53":"úc út","1/106":"úd úm úz úñ","2237/10850":"va","2/5425":"vb","6/5425":"vc","7/585967":"rà ræ rī","17/5425":"vd","4/53":"úi","40/585967":"rá rö","1413/5425":"ve","3/106":"új","1/2170":"vf vv","93/585967":"râ","27/10850":"vg","3/53":"úl","15/585967":"rä","4/5425":"vh","8/585967":"rå","3649/10850":"vi","8/53":"ún","3/5425":"vk vt vå","13/585967":"rè","1/53":"úp úr","69/10850":"vl","1/5425":"vm vq vø","169/585967":"ré","150/585967":"rê","24/5425":"vn","7/106":"ús","158/585967":"rë","25/434":"vo","55/585967":"rí","71/585967":"rî","3/310":"vr","43/5425":"vs","164/585967":"rï","9/585967":"rð","59/5425":"vu","3/10850":"vw væ vö","37/585967":"ró","241/585967":"rô","79/10850":"vy","10/585967":"rø rō","4/585967":"rù","3/585967":"rú rû ră rē rš","27/585967":"rü","12569/155354":"wa","1645/310708":"wb","3025/310708":"wc","1192/77677":"wd","48/250037":"sá","9930/77677":"we","14/585967":"rā","35/250037":"sâ","367/155354":"wf","18/250037":"sã","1131/155354":"wg","6/250037":"sä sü","467/310708":"wh","5/226426":"oš","4/250037":"så sō","7969/155354":"wi","10/17":"ûn","23/77677":"wk","9/250037":"sè","4929/155354":"wl","84/250037":"sé","4215/310708":"wm","4/17":"ûr","124/250037":"sê","12279/155354":"wn","6287/310708":"wo","164/77677":"wp","10/250037":"sí","26/250037":"sî","26795/310708":"wr","121/250037":"sï","1598/77677":"ws","389/155354":"wt","97/155354":"wu","89/310708":"ww","136/250037":"sô","499/1796":"wy","1/155354":"wz wï wö wł wū","20/250037":"sö","12/250037":"sø","9/199":"üb","12/199":"üc","8/199":"üd","7/199":"üe üs","296/2599":"xa","15/2599":"xb","2/199":"üg","48/2599":"xc","2/2599":"xd","4/232139":"tà","4/199":"üh ük üm","85/232139":"tá","149/2599":"xe","1/199":"üj üv üw üy üç üí üş","42/2599":"xf","353/232139":"tâ","3/2599":"xg xn xī","40/2599":"xh","10/199":"ül","320/2599":"xi","2/232139":"tæ tù tă tī tū","44/199":"ün","17/2599":"xl xv","17/232139":"tè","10/2599":"xm xs","77/232139":"té","59/199":"ür","59/232139":"tê","77/2599":"xo","13/199":"üt","68/2599":"xp","5/2599":"xq","21/232139":"tí","420/232139":"tî","5/585967":"rĭ rı","15/232139":"tï tā tō","120/2599":"xt","22/2599":"xu","29/2599":"xw","40/232139":"tó","26/2599":"xx","45/232139":"tô","52/2599":"xy","3/232139":"tø","88/77609":"pŵ","14/232139":"tú","4/77609":"pŷ","7/232139":"tû","5/232139":"tü tý","4511/623229":"ya","2623/623229":"yb","3/198283":"uß uï už","7367/623229":"yc","108061/623229":"yd","6/198283":"uá","625/623229":"ye","31916/623229":"yf","7544/623229":"yg","4540/623229":"yh","86/207743":"yi","13/623229":"yj","55/623229":"yk","4/198283":"uè uş","12038/623229":"yl","27/198283":"ué","14966/207743":"ym","177940/623229":"yn","992/623229":"yo","629/623229":"yp","13/198283":"uí","43802/623229":"yr","10846/207743":"ys","5810/623229":"yt","12/198283":"uñ","221/623229":"yu","15/207743":"yv","12419/207743":"yw","26/207743":"yx","24/207743":"yy","31/623229":"yz","181/870":"za","13/1740":"zb","11/3480":"zd","13/10850":"vá","127/870":"ze","1/696":"zf","19/3480":"zg","17/348":"zh","29/10850":"vä","15/250037":"sł","37/348":"zi","1/870":"zj zë zó","9/1160":"zk zm","7/1160":"zl","2/775":"vé","31/3480":"zn","113/1160":"zo","2/435":"zp","1/580":"zq zú","3/2170":"ví","1/290":"zr zá","7/1740":"zs","17/3480":"zt","57/1160":"zu","1/348":"zv","4/435":"zw","19/1160":"zy","9/232":"zz","2000/585967":"rŵ","15/310708":"wá","101/155354":"wâ","13/310708":"wä","7/310708":"wé","17/155354":"wê","3/310708":"wë","5/310708":"wî","5/250037":"sū","89/250037":"sŵ","4/77677":"wü","1/77677":"wā","4/153":"āb āg āk ās","166/232139":"tŵ","5/153":"ād","426/232139":"tŷ","4/623229":"yà","1/207743":"yâ yè ył yń","4/51":"āl","8/153":"ām āt","29/153":"ān","8/623229":"yā","7/3480":"zè","3/1160":"zü","5/17":"ăn","15/16":"ỳl","65/155354":"wŷ","4/2599":"xš","10/623229":"yō"}}