{"language":"MAORI","ngrams":{"1/1":"aço aör aƒn bfr bgt bzp dqu eﬁx fks fāg gva gzh hve håk héo hëk hôt ièr iña jch jnr jwa kãt kòh kõr ljo mje mqs máo mën nqu nès née nêh nïk nḡa oqu oēa ošk pìr pûk qdv qei qin qju qma qtr qwe rjo rqu rêt sja squ sze tàt tán tçn tên tìm uji uér vhf völ vül wja wqd wva wūr xbu xfo xhi xqu yje yyo zfr zge zky zxc àer àor àra áor âor ãha ãāt ämä äor äün åka çta ène éol êhi êne êpê ëki ëpi ërä ìma ìra íbe íci íka íot írí îko îop ïia ïka ïna òhu òna ôna ôpu õhí õku õna öek öia ölk ùma ùta últ ûho ûko ûro ûtu üho üll üor üän āgo āli āāh ēua ēym īva īīa ōot ōāt ōēt ško ūle ƒno ʻtē ʻwh 一哈卡 了新的 但尼丁 体育场 克体育 全黑队 前表演 南非开 卡帕奥 卡战舞 卡里斯 卡马泰 哈卡战 唯一哈 在但尼 场前表 奥庞格 对战南 布鲁克 帕奥庞 开场前 战南非 斯布鲁 新的哈 是全黑 曾是全 泰哈卡 演了新 演过的 的哈卡 的唯一 舞卡帕 舞曾是 过的唯 里斯布 队在但 队表演 非开场 马泰哈 鲁克体 ﬁlu ﬁsh","1/2":"aēm dja dka dke eēn eēt eōw gfi hki hío kja kía kôr mãt mïh pbe png pwa pwc pôr pôt pùm pùt ríb rít rüm sxi sxs tér tõk tõn uﬁl vma vms wba wbo wgr xst xsw xye xyg yfo yke zce zwa zwo zzi âin âit âke âku âpe âpo âra âre ãma ãmu ãpo ãpu éra éri ïti ôra ôre õre õro öan öar öko ömi ömu ūua ūur 表演了 表演过 黑队在 黑队表","1/3":"bnz dze dzo fng gwa gwe gwo iēr iīa iīk iīt kâr kât kâw lha lve mhi mve mào màt mõh nân pgp pgs pãh pãt pên pêp pën pön qsm rpo sma tjo txo txv tôn tôt uza uzz uän vro wde wsl wâh wât wīw xle xus yhe yud yve zba zsa èrà ëmu íak ítí ïtï ôha üpa üpo üpu üwh ēet 战舞卡 战舞曾","1/4":"dju eze gfo gfs hîo hït ija iji iya kôh kôp mfe mnt mnz mïr mït nwe pân rha rhy rün rüw sde tâp wdr yza yzi yzo zin âwa üan üao üar","1/5":"bho bhu bpe cwh eja eju fch fpm fpp gka gku gkw hfo nxa oūt pïk sfi vuw wmn wīr zab zna âhe ëhi ïha ïhe ïwa","1/6":"gcn gōr hda hdr hga hgy kcg kcl kpo kïa mhe mhs mhu mhz mva mvi mwe môh pna pne pnr pëp qsi wdo wân ybu zbi zbl ïto ôti öka öke öku īek","1/7":"cza czu ggs iōm iōp iōr iōu kwa kwh lgc rry sgt tãp tãā tía tíc tír vdi vle vng wōk wōn yge zrl ïpu ïpï āēn āūa ēak ēan","1/8":"aqs cbr fma fmg fmh hïn hïw ijk kbr mng pâk pât tâh tâk tân yko zcg zci çnâ öra ümo","1/9":"bst hcr hdd hdl kpe kph kpu mdm mdo mwo nbe nby pöa pöh pök pör rëh röi rön vyn wre ãta ãtk ãtu ãtã äur üne üng īem","1/10":"aūp dvd fga fur hfl hfr nfl pfa pïp sfe swo syl tne tïh tït tïw vsk ywa ywh zmi ânu","1/11":"btf bti höh hön hör jea kfc mke mkh mki mko mkt nwy rân zda zdt zpa äpa","1/12":"dba dbe dva dve fsn fsp gct hch hhu jpe jpg mni mns mnu pëh wdc wdh wdi wuu xof xot xox ybe ybi ybo ymb zil àtu öti īpo","1/13":"azm aān aār bde bdo cve dpa dpr dro lub lut myt mär mūt nvo oji ozo ozz uxe uxf uxi uxw wcl wco yed yfa yff yfi yfs öne öng üra üri üru","1/14":"khi khm kwe kwi kww kwā täk tûr tût vde vds ygi äre ōau","1/15":"but oyl rïp uzy wfl wft yhi zsc ïme īat","1/16":"dal ezi hko hkw kbu yme zho","1/17":"dta dtt dtu ldr päh päp yat üko","1/18":"bby hca kpa kpd mwh","1/19":"lnz mân mâr sri sru","1/20":"pbr sfa sfl sfu tfl tfu wti wtr ywe âne âng","1/21":"bch bci bco bcs bng csi täh wro yuc yuk yup yur âtu āaa āah āai āar āau","1/22":"gym gōh jin syc syv wki xti öho öpï","1/23":"bib cng cni cpd cpi cpl fie gda gdd gmo gms iqp xas","1/24":"dbr dbu fsr kïi mne mno zio äka äwe ötu","1/25":"uēt zap zme ōea","1/26":"aāk aāt tbe tbf ufb ufi yen zqf ürä","1/27":"cup flv idi mgi mgt nba tda tgc vys","1/28":"khe khu lda nyc zzy īno","1/29":"dfo dfu gbi gbr gbu këm xen yid yie","1/30":"dvo fus iup lra lre rïw tïr","1/31":"eāt eāw kth ktm ktt mth mts mtē mtō pce pct rīr töm īok","1/32":"kbe kbi kbo näi ssu ymi ēot ēow","1/33":"käi käp käw wka zoi zol zor","1/34":"kgm kgs npa npc npl npm npr päw qan qar qat xch xcl ütu","1/35":"aji aōn aōt csp eqa lgo tüm tüp ïre ïrä","1/36":"psy pti äti","1/37":"cdd cds gti pye pyl pyn","1/38":"iūt xie","1/39":"bsa lff lft lwe mūn nök nīa nīn nīt oja ojo sic","1/40":"fui pbk tfe tfi","1/41":"bmv bmw cgm cgp cgy mla mli ysi","1/42":"mri täu täw äri","1/43":"dhi hwh lxi nho rpi rpt smy tvy udd uds yca yco ēia ēii ēir ēit","1/44":"jic kyl rbs","1/45":"ido äte","1/46":"axe krn pūh","1/47":"afi gso gât pvp","1/48":"ymu zid zim zit äke","1/49":"tzf tzk tzp tzs tzy","1/50":"aūk aūr nfp wyl zmy","1/51":"not yag","1/52":"rhh","1/53":"aye hmg ypa","1/54":"lou nbi yda","1/55":"fty hry oym oyn oyo","1/57":"ply wēw īke ūik","1/58":"ebi köa köm nra wll wly ēwē","1/59":"lbr lby nūk nūn rwe","1/60":"fue īar","1/61":"hpp hpr lpa lpt","1/62":"ēhu","1/63":"psa wrh ūoi","1/64":"nmk","1/65":"azd azt yet yew","1/66":"gōi gōu","1/67":"cka dwe dwr dwy hsi hst rrm","1/68":"gnk gnm lig","1/69":"axo xac xal xav ūku","1/70":"wīn","1/71":"ocy","1/72":"lvr lvy äku","1/73":"häk häü yra","1/74":"gēw rya ubd ubr wär wät","1/75":"idu mök tni ëng","1/76":"wol won xis","1/77":"ggu xpi","1/78":"lfg lfl","1/80":"dga dgk sdi īak","1/81":"cui tdd tdl","1/82":"snr","1/83":"ilo","1/84":"mra psc","1/86":"kūi kūo smd sms ycr","1/87":"nrh","1/88":"gyp gyv kyc kyf kyp","1/89":"byn","1/90":"spu ätu","1/93":"eām eān","1/94":"afé gsr gsw","1/95":"wok","1/96":"ymk","1/97":"dno rsp","1/98":"lye lyo nye nyo","1/99":"rcu rcy ōme","1/100":"nfc nfr nfu pke spl xwh xwo","1/101":"ylt","1/102":"ucl","1/104":"män oāk","1/105":"cst tüh tük tüt tüw tüä wīh äni","1/106":"tmē","1/108":"bbc bbq cub cuz nbl ydu","1/110":"fta ftd fti ftp syk syt tëh xta","1/111":"gee gta gte ixl ixs ixt ixv ixw","1/112":"dly mry ōai","1/113":"dsc","1/115":"püa","1/117":"bse bsk dry sii","1/118":"lbg","1/119":"ldd","1/120":"fuk","1/121":"oxa","1/124":"cyd cyo ssc","1/125":"zav zay zaz ōen","1/126":"evu psn psp rci","1/129":"smg","1/130":"yee yeg","1/131":"tlo","1/133":"ōhā","1/134":"nic","1/136":"gnh gnu gnè gnā uci","1/137":"räh räk skt skā","1/139":"ccl ccs eub eug eui lcp","1/142":"hnk iiw uuu","1/143":"jel jem jeo jet myn myo myz uīt","1/145":"dfl ebm ebu wst","1/146":"lmc lmi lmp lmt lmā mīk","1/148":"ubo ubt","1/150":"aby bum bup tno","1/152":"xia xib xil xio xir xit","1/153":"yad yah yau yaw","1/155":"ify rdr rdy","1/156":"mäm","1/160":"dab dau dgm dgs sdc","1/162":"cuo","1/164":"hta htc htl htn yse ysw","1/165":"oye oyk","1/166":"lsi","1/171":"wēa wēh wēk wēy","1/172":"yci yck","1/173":"nkc nkm nkn vok voo","1/174":"nrc nrl ēwi","1/175":"dcl dcn dcu","1/179":"dyc dym dys","1/180":"spc spf sph ätï","1/186":"rdn","1/187":"wng wnn","1/188":"gse gsi gsk gsp gsu nll nlt","1/191":"rfl rfn rfx","1/192":"daf lil","1/196":"nyh nyn nyr nyt","1/201":"ūai","1/202":"ylc","1/203":"odc","1/205":"hye hyh hyr hyy hyz kme kmo kmp kms kmō","1/206":"klo","1/208":"oāh oān oāw","1/210":"abs wīk","1/213":"uug uuw","1/215":"kūn","1/218":"elg elm","1/222":"rys","1/225":"bug buo buy buz idw","1/226":"dsl dsm rgr","1/228":"igb igs īpi","1/229":"dud ffu","1/230":"jug jui juj jup jut juw","1/232":"ēmē","1/235":"pīm","1/237":"zed","1/238":"ldu","1/239":"cmf cmj cml cmt mce mcu mcw","1/240":"dad dag dap daw īao","1/241":"tsi tsu","1/243":"pts","1/245":"lya lyb tcc tcy tcz tpd tpu tpō","1/247":"ynf yni ynx ynz","1/248":"cya cyb cyh cyi cyk cyn cyr cys cyt ssn ssr","1/249":"lsa lsn lsv","1/251":"shw","1/252":"evy psh psi psl pss psu","1/254":"mms māi","1/257":"īte","1/258":"smc smp smw","1/259":"gum tya wwh wwi wwo","1/262":"tlr","1/272":"ucy","1/273":"phn phs","1/275":"hrc hrh","1/277":"ūno","1/278":"euf eup","1/282":"uom uop uou","1/284":"hna","1/290":"ebc eby lld","1/291":"rsk","1/292":"mīn usc","1/293":"suv","1/296":"ubc ubp","1/299":"pūā","1/301":"udf udu","1/307":"ksi ksk kss","1/310":"tku","1/312":"mäk","1/321":"ūtō","1/328":"hti osb osl osn osq ysa","1/329":"ogc","1/336":"evl mro","1/337":"āew","1/339":"bom","1/341":"pmn pmo pms","1/349":"ugr","1/351":"drn siz","1/362":"chy nāh","1/367":"exo","1/368":"efk efm","1/373":"saw","1/374":"yog","1/380":"woa wob woh wop woy","1/381":"jae jak jaw","1/383":"epl","1/388":"iol rsc rsn","1/390":"frn frs","1/391":"faw fax","1/392":"īnī","1/395":"zef","1/397":"rkh rkr rky","1/401":"cae caw","1/403":"luo lup rīi","1/406":"odh","1/407":"ēpo","1/411":"lep","1/419":"rmm rmn rmr rmt","1/421":"obd obn obr","1/426":"uud uui","1/435":"wsa wsg","1/437":"bim biw bix biz","1/439":"agm ghd ghy","1/442":"isr sls slu","1/444":"gey gud","1/447":"ltl ltm ltp","1/449":"eyb eyo eyw","1/450":"bua bux spb spt","1/452":"dse dsn dss","1/456":"igl","1/462":"rcc rcl rcr","1/464":"ēmā","1/465":"ifl ifs rdb rdd rdm tka","1/468":"sik","1/469":"rrp rru","1/470":"uoa","1/476":"ldc ldt","1/482":"tsc","1/483":"ūkē","1/486":"pty","1/490":"lyk lyv","1/496":"ssb","1/498":"lsb lss","1/500":"hūa hūi","1/502":"shd shf shn","1/503":"tūī","1/504":"evr","1/506":"ofa","1/513":"ovs","1/521":"doj","1/523":"esm joo","1/526":"tīe","1/527":"quh","1/535":"mpm","1/543":"iāk","1/545":"īii īin","1/552":"fib fij","1/555":"gep geu nou","1/556":"euu euw","1/565":"gär gäw","1/569":"ōik","1/570":"īku īkū","1/574":"ūāk ūām","1/577":"vad vao vap vav","1/582":"rss rsu","1/587":"msc msk msn msy","1/589":"uāo ōkē","1/593":"mbc mbh","1/599":"ivd ivy","1/602":"udn udr","1/611":"nzl nzr nzy","1/623":"bye byo bys byt byz","1/626":"īhā īhē","1/629":"ulc ulk","1/648":"pid","1/656":"osm osy ysd ysk ysn ysp yss","1/657":"ūhī","1/658":"ogs","1/666":"lof rye","1/675":"idf","1/678":"bof boš","1/687":"due dug dup dux","1/702":"sip siq","1/705":"pīi","1/718":"eeb","1/723":"tsb tss","1/724":"chw","1/727":"rnn rnt rnw","1/740":"geb","1/742":"vek","1/748":"yob yod yop","1/771":"ītā ītū","1/776":"oil oiu","1/789":"ōwi","1/816":"lix ucm ucn uco","1/818":"bam bap baw soa sog sot","1/828":"fix","1/850":"rēe rēp","1/857":"ōue ōuk","1/869":"oui","1/879":"thw","1/901":"rōm rōt","1/904":"dsu dsw","1/908":"hōe","1/912":"igw","1/919":"icc icn","1/923":"ocg","1/929":"adb adg adj adn adq","1/930":"tkm tkã","1/960":"dah dao daz","1/964":"ūpō","1/970":"oic","1/971":"fog fok fot fov","1/972":"pth ptm ptr ptt ptw ptx","1/987":"egb egt","1/992":"ssd ssf ssq sst ssx ēhā","1/999":"ryb rym ryu","1/1004":"shg shp","1/1007":"ayp ayw","1/1015":"llc llt","1/1022":"wid wif wih","1/1036":"tym","1/1037":"hēa hēi","1/1050":"abc abd abn","1/1057":"hīe","1/1060":"crí ooc","1/1077":"clc eeg","1/1088":"lii lij liq","1/1090":"dek","1/1110":"gew","1/1113":"vex","1/1119":"sae saz sać","1/1135":"ttu ttw tté","1/1136":"iil iio iis","1/1139":"ckf ckx","1/1143":"jab jal jar","1/1154":"vaa vah vak","1/1162":"ilh ilw","1/1164":"amä ioc rsf rsw rsy","1/1172":"suf","1/1185":"zeg zeu","1/1198":"ivn","1/1261":"rtb rtp rtt","1/1270":"mmg mml","1/1294":"asd asn","1/1311":"plb pld","1/1314":"ēru","1/1316":"ogh","1/1321":"acf acz","1/1328":"opb","1/1341":"sct","1/1361":"ctc cth","1/1386":"rck","1/1403":"beb bek bem bep beq","1/1404":"six","1/1410":"uoc uol uow","1/1415":"avm avr avs","1/1446":"tsd","1/1449":"mēa","1/1457":"edb edf edh","1/1460":"usl usm usp usq usu","1/1469":"mip","1/1507":"leh leu","1/1516":"tōī","1/1532":"epy","1/1533":"wij","1/1547":"isf isy","1/1553":"olr olt olw olō","1/1570":"īmt","1/1606":"pōi","1/1636":"sob sok sow soy soz","1/1637":"āmh āmr","1/1656":"fia","1/1709":"āwē","1/1720":"kuu","1/1758":"thq","1/1823":"ntk","1/1836":"piz","1/1909":"nōw","1/1933":"uws uww","1/1947":"ceg","1/1962":"elh elj elk elz","1/1998":"loh lok ryh ryk ryr","1/2003":"aad āpū","1/2005":"caa","1/2030":"llf lll llm llp","1/2072":"tyc tye tyi","1/2118":"āok","1/2120":"oof","1/2146":"owf owg owk owo owt","1/2154":"eee eei","1/2177":"trw","1/2180":"deh dez","1/2199":"aoi","1/2215":"etl","1/2226":"veh vep veu vew vez","1/2272":"iiu iiā","1/2274":"tōa","1/2347":"dik","1/2377":"vip viè","1/2378":"seg sek seo","1/2490":"iuc iul","1/2497":"unl","1/2518":"ōrō","1/2530":"ofl ofu ofx","1/2630":"tīi tīv","1/2637":"thf tht","1/2656":"opō","1/2678":"ipī","1/2703":"rōh rōk","1/2713":"uhō","1/2718":"kīm","1/2754":"pig","1/2757":"icd","1/2827":"nul","1/2857":"hug","1/2896":"chc chp chs","1/2914":"edc edk edp edz","1/2932":"aoe","1/2969":"ups","1/3064":"epm epû epī","1/3066":"wio","1/3094":"isz","1/3101":"etb","1/3108":"gué","1/3183":"āum āup āuā","1/3212":"pōā","1/3217":"ōpē","1/3264":"lih lir","1/3379":"kēi kēō","1/3409":"iec","1/3436":"imv imē","1/3551":"peā","1/3567":"eks ekī ekō","1/3572":"pēa pēe pēi pēo","1/3646":"ntb ntx ntz ntā","1/3661":"esv esā","1/3672":"pis","1/3880":"oig","1/3919":"wey","1/3942":"ērē","1/4006":"āpē āpī","1/4161":"eid","1/4268":"amö","1/4300":"kue","1/4313":"laa lao laz","1/4331":"ndh ndp","1/4492":"meā","1/4577":"stf stx","1/4586":"ueg uei ueo ueā","1/4599":"wiz","1/4870":"rif","1/4921":"ōhī ōhū","1/4977":"kev","1/5083":"pūu","1/5274":"thb thg thh thk thv","1/5293":"niñ","1/5312":"opf opn","1/5356":"ipb ipr","1/5426":"uhē uhū","1/5437":"pay","1/5497":"ewb ewg ewn eww ewī","1/5659":"utr utü","1/5718":"ōnī","1/5761":"ikh ikk","1/5864":"aos","1/6083":"ouv","1/6137":"aeā","1/6402":"amū","1/6443":"oae oal","1/6738":"mex","1/6810":"eaf","1/6826":"nev","1/6872":"imd iml imn imä","1/6929":"oeb oei","1/7134":"ekt","1/7222":"uas","1/7395":"moz","1/7491":"unv uny unā","1/7581":"umf umk umà umâ umä umī","1/7645":"emn emō","1/7715":"omh omr omt omä","1/7760":"oiā","1/7838":"weo","1/8326":"nāa nāp nāō","1/8536":"amr","1/8796":"aou","1/8843":"eoc eoe eoo eox","1/8849":"gob goc goy","1/9096":"tōw tōū","1/9198":"wie","1/9317":"ārg ārī","1/9435":"nob noc nod nog","1/9545":"nōa nōi nōō","1/9740":"rix","1/9799":"otr","1/10107":"meo","1/10168":"aww awy awâ","1/10283":"mib mif miu miy","1/10292":"orv","1/10476":"iob iov","1/10586":"niè","1/10651":"ehm ehy ehà","1/10653":"peb pev pey pez peō","1/10712":"ipm ipn ipä ipē","1/10927":"pāa","1/11073":"kāa","1/11319":"mub muf muā","1/11522":"ikö","1/12166":"ouz","1/12340":"uie uig","1/12467":"āhē","1/12804":"amt","1/12865":"orh","1/13476":"mec","1/13728":"kōo","1/14168":"tāa","1/14268":"eky","1/14458":"mōē","1/14650":"oht ohō","1/14845":"upf upw","1/14933":"ēnē","1/14969":"aiō","1/15505":"etg etm etz etí etō","1/15674":"iwo iwu iww","1/15761":"pob pox","1/16420":"giz","1/17045":"riä","1/17200":"kul kus kuā","1/17592":"aog aol aov","1/17795":"puc pud","1/17911":"ihm ihn ihq ihw ihä ihū","1/19727":"ukē","1/20336":"awl","1/20805":"eio eiq eiu","1/20939":"tēm","1/21707":"itp itä","1/22185":"moc mog moj moē","1/22473":"unj unp unw","1/23044":"ikē ikū","1/23891":"nez neā","1/23953":"ahl","1/24217":"okb okf okh okn okx okä okí okō","1/24305":"inh inp inä","1/24332":"ouf oux","1/24680":"uiq uiv uiz","1/25030":"rāā rāū","1/25608":"amd amg amh aml amn amâ amã","1/28305":"noy noz","1/28586":"arj","1/28694":"ruf","1/29300":"ohk ohl ohr ohē ohī","1/29397":"otd otj otn otí","1/29938":"aic aiv","1/30453":"apö","1/30517":"enq enx","1/30685":"aeg aej aeï","1/30988":"māa māl māē māī","1/31097":"nub nud nuf","1/31483":"tuc","1/32215":"oaf oag oaï","1/32499":"uab uac","1/33053":"maā","1/34050":"eaq eax","1/34090":"riī","1/36007":"tof","1/37141":"hux huä","1/38554":"onj onē onō","1/39148":"heí","1/40428":"mef meq meu mey","1/40855":"hof hoê hoā hoō hoū","1/41609":"akh akn akp akw","1/41661":"wab waí","1/43414":"itb itf","1/44793":"keb keā keē","1/46015":"erī erō","1/47782":"neō","1/47906":"ahr ahw","1/48933":"pav paç paē","1/51319":"atw atö","1/51460":"orê","1/54061":"wht whï","1/61971":"roq roz","1/62415":"eib eic eij","1/62595":"tiī tiō","1/62815":"gāo gāā","1/62966":"tuf tuv tuī","1/64998":"uav uaz uaā","1/68180":"riy riē","1/68890":"iav","1/72014":"toō","1/74357":"ngf ngk","1/78296":"heq heā","1/79711":"reﬁ","1/84797":"kod koz koā koū","1/85473":"nax naō","1/85758":"arh arâ","1/88871":"aub auz auì auï","1/89814":"aiz","1/93263":"kaf kaö","1/95812":"aht ahy ahí ahö","1/99159":"maū","1/102638":"atá atâ até atï","1/108122":"whp","1/109969":"raā raƒ","1/124827":"akl aky","1/128005":"kig kiv kiā","1/132397":"gaā gaō gaū","1/137663":"haq haā","1/142910":"anh anò anô","1/186526":"kad kaí","1/186827":"taē taō","1/223071":"ngv ngw ngz ngí","1/258805":"tey","2/3":"aít aīn bcg fna iēt kca käo lro lzh mdd rãt rët uär xlv xua yvo äua äwh ère êta ëme íta ôhi üwa ēeh","2/5":"fyi gki uōr zst âhi âhu","2/7":"bnb sgc tãm tät uys zum zus ïpe ēao","2/9":"bsi mga mww rëm tje vre ãtt äia äit äun","2/11":"cfa cfc cfe jer kfi njo zpc äpä öha","2/13":"aza jes lum uxt yfl","2/15":"flo fua hâi izz lri lry tïp uzu","2/17":"gna ibl qay","2/19":"src","2/21":"abo bca tän täp yug âte āat","2/23":"cne cnu cpp jud kra kru","2/25":"nfi tna zar","2/27":"bbe nbr tge ydi","2/29":"gbe köt xes xet","2/31":"mto töi","2/33":"käh oyc oys","2/35":"ajc lgh wīt","2/37":"cde pym pys uvi","2/39":"bsc gīr lfi mūh mūm","2/41":"bma eku hyp","2/43":"hwe kūh lxv rph tvi udy","2/45":"fly","2/47":"nly nzq","2/49":"tzh","2/51":"uce","2/53":"dmu hmi hms tmo yph ypi ypr yps","2/55":"fts","2/59":"lbi lbp ytr","2/61":"ddi hpo lpe","2/63":"wra wrd wry","2/65":"yel","2/67":"hse hsu ūak ūan","2/69":"fit","2/71":"hng ocu uua","2/73":"häu häw lms mīe yrn yro","2/75":"aūt ënā","2/77":"ggo","2/79":"kna knu knz","2/87":"nre sbe","2/93":"eāh","2/95":"kka","2/97":"dnu","2/101":"nēi nēn ylu","2/105":"csk cso īrā","2/111":"ixe ixi","2/113":"dst","2/119":"ëte","2/121":"oxy","2/125":"hūk zak zam zas ōer","2/129":"rps smu","2/131":"coc","2/137":"räp rär skf","2/139":"cci lcr twk","2/141":"hlu","2/143":"jek mym","2/145":"dfr","2/153":"yak","2/155":"lka lkl","2/165":"oyt","2/169":"oet","2/173":"nkr nkt nku nky","2/175":"dce","2/179":"dye","2/191":"rfe rfp","2/195":"fru","2/201":"ūap","2/203":"odr odw","2/205":"hyc hyf hyj kmā","2/213":"uuo","2/219":"wic","2/225":"bub bue","2/229":"ffl ffy","2/239":"cmb mcp","2/241":"tsa","2/243":"ptc","2/245":"lyw tci tpt","2/247":"ynl ynw","2/249":"ius lsh","2/251":"shl","2/265":"oos","2/273":"phd","2/285":"īkā","2/291":"rsl","2/293":"sug","2/305":"ddf","2/307":"ksd ksn kst","2/325":"ppp ppt","2/329":"ogg","2/339":"boi","2/349":"ugs","2/359":"cly","2/381":"jad jah","2/383":"epō","2/391":"fae fah fay","2/395":"zem","2/397":"rka","2/401":"cau","2/403":"lui lur luﬁ","2/407":"ēpā","2/409":"bad bae bax","2/425":"rēn","2/435":"wsn","2/447":"ltr ltz","2/449":"eyl","2/465":"ifa ifr","2/483":"mēh mēt","2/493":"alv","2/495":"ōmō","2/521":"doa dok dov ond","2/523":"joj","2/527":"qub","2/535":"mpd","2/569":"ōio","2/581":"ilc","2/587":"msu","2/611":"nzb nzu","2/623":"byl byu","2/629":"ulb ulg","2/635":"mmr","2/675":"idc idj idt idz","2/687":"duf","2/705":"uoi uok","2/723":"tsm","2/739":"rūw","2/765":"now","2/771":"gru","2/823":"ikā","2/839":"brc","2/857":"ōuh","2/893":"pēt","2/923":"ocl","2/929":"adh","2/987":"egh egm egu","2/991":"ncs","2/999":"ryg ryi ryt","2/1015":"llw","2/1021":"cic cić","2/1037":"hēu","2/1061":"āuk","2/1073":"owm","2/1113":"vec vei","2/1119":"sap sax","2/1135":"ttã","2/1139":"cko ckp ckw","2/1185":"zek","2/1261":"rtf rtv","2/1317":"agt","2/1319":"nss nsy","2/1321":"acd acg","2/1341":"scl","2/1361":"ctp","2/1373":"ecs","2/1415":"avc","2/1457":"edl","2/1547":"isn","2/1637":"āmū","2/1947":"cef","2/2005":"cac","2/2131":"ird","2/2227":"coi","2/2293":"uew","2/2297":"pry","2/2347":"dib","2/2377":"vib","2/2637":"thd thp","2/2703":"rōe","2/2713":"uhī","2/2827":"nuw","2/3079":"gal","2/3101":"etn","2/3183":"āuh","2/3379":"kēa kēw kēā","2/3531":"ūtē ūtī","2/3567":"ekl","2/3661":"esw esy","2/3921":"wāe","2/4163":"nām","2/4313":"laf","2/4331":"ndf","2/4437":"mow","2/4521":"lek","2/4577":"stb","2/4599":"wig wip","2/4767":"rox roā","2/5293":"nix","2/5497":"ewc","2/6889":"ias","2/7229":"mōa","2/7395":"mob","2/7581":"umē umū","2/7715":"omc oml","2/8849":"goä","2/9545":"nōr","2/9799":"otl otō","2/10151":"apä","2/10651":"ehs ehä","2/10653":"peu","2/11319":"mud muw","2/11763":"wāu","2/12515":"rāē","2/12563":"gāu","2/12979":"hāū","2/14347":"rul","2/14845":"uph","2/14933":"ēno","2/15761":"poc pog","2/16311":"pab","2/17025":"eaa eab eai","2/20805":"eiv","2/20865":"tiq","2/22185":"mof mop moy","2/22473":"unm","2/24217":"okm okt","2/24305":"inq","2/28295":"utd utk utn utp utw","2/28491":"nay","2/30453":"apc apl apâ","2/30685":"aed aez","2/31097":"nuo","2/32499":"uad","2/37141":"huc","2/38707":"urh urw","2/40855":"hog","2/41661":"wac","2/46015":"erë","2/54061":"whk whō","2/62415":"eii eiā","2/62815":"gāē","2/71455":"anq anē","2/74357":"ngn","2/79711":"rez","2/84797":"kof kov","2/85473":"naz","2/88871":"auâ auä auō","2/93263":"kav kaz","2/99159":"maf","2/109969":"raj","2/124827":"akt akí","2/128005":"kib","2/132397":"gaf","2/137663":"haf","2/186827":"taā","2/223071":"ngà ngã","3/4":"hco hàe hîk mfa wto xon zle âwh","3/5":"aōr bha eje nxi pïr uōp yho ïhi","3/7":"iōe lāk tãt tík vla vln zuk ïpa","3/8":"aqu ije yki zhe zhi","3/10":"fco vsm ywc","3/11":"hqu höp kfa küa xte zpi äpi","3/13":"aze mūr","3/14":"kho ygo zza","3/16":"zha","3/17":"ibb kgr üka","3/19":"īka ūio","3/20":"ool pbo wth","3/22":"syd sym","3/23":"cpu gde gme hby","3/25":"uēr wyo ōem","3/26":"aāe lfu tbo ufa ufe","3/28":"khr","3/29":"nro sba","3/31":"eāk kta","3/32":"kba","3/34":"npd xcv","3/35":"aōk lgi","3/37":"cdc uvr","3/40":"izo pba","3/41":"mle","3/43":"dhe hwi hwo nhc nhu ych","3/44":"jil jir kyo nwi","3/47":"nza pvs","3/49":"lyr nya","3/50":"wye","3/52":"rhd rhi","3/53":"dme hmn tmi","3/55":"fto ftt syn","3/56":"dli","3/58":"köe kök odd ēwa","3/59":"yte ytt","3/61":"hpa lpo","3/65":"azl azn ppi","3/67":"äho","3/68":"gno gns päk","3/71":"hni","3/73":"här","3/74":"ubs wän","3/76":"igg","3/77":"ggr ggy xpo","3/80":"dam dgr oih","3/82":"hte","3/88":"rbr rby","3/92":"eft","3/97":"rse","3/100":"nfa pka","3/110":"fth ftw syr","3/115":"off püm","3/119":"lds","3/125":"zaf","3/131":"tlb","3/134":"pdc","3/136":"gnt","3/139":"ccc ccf ccn ccr lca lci lcu lcy twr","3/143":"jew myd","3/152":"xim","3/155":"lkt rdo","3/164":"awā htw osc yso","3/166":"lsw","3/173":"voh vos","3/175":"dcm dco","3/182":"pht","3/184":"efs","3/185":"gel","3/188":"afr","3/190":"wou","3/191":"rfu","3/196":"nys","3/203":"odl","3/205":"hym kmk","3/208":"oāt","3/229":"ffc ffs","3/230":"jub jur","3/238":"ldf","3/239":"cmd cmk cmm cmw mcb mcf mci mcs","3/245":"lyd lyi lyp tcd tce tcl","3/247":"yny","3/248":"cyf cyp ssw","3/274":"sks","3/277":"ūne","3/296":"ubb ubj","3/301":"uda","3/304":"igm","3/305":"ddd ddh dds","3/310":"tke","3/314":"rvo rvy","3/323":"ibm ibn","3/328":"hty","3/332":"ilr","3/337":"āep āet","3/349":"ugo","3/367":"exu","3/374":"yot","3/380":"woe","3/392":"īnā","3/395":"zei","3/397":"rkl rkm rko","3/403":"rīt","3/407":"ēpī ēpū","3/439":"ghi ghs","3/449":"eyh eyn","3/490":"lyc lyg lyl","3/496":"ssl ssy","3/502":"sht","3/521":"doe doh","3/523":"jol","3/526":"tīo","3/545":"dex","3/556":"eus","3/565":"gäk","3/586":"sud sui","3/587":"msd msh","3/589":"uām","3/593":"mbs","3/611":"nzx","3/623":"byr","3/629":"ulp","3/656":"osu ysc","3/718":"eea","3/727":"rnh","3/730":"usd","3/740":"gei","3/761":"feh fem","3/791":"mii","3/806":"rīn","3/850":"rēi","3/869":"ouh","3/884":"sly","3/904":"dsh","3/919":"icy","3/971":"foe foi fom","3/991":"ncc","3/992":"ssp","3/1004":"shy","3/1007":"ayk","3/1021":"cim ciu","3/1036":"tyn","3/1037":"hēp hēw","3/1088":"liu","3/1135":"ttm","3/1162":"ilu","3/1189":"sef seq sew","3/1198":"ivf","3/1316":"ogd","3/1321":"acn acp","3/1361":"ctn","3/1385":"ūnā","3/1457":"edr","3/1507":"lef lel","3/1532":"epē","3/1543":"omb","3/1553":"olg olp","3/1561":"pāi","3/1570":"īmu","3/1636":"sos","3/1642":"giā","3/1984":"ēhī","3/2005":"cah cak cay","3/2030":"lln","3/2053":"ūmō","3/2072":"tyd tyh","3/2120":"ooa oob ooe ooo","3/2146":"owb owc owr","3/2180":"deg dey","3/2227":"coy","3/2270":"eau","3/2293":"ueb","3/2297":"prc","3/2347":"dij","3/2377":"vik","3/2530":"ofc","3/2656":"opā","3/2896":"chg","3/2929":"hal","3/2969":"upd","3/3064":"epā","3/3409":"ieh ieu","3/3661":"esg","3/4105":"gif","3/4163":"nār","3/4313":"lax","3/4331":"ndg","3/4586":"ued","3/4861":"inz","3/4942":"āot","3/5030":"tūo","3/5312":"opc","3/5356":"ipc","3/5497":"ewy","3/5636":"ahī","3/6170":"uim","3/6872":"imc","3/6880":"kuī","3/6955":"til","3/7645":"emā","3/7715":"omv omw","3/7838":"wev","3/8210":"gii","3/8849":"gof","3/10168":"awr awī","3/10586":"nib","3/10651":"ehū","3/12166":"oub oud ouā","3/12467":"āhī","3/12515":"rāe","3/14168":"tāg","3/14650":"ohā","3/14845":"upl","3/19277":"onk onp","3/20336":"awn","3/21707":"itm","3/24305":"inī","3/24332":"oue ouē","3/28582":"anf","3/30517":"enf enw","3/30685":"aev","3/34445":"iad","3/36227":"irf irg irv","3/38554":"onh","3/40855":"hoy","3/48610":"inm","3/62966":"tuō","3/68890":"iab iaf","3/71455":"anm","3/72014":"tov toy","3/74357":"ngd","3/84797":"koc","3/88871":"auv","3/93263":"kas","3/102638":"atv","3/108122":"whr why","3/109969":"raq","3/142910":"anw anx anī","3/186827":"taz taī","3/258805":"teb","4/5":"cwa hân tfo vue âna ëhe ïwh","4/7":"czo sgr wri ygr","4/9":"äto","4/11":"ggi kük küw zpb","4/13":"bdi bso ozi","4/15":"zno äng","4/17":"ükü","4/19":"mâo sra","4/21":"bne yum yun","4/23":"hbo kro pür","4/25":"zac","4/27":"tgu","4/29":"xem","4/31":"kte mta tön īon","4/33":"zoo zos","4/35":"dca","4/37":"gēr","4/39":"lfa lfr","4/41":"cga cge","4/43":"dha dhl rpr","4/51":"uct","4/55":"oyd xto","4/59":"lba lbu","4/67":"ähe","4/69":"fir","4/71":"hne","4/75":"aūh","4/77":"gga","4/79":"ēki","4/95":"kki","4/101":"nēp","4/105":"tür","4/111":"gth","4/113":"rgu","4/121":"oxt","4/137":"räw sko","4/139":"cch cct","4/143":"myc","4/145":"ebl","4/153":"yac","4/155":"lkn","4/171":"wēp","4/213":"uup","4/229":"dut","4/231":"rco","4/235":"pīo","4/239":"cmp","4/241":"tso","4/245":"tph","4/259":"wwl","4/273":"phl","4/323":"ibs","4/325":"ppy","4/327":"elw","4/333":"lov ryd","4/351":"sib","4/391":"fau fav","4/397":"rkb","4/403":"lul","4/435":"wsk wso","4/439":"ghb","4/449":"eya","4/465":"tko tkr","4/483":"ūkā ūkū","4/493":"alc","4/513":"ovo","4/521":"dod","4/523":"esk jod","4/565":"gät","4/577":"vag","4/581":"ilb ilm","4/587":"mse","4/589":"uāp","4/611":"nzo","4/705":"pīe","4/723":"tsy","4/971":"fow","4/991":"ncr ncz","4/999":"loe ryc ryp ryw","4/1007":"ayt","4/1015":"llb","4/1021":"cio","4/1057":"hīo hīp","4/1113":"vet","4/1119":"sak","4/1139":"ckc ckr","4/1143":"jay","4/1261":"rtz","4/1321":"acm","4/1341":"scp","4/1403":"bey","4/1547":"isk","4/1553":"olc","4/1823":"ntg","4/2053":"ūmū","4/2215":"etr","4/3183":"āuw","4/3217":"ōpī","4/3551":"peg","4/3661":"esr","4/3919":"wem","4/4105":"giv","4/4313":"lal","4/4331":"ndm ndn","4/4437":"alā mol","4/4577":"stg stt stw","4/4599":"wiu","4/4977":"ked","4/6929":"oed oef","4/6935":"eiw","4/7491":"unb unk","4/8843":"eog eoh eow","4/8849":"gog","4/9435":"nos","4/9545":"nōp","4/9799":"otc","4/10283":"mix","4/12483":"eis","4/12563":"gām","4/14845":"upr","4/14933":"ēnu","4/18027":"aaf aag","4/21707":"itn","4/22185":"moī","4/22473":"unf unr","4/23891":"neb","4/25601":"kid","4/28295":"utb","4/28305":"nof nox","4/30453":"apk apy","4/30685":"aeu","4/34445":"iac","4/36227":"irä","4/38707":"urk","4/41661":"wag","4/46015":"erk","4/71455":"anl","4/79711":"rej reā","4/84797":"kob","4/88871":"aux","4/93263":"kaī","4/99159":"mav maō","4/109969":"raz","4/124827":"akf","4/128005":"kis","4/132397":"gac gay","4/223071":"ngm","4/258805":"tef teā","5/6":"bje jps wur ôta","5/7":"ïro öre","5/8":"ràt zta","5/9":"äin","5/11":"höu kfo äpo","5/12":"për qso","5/13":"tba","5/14":"dla kha kwo","5/16":"hka swa zte","5/17":"dte üte","5/18":"kps","5/22":"nwr","5/23":"cph","5/24":"lva","5/26":"lfo rho tbu","5/27":"bbs","5/28":"ōaw","5/29":"gbo wla xed xer yir","5/31":"töp ūeh","5/33":"gōn kät","5/38":"lng","5/39":"sin","5/41":"snz","5/42":"äro","5/43":"nhi","5/46":"kre","5/48":"yma zip","5/49":"tza tze","5/51":"yar","5/54":"bbi","5/57":"ūih","5/58":"wli","5/59":"nūh","5/61":"hpu","5/62":"gūt","5/67":"dwo","5/68":"pät","5/69":"axi","5/73":"pōr","5/78":"sim","5/82":"sne","5/86":"kūk","5/87":"sbr sbu","5/88":"kya","5/91":"pha","5/93":"eār","5/94":"afo","5/103":"kle","5/108":"bba cut","5/113":"rgy","5/124":"ēhē","5/134":"pdv","5/136":"gng","5/138":"axt","5/139":"ccu","5/141":"hlo","5/143":"myi mys","5/144":"evo","5/149":"lts","5/152":"xiv","5/153":"yam","5/164":"htm","5/173":"vod","5/179":"dyl dyn","5/184":"efl","5/187":"wns","5/188":"gsl","5/196":"nym","5/202":"ylv","5/204":"lio","5/213":"uuh","5/219":"ēre ūhā","5/222":"gem","5/224":"ōak","5/229":"dus ffr","5/239":"cma","5/252":"pse pst","5/257":"īwe","5/258":"smo","5/272":"liz","5/273":"rop","5/278":"eun","5/284":"hnn","5/296":"uba","5/323":"ibo","5/339":"bol","5/367":"exh","5/368":"efa","5/391":"faq","5/403":"luf lux","5/406":"odb odf odm","5/411":"lee","5/412":"ipō","5/416":"kōa kōn","5/419":"rmu","5/424":"oog","5/437":"bii","5/439":"gho","5/442":"pūo","5/449":"eyr","5/452":"rgo","5/469":"rrh","5/476":"ldl ldw","5/482":"tsh","5/486":"pta","5/498":"lsk","5/502":"shm","5/521":"doz","5/523":"joa joc","5/527":"qul quo","5/543":"iāp","5/556":"euc","5/574":"ūāu","5/586":"sut","5/587":"msa","5/658":"ogo","5/666":"loi","5/678":"boc bok","5/687":"duk","5/723":"tst","5/727":"rng","5/739":"rūk","5/742":"ved vey","5/761":"fey","5/784":"īne","5/818":"bau","5/912":"igo","5/929":"adw","5/981":"elv","5/999":"lol","5/1004":"shu","5/1007":"ayc ayd ayh","5/1022":"wiw","5/1057":"hīi","5/1073":"owd","5/1077":"eef","5/1139":"ckm","5/1143":"jai","5/1154":"vau","5/1162":"iln","5/1172":"suk","5/1198":"ivo","5/1261":"rtw","5/1294":"asb asy","5/1319":"nsb","5/1328":"opp","5/1403":"beg bev","5/1404":"siu","5/1446":"tsn","5/1479":"alg alp","5/1554":"gul","5/1636":"sod soo","5/1656":"fid fiv","5/1909":"nōu","5/1947":"cec cee cev cew","5/2072":"tyr","5/2226":"vea","5/2227":"cof cok","5/2324":"ilp","5/2347":"dif","5/2377":"viu","5/2378":"sex","5/2503":"rām","5/2588":"asl","5/2619":"ioe","5/2656":"opr","5/2718":"kīī","5/3108":"guy","5/3183":"āue","5/3217":"ōpü","5/3379":"kēr","5/3646":"ntj","5/3661":"esb","5/3672":"pim","5/4163":"nāt","5/4313":"lae","5/4331":"ndw","5/5312":"opk","5/5497":"ewā","5/6083":"ouw","5/6202":"itz","5/7581":"umn","5/8843":"eol","5/9198":"wim wiv","5/9533":"āno","5/10168":"aws","5/10586":"nii","5/10651":"ehī","5/10659":"ākē","5/10927":"pāe","5/11016":"pif","5/11319":"muc","5/12166":"ouc","5/12519":"tif tig","5/14898":"ētō","5/16311":"pad","5/17592":"aof","5/18027":"aas","5/20336":"awo","5/21707":"itk","5/24217":"okē","5/24332":"ouo","5/25608":"amw","5/28491":"nad","5/28694":"ruo","5/29397":"otb otz otī","5/30453":"apē","5/30517":"enl enā","5/31483":"tug","5/36227":"irō","5/38707":"urm","5/40428":"meg","5/42879":"arq","5/51761":"teo","5/61971":"roī","5/74357":"ngr","5/78296":"heb","5/79711":"rex","5/95812":"ahp","5/102638":"atk","5/124827":"akm akr","5/186526":"kab","6/7":"vnz zro âta āēt","6/11":"öpü","6/13":"oze","6/19":"sro wēt","6/23":"cna cpr","6/35":"eqc lge tps","6/41":"hyd","6/43":"tvn","6/49":"tzr","6/59":"rwh rwo","6/61":"lps","6/65":"azo azz","6/67":"hsc","6/79":"kng","6/107":"mpo","6/113":"boy","6/119":"ëti","6/137":"räu","6/139":"lch","6/149":"lta","6/173":"voy","6/185":"get","6/191":"rfa","6/205":"hyg","6/215":"kūl","6/239":"cmg mcv","6/245":"lyt tpa tpp","6/265":"nnu","6/305":"dda","6/307":"ksh","6/341":"pmt","6/349":"ugi","6/395":"ēku","6/397":"rkn rkw","6/403":"rīa","6/419":"rmg","6/437":"bik","6/439":"agi","6/449":"eyt","6/521":"dog","6/523":"job","6/611":"nzh","6/727":"rnd","6/739":"rūp","6/761":"few","6/857":"ōua","6/923":"occ","6/1007":"ayb","6/1021":"cii cir","6/1139":"ckg ckh","6/1319":"nsf nsv","6/1403":"bef","6/2005":"cav","6/2227":"cog","6/3409":"ieg","6/4105":"gib","6/4331":"ndt","6/8843":"eod eou","6/9799":"oty otē","6/10651":"ehr","6/14845":"upc upī","6/15761":"pov","6/24217":"oky","6/28295":"utl utī","6/30685":"aes","6/32215":"oaw","6/36227":"irr irë","6/37141":"hub hul","6/38707":"url","6/40855":"hoc","6/41609":"akē","6/51319":"atn","6/51761":"teu","7/8":"çne öta üma","7/9":"röp üna","7/11":"gps jim zon","7/12":"svi yba","7/13":"aāh","7/15":"tïm wfo wma","7/16":"cbd cbe ymo","7/17":"pän","7/18":"mwa","7/19":"mât","7/23":"gdo","7/24":"äwa","7/25":"īre","7/26":"ufo","7/27":"bbl tgo","7/29":"xec","7/30":"day pfo","7/31":"kto","7/34":"npo","7/39":"nīk","7/40":"fut","7/43":"hwm","7/44":"nwa","7/48":"ymp","7/51":"āke","7/52":"rhe","7/54":"bbo","7/55":"tër xtr","7/57":"wēr","7/58":"köp","7/64":"nma","7/66":"gōk gōp","7/67":"ūau","7/68":"pär xci","7/72":"lvo","7/73":"häi lma","7/76":"xix","7/80":"swi","7/81":"cue","7/88":"kye","7/90":"bun","7/92":"efo","7/96":"ymc","7/97":"rts","7/100":"hūh","7/101":"nēr","7/111":"ixo ixx","7/115":"pün","7/124":"gūn","7/137":"ska","7/142":"hno","7/145":"mok","7/152":"xic","7/153":"als","7/155":"ift","7/176":"rbn","7/184":"efu","7/188":"afu","7/201":"ūaw","7/204":"uch","7/205":"hyt","7/225":"bui","7/235":"pīw","7/239":"eon","7/247":"yno ynt","7/249":"lst","7/250":"hūp","7/292":"mīr","7/296":"ubi","7/313":"īhu","7/320":"dai","7/331":"rlo","7/332":"ilt","7/339":"box","7/367":"exi","7/368":"efr","7/373":"say","7/380":"wow","7/383":"epū","7/421":"obj","7/435":"wsp","7/447":"lty","7/456":"igu","7/464":"ēmū","7/496":"ssm","7/521":"dop doy","7/530":"cry","7/543":"iān","7/544":"lid","7/556":"euk","7/568":"iim","7/569":"ōit","7/587":"msb","7/611":"nzn","7/629":"ulm uls","7/656":"osa osk","7/657":"ūhe","7/666":"lod","7/675":"idl","7/678":"bod","7/702":"siv","7/818":"bag sop sov","7/904":"dsa","7/960":"dac","7/971":"foa","7/1021":"cib","7/1090":"dew","7/1110":"gec","7/1139":"ckb","7/1143":"jaz","7/1154":"vae","7/1172":"suz","7/1185":"zel","7/1222":"bly","7/1270":"mmm","7/1319":"nsk","7/1321":"acs","7/1448":"chm","7/1457":"edo","7/1553":"olf","7/1636":"soi","7/1660":"ory","7/1823":"ntn","7/1962":"elu","7/1998":"ryl","7/2146":"owy","7/2154":"eev eez","7/2220":"gek","7/2227":"coh","7/2293":"uep","7/2378":"sei","7/2530":"ofo","7/2656":"opy","7/2896":"chb","7/2914":"edm edt","7/3285":"eip","7/3551":"pel","7/3672":"pil","7/3919":"wep","7/4313":"lap","7/4331":"ndc ndl","7/4398":"aop","7/4437":"aln alr alw","7/5274":"thc","7/6443":"oap","7/6872":"imr imō","7/6929":"oeo","7/7134":"ekë","7/10476":"iod","7/10586":"niq niz","7/10852":"uht","7/11350":"eae","7/11763":"wām","7/12515":"rāa","7/14845":"upt","7/15446":"whä","7/15674":"iwī","7/17200":"kuo","7/17795":"pus","7/20336":"awt","7/22473":"unh","7/25608":"amy","7/28295":"uty","7/30517":"enk enm","7/32215":"oac","7/32499":"uaū","7/36007":"tox","7/38554":"onb onz","7/38707":"urū","7/40855":"hov","7/46015":"erh","7/48610":"inw iny","7/51460":"orē","7/64998":"uaf","7/68890":"iae","7/74357":"ngh","7/84797":"kol","7/85758":"arw","7/93263":"kal","7/102638":"atm","7/110087":"hif","7/137663":"haz","8/9":"cqu","8/11":"cxi nja rât zdf","8/19":"lne","8/27":"mgr","8/29":"kët sby","8/31":"mte","8/33":"ūto","8/35":"csh ïra","8/37":"pyr","8/39":"lwo ūwā","8/41":"xxx","8/53":"dma ypo","8/57":"wēn ūin","8/59":"rwi yti","8/111":"gut","8/125":"zal zan","8/135":"flu","8/155":"lky","8/173":"nka vog voi vou","8/205":"hya","8/213":"uuk","8/239":"cmc cmi mch mcn","8/247":"yna","8/307":"ksa kse","8/331":"rls","8/339":"bos","8/349":"ugg","8/391":"fag fao","8/401":"cad","8/425":"rēw","8/437":"bia bic","8/449":"eyd","8/485":"oip","8/495":"ōmā","8/523":"esd joi","8/525":"abr","8/593":"mbu","8/611":"nzc","8/675":"idy","8/687":"duv","8/761":"fet","8/857":"ōut","8/873":"iog","8/1007":"aym","8/1073":"owā","8/1245":"iue","8/1373":"eca ecy","8/1385":"ūni","8/1403":"bed","8/1457":"edy","8/1947":"ceo","8/2005":"cab caf","8/2347":"dii dim","8/2377":"viv","8/3361":"ōtū","8/4331":"ndb","8/4437":"alz","8/5761":"ikī","8/6929":"oep oey","8/7449":"ētā","8/8843":"eof","8/8849":"gos","8/10151":"aps","8/11319":"muu","8/12563":"gān","8/14845":"upē","8/15505":"etü etī","8/15761":"poe","8/19277":"onī","8/20657":"roj","8/20805":"eim","8/20939":"tēk","8/28295":"uts utē","8/30453":"apü","8/31097":"nuu","8/34445":"iag","8/36227":"irm irw","8/38707":"urv","8/41661":"wad","8/62415":"eie","8/71455":"anb","8/137663":"hac","8/186827":"taf","8/223071":"ngb","9/10":"fgh rïr","9/11":"bto","9/14":"tûh","9/17":"npe üke","9/20":"ywo","9/22":"tën öpa","9/26":"nvi","9/37":"pyt","9/40":"fun","9/44":"nwo rbo","9/47":"hli","9/50":"pki","9/53":"dmo hme hmo","9/56":"öri","9/64":"nmo","9/79":"kne","9/88":"gyn","9/101":"yli","9/106":"tml","9/109":"eli","9/110":"xts","9/112":"ōat","9/124":"sso","9/130":"yes","9/139":"emo twm","9/143":"myl","9/145":"dfs ebb wse","9/173":"nkl","9/175":"abe","9/176":"rbi","9/181":"iāw","9/188":"afg","9/205":"hys","9/215":"kūr","9/221":"sle","9/226":"bot","9/230":"juv","9/239":"mca mcd","9/247":"yng","9/254":"mmu","9/265":"nng","9/275":"hru","9/287":"ūār","9/296":"uby","9/329":"oge","9/350":"aba","9/374":"yon","9/388":"rsa","9/406":"lls","9/409":"bab","9/439":"ghl","9/454":"hōk","9/521":"doi doo","9/526":"tīw","9/530":"nns","9/574":"ūāo","9/586":"suc","9/593":"mbt","9/602":"udo","9/611":"nzi nzp","9/635":"mmy","9/656":"oso","9/739":"rūā","9/929":"adl","9/964":"ūpē","9/1007":"ayf ayi","9/1265":"oft","9/1316":"ogn","9/1319":"nsn","9/1321":"acq acu","9/1460":"uso","9/1636":"sof","9/2005":"cag","9/2180":"dei","9/2212":"oug","9/2227":"cox","9/2272":"iid","9/2324":"ilf","9/2347":"dil dir diy","9/2518":"ōrā","9/3064":"epp","9/3217":"ōpā","9/3661":"esn","9/4105":"gil","9/5356":"ipl","9/5437":"pal","9/5497":"ewl ewt","9/6872":"imb","9/7715":"omy","9/8843":"eos","9/13778":"iau","9/14650":"ohū","9/19277":"onm","9/21707":"itī","9/24217":"okl","9/25030":"rāi","9/28694":"ruā","9/29300":"ohh","9/30517":"enj","9/31097":"nuc","9/36227":"irh","9/38707":"urb urp","9/47782":"nef neg","9/51319":"atü","9/68890":"iaa","9/95812":"ahn","9/102638":"atē","9/132397":"gab","10/13":"wca","10/23":"cnz","10/31":"pca","10/41":"sna","10/61":"lpl","10/63":"pso wrm","10/71":"uur","10/73":"yre","10/77":"ggl","10/113":"rgi","10/129":"rpe","10/137":"ske","10/239":"mco","10/241":"ūpā","10/247":"ynn","10/261":"alt","10/287":"ūāw","10/403":"lug","10/449":"eye","10/483":"ūkō","10/521":"dos","10/589":"ōko","10/593":"mbo","10/611":"nzd","10/629":"ulo","10/687":"dum","10/761":"fee","10/771":"ītō","10/929":"adf","10/1021":"cix","10/1373":"ecc","10/1479":"aly","10/1947":"cei cep","10/2347":"did dix","10/3409":"iea","10/5083":"pūe","10/5497":"ewm","10/5659":"utt","10/6443":"oas","10/7413":"āoh","10/8843":"eom","10/9787":"hed hee","10/18027":"aac","10/36227":"irc","10/41661":"wav","10/42879":"arv arū","10/79711":"req","10/88871":"auf","10/137663":"hab","11/12":"àto","11/13":"öna","11/14":"ära","11/20":"sfo","11/23":"gdp gma","11/26":"uff","11/31":"pco īoi ūem","11/37":"gēn","11/39":"ojs","11/41":"ūāp","11/50":"wyf","11/64":"opa","11/68":"gni","11/73":"hät","11/82":"sno","11/94":"gst","11/108":"ydr","11/120":"fug","11/129":"rpl","11/130":"yer","11/139":"twy","11/145":"ebe","11/146":"lmo","11/150":"tnz","11/156":"ūwe","11/174":"ēwe","11/182":"phr","11/190":"īkī","11/203":"oda","11/205":"hyn kma","11/206":"kly","11/221":"iss","11/234":"sid","11/239":"mcr","11/249":"iun","11/250":"hūm","11/284":"hnz","11/290":"eba","11/324":"ptu","11/329":"ogy","11/406":"llu","11/470":"uoh","11/476":"ldh","11/500":"hūw","11/593":"mba","11/678":"bov","11/761":"fei","11/785":"īme","11/830":"iuh","11/960":"das","11/981":"ely","11/987":"egg","11/1007":"ayu","11/1185":"zer zes","11/1245":"iuw","11/1270":"mmp","11/1373":"ecd ecl","11/1403":"beh","11/1460":"usk","11/1656":"fif","11/1998":"loy ryo","11/2120":"ooi oow","11/2154":"eew","11/2177":"trl","11/2220":"ged","11/2227":"cob","11/2378":"sem sev","11/2619":"iom","11/2637":"thy","11/2896":"cht","11/3094":"isu","11/3101":"etā","11/3108":"guh","11/3646":"ntd","11/4019":"āip","11/4767":"rob","11/5274":"thm","11/5293":"nip","11/7581":"ums","11/9198":"wia wii","11/10060":"tūe","11/10712":"ipk","11/11073":"kāe","11/12340":"uic uil","11/13476":"mee","11/14458":"mōi","11/16420":"gid","11/17911":"ihē","11/25730":"orb","11/28582":"anā","11/28694":"rud","11/30517":"enb eny","11/37141":"huu","11/38707":"urē","11/51319":"atf","11/51460":"orf","11/62595":"tid","11/62966":"tul","11/64998":"uay","11/72014":"toj","11/78296":"hev","11/85758":"arä","11/99159":"maz","11/124827":"akū","12/37":"uva uve","12/65":"azi","12/67":"dwi ūah","12/79":"kni","12/97":"dng","12/115":"pük","12/131":"tly","12/139":"eua","12/155":"rde","12/239":"cmu","12/277":"ūnu","12/325":"ppa","12/373":"saf","12/391":"faa","12/419":"rmo","12/421":"obl obo","12/535":"mpu","12/785":"īmo","12/923":"ocr","12/971":"fos","12/1007":"aya","12/1361":"cta","12/1373":"ecr","12/1507":"lei","12/1553":"olk","12/1933":"uwā","12/2227":"coe","12/3361":"ōtī","12/3409":"iem","12/3661":"esj","12/6929":"oec oel oes","12/7229":"mōw","12/8849":"gok","12/9317":"ārū","12/15505":"etf","12/32215":"oaa","12/36227":"irp","12/37141":"hud","12/51761":"tel","12/93263":"kay","13/18":"īer","13/21":"āap","13/24":"dbo","13/27":"tgh","13/31":"kti ūer","13/35":"ajo lga","13/37":"cdo","13/43":"dho","13/46":"hbu jun","13/53":"ypt","13/55":"sys","13/57":"ūit","13/61":"lph","13/67":"ūar","13/73":"yrt","13/75":"ënä","13/77":"gge","13/81":"tdo","13/93":"iff","13/105":"äna","13/106":"tma","13/108":"ydn","13/135":"idg","13/141":"hly","13/150":"aūn","13/152":"xin","13/157":"rva","13/160":"sdo","13/162":"cum","13/168":"evi","13/181":"iāt","13/188":"nla","13/203":"odi ods","13/206":"kli","13/238":"ldi","13/239":"mck","13/245":"tca","13/278":"eue","13/301":"udg","13/305":"ddy","13/328":"hth","13/365":"uss","13/373":"sab","13/465":"ifo","13/476":"ldo","13/490":"lys","13/493":"alk","13/498":"lsd","13/629":"ulf","13/657":"ūhū","13/658":"ogl","13/675":"idn","13/678":"bob","13/687":"dub","13/727":"rno","13/739":"rūh","13/816":"ucc","13/818":"bak","13/839":"bry","13/857":"ōun","13/929":"adc","13/964":"ūpū","13/981":"elf","13/987":"egr","13/999":"loo","13/1050":"abb abu","13/1057":"hīm","13/1060":"cru","13/1119":"sau","13/1135":"tts","13/1139":"ckt","13/1146":"ēti","13/1172":"sua","13/1311":"plu","13/1361":"ctv","13/1552":"oiw","13/1632":"lik","13/1767":"ōkū","13/2120":"oou","13/2226":"veg","13/2227":"cod","13/2272":"iip","13/3284":"giw","13/3919":"wed","13/4577":"stm","13/5274":"thn","13/5508":"piw","13/5718":"ōni","13/6402":"amm","13/7084":"tāe","13/9545":"nōe","13/10476":"ioa","13/10586":"nid","13/14268":"ekā","13/19277":"onf","13/19574":"heh","13/20214":"mew","13/20336":"awf","13/23891":"nec","13/28694":"rub","13/34050":"eay","13/36227":"irb","13/44793":"kef","13/48610":"inl","13/62966":"tub","13/74357":"ngī","13/85758":"arī","13/88871":"auu","13/89814":"aid","14/15":"ïma","14/23":"iqu","14/25":"wyn zma","14/27":"log","14/39":"lwa","14/43":"nhe smi","14/59":"yto","14/61":"lpf","14/69":"xam","14/101":"yla","14/117":"dri","14/139":"twi","14/143":"jen myr","14/145":"dfi","14/229":"ffo","14/263":"tīr","14/289":"gly","14/291":"rsd","14/305":"ddo","14/311":"tro","14/325":"pps","14/327":"ela","14/331":"rlb","14/391":"fas","14/421":"obb","14/449":"eys","14/523":"joy","14/555":"geh","14/611":"nzs","14/687":"dua dul","14/929":"adu","14/971":"foc","14/1007":"ayo","14/1315":"tīa","14/1317":"agg ags agu","14/1319":"nsa nsm","14/1321":"acl","14/1457":"edn","14/1933":"uwi","14/2757":"icl","14/2859":"ōnu","14/4521":"lew","14/10653":"pes","14/12563":"gāh","14/14347":"rug","14/24217":"okī","14/30453":"apt","14/36007":"tos","14/36227":"irn","14/41661":"wam","14/99159":"maj","14/132397":"gag gav","14/186827":"tax","15/16":"ēoi","15/31":"īor","15/41":"cgr","15/46":"kri","15/58":"nry","15/107":"mpi","15/134":"pda","15/173":"nki","15/188":"afa","15/247":"ynd","15/337":"āek","15/349":"ugb","15/403":"lua","15/406":"odn ody","15/416":"kōp","15/436":"ded","15/437":"bie","15/521":"dot","15/581":"ila","15/587":"mst","15/611":"nzt","15/818":"bai","15/908":"hōm","15/923":"oco","15/929":"ady","15/991":"nct","15/1004":"shb","15/1057":"hīw","15/1154":"vac","15/1288":"tāi","15/1319":"nsc","15/1331":"ārō","15/1553":"oln olv","15/2227":"cow","15/2324":"ilv","15/3361":"ōtō","15/3409":"ied","15/3646":"ntm","15/4019":"āih","15/4586":"ueu","15/5084":"awk","15/5312":"ops","15/7118":"puā","15/8536":"amī","15/10292":"orn","15/10586":"nil","15/13636":"rib riv","15/23222":"ātō","15/23891":"nex","15/36007":"tol","15/36227":"iry","15/38554":"onr onv","15/39148":"hec","15/47782":"neu","15/51319":"atl","15/78296":"hey","15/108122":"whâ","16/39":"fro lwy","16/43":"nha","16/53":"hma","16/55":"oya","16/59":"lbe","16/131":"tla","16/143":"uīn","16/159":"pek","16/173":"nke","16/235":"pīk","16/239":"cms mcm","16/245":"tco tpo","16/293":"sub","16/305":"ddr","16/313":"īhe","16/325":"ppr","16/339":"bon","16/391":"fal","16/397":"rki","16/403":"luk","16/437":"bit","16/447":"lti","16/577":"var","16/761":"fel","16/923":"och","16/929":"adr","16/987":"egy","16/1119":"sac sas","16/1135":"tth ttt tty","16/1185":"zet","16/1245":"iut","16/1415":"avy","16/1457":"edd","16/3773":"mui","16/3919":"wei","16/4313":"lah","16/4629":"wao","16/6955":"tie","16/8843":"eok","16/9435":"nol","16/10659":"ākō","16/11763":"wāi","16/22185":"mos","16/28305":"nop","16/29397":"otā","16/30453":"apm","16/31483":"tus","16/44793":"keu","16/54061":"who","16/62595":"tiz","16/85473":"nac","17/18":"jhr","17/22":"öhi","17/30":"īan","17/31":"rīp","17/35":"ajh","17/48":"zie","17/50":"bur","17/63":"ūoh","17/75":"möh","17/100":"nfe","17/108":"nbo","17/115":"püo","17/135":"fle","17/148":"ubm","17/149":"ltu","17/156":"sit","17/164":"xxv","17/180":"spo","17/182":"ish","17/202":"yll","17/203":"ode","17/240":"īah","17/247":"ync","17/265":"nno","17/332":"ili","17/339":"bow","17/351":"sig","17/406":"odo","17/430":"kūp","17/450":"buc","17/498":"lse","17/521":"dob dol","17/586":"sue","17/678":"bop","17/687":"dur","17/705":"pīa","17/718":"ees","17/761":"fec","17/912":"igr","17/981":"elp","17/999":"lom","17/1036":"gui","17/1119":"saa sag sav","17/1261":"rtn","17/1316":"oga","17/1457":"edg","17/1656":"fig","17/2180":"deb def","17/2377":"via","17/2588":"asa","17/2932":"aom","17/3097":"ūrē ūrū","17/3942":"ēri","17/4521":"leb","17/5238":"iou","17/6083":"ouk oum","17/9198":"wib","17/9203":"erc","17/10060":"tūi","17/10476":"ios","17/10653":"pem","17/14826":"āom","17/21666":"uaa","17/24680":"uiā","17/28295":"utc","17/35590":"pul","17/38554":"onw","17/44907":"aig","17/186526":"kaā","17/186827":"tad","18/23":"mēn","18/25":"tng","18/29":"gby wle","18/43":"dhb","18/67":"ähu","18/77":"xpe","18/121":"oxf","18/139":"twa","18/155":"lki","18/205":"hyl","18/215":"kūa","18/239":"ewh","18/337":"āen","18/349":"uga ugl","18/407":"ēpa","18/439":"ghw","18/449":"eym","18/593":"mbi","18/1261":"rtu","18/1319":"nsd","18/1361":"cts","18/1507":"lev","18/3661":"esh","18/5497":"ewē","18/19727":"ukō","18/21707":"its","18/24305":"inv","18/30517":"enz","18/36227":"irk irē irū","18/110087":"hib hid","19/26":"cvi üro","19/40":"swe","19/45":"fla","19/49":"tzg","19/56":"ōar","19/72":"lvi","19/97":"dna","19/121":"oxi","19/125":"zat","19/129":"rpa","19/139":"cce","19/142":"uum","19/160":"sdd","19/164":"hto","19/173":"vor vot","19/184":"eff","19/188":"nle","19/194":"rst","19/212":"cro","19/232":"ēma","19/240":"dat","19/258":"sme","19/284":"hns","19/300":"spa","19/310":"rdi","19/328":"osp","19/341":"pma","19/349":"uge","19/351":"dru","19/367":"exe","19/373":"sar","19/403":"rīk","19/450":"bud","19/465":"rdl","19/543":"iāh iāi","19/569":"ōin","19/587":"mso","19/635":"mmo","19/730":"usa","19/740":"gea","19/972":"pto","19/1021":"cid","19/1057":"hīa","19/1060":"oom","19/1119":"sad","19/1139":"cky","19/1185":"zen","19/1245":"iuk","19/1261":"rtr","19/1386":"rct","19/1460":"usb ush","19/1962":"elt","19/1998":"lob","19/2293":"uee","19/2896":"chl","19/2914":"eda","19/3032":"tōi","19/3217":"ōpo","19/3409":"ief","19/3661":"esl esu","19/3672":"pio","19/4163":"nāu","19/7645":"emy","19/7760":"oid","19/8210":"gik","19/13778":"iaw","19/15761":"pod","19/16420":"giu","19/23953":"ahō","19/24680":"uio","19/30453":"apī","19/30517":"enp","19/33053":"may","19/34050":"eag","19/36227":"irt","19/44907":"aiū","19/46015":"erd","19/48610":"inb","19/51460":"orw orō","19/68180":"riz","19/72014":"toc","19/89814":"ais","19/99159":"mad","20/37":"gēt","20/57":"ūir","20/61":"oko","20/67":"äha","20/149":"lte","20/187":"wne","20/331":"rla","20/337":"āeh","20/373":"sam","20/391":"fan","20/437":"big bis","20/589":"uāh","20/611":"nze","20/657":"wil","20/739":"rūa","20/761":"fen","20/981":"elb","20/1139":"ckn","20/1947":"cey","20/2293":"uel","20/4019":"āir","20/7581":"ump","20/9203":"err","20/109969":"raf","20/132397":"gaz","21/26":"xvi","21/29":"yin","21/37":"wäh","21/149":"ltd","21/173":"von","21/188":"nlo","21/191":"rfi","21/226":"dsk","21/265":"cra","21/391":"fat","21/419":"rmy","21/430":"kūt","21/535":"mpb","21/577":"vai","21/629":"uld","21/929":"ads","21/992":"ēha","21/1294":"asm","21/1373":"ecu","21/2005":"cai","21/2180":"dee dem","21/2215":"eth","21/2656":"oph","21/3064":"eps","21/3212":"pōa","21/4313":"lad","21/5356":"ipp","21/7229":"mōm","21/10712":"iph","21/11611":"ātī","21/37141":"huo hus","21/72014":"tod","21/109969":"rav","21/132397":"gad","21/137663":"had hag","22/39":"nve nīh","22/45":"äta","22/67":"ähi","22/105":"äne","22/175":"īro","22/239":"mcg","22/313":"īho","22/323":"ibi","22/403":"lun","22/859":"imā","22/901":"rōi","22/1457":"edw","22/2377":"vio","22/2757":"icr","22/3101":"itā","22/3361":"ōtē","22/4331":"ndu","22/4437":"alf","22/4577":"sth stp","22/4815":"tiv","22/7715":"oms","22/8849":"god","22/11763":"wāp","22/14933":"ēni","22/32215":"oau","22/44793":"key","22/46015":"erw","22/62595":"tib","22/71455":"anz","22/74357":"ngō","22/88871":"auē","23/34":"xce üta","23/39":"oje","23/52":"mäo","23/53":"ype","23/54":"nbu","23/60":"iza","23/62":"ssi","23/75":"ide","23/88":"rbu","23/108":"cur","23/113":"boo","23/120":"ful","23/121":"oxb","23/135":"fli","23/139":"twe","23/143":"jef","23/173":"voc","23/187":"wnl","23/203":"odu","23/213":"uun","23/365":"usi","23/430":"kūw","23/447":"sci","23/490":"lym","23/523":"joe","23/589":"uāt","23/656":"osh","23/666":"lon","23/727":"rnm","23/818":"som","23/850":"rēt","23/884":"sli","23/1021":"cip","23/1507":"lex","23/1632":"lim","23/2072":"typ","23/2324":"ilk","23/2497":"unt","23/2588":"ask","23/2656":"opl","23/3094":"isp","23/5426":"uhā","23/6402":"amp","23/7645":"emm","23/7760":"oie ois","23/8536":"amb","23/8796":"aow","23/9533":"ānō","23/10283":"mig","23/19066":"ānā","23/20939":"tēw","23/24680":"uis","23/30517":"enh","23/30685":"aeo","23/32215":"oam","23/38554":"onc","23/41661":"wap","23/43414":"itr","23/62595":"tiā","24/137":"sky","24/535":"mpe","24/647":"asi","24/727":"rns","24/991":"nca","24/1319":"nsw","24/1403":"bei","24/1553":"olm","24/1823":"ntu","24/2347":"dip","24/4019":"āim","24/4331":"ndd","24/17045":"rig","24/20657":"rod","24/24305":"inf","24/30517":"env","24/38707":"urā","24/79711":"reb","24/186827":"tav","25/26":"zqa","25/29":"ēwh","25/57":"īpe","25/77":"xpl","25/87":"sbo","25/108":"yde","25/131":"tli","25/141":"hle","25/157":"rve","25/172":"yce","25/176":"rbe","25/388":"rso","25/403":"rīw","25/421":"oby","25/437":"bid","25/456":"īpī","25/468":"sia","25/513":"ova","25/544":"liv","25/552":"fin","25/629":"ule","25/649":"cel","25/666":"loa","25/771":"gri","25/816":"lib","25/1004":"shc","25/1136":"iin","25/1222":"blo","25/1321":"acy","25/1386":"rca","25/1469":"mil","25/1532":"epr","25/1947":"ced","25/1998":"los ryn","25/2154":"eel eem","25/2293":"uet","25/2588":"asu","25/2619":"iok","25/2914":"eds","25/3217":"ōpe","25/3409":"iev","25/3646":"ntl","25/4586":"uek","25/5661":"nok","25/10586":"nif","25/10712":"ips","25/11073":"kāu","25/13636":"ril","25/14898":"ētē","25/17911":"ihō","25/20657":"roy","25/29397":"ots","25/36007":"tog","25/38707":"urf","25/44907":"aii","26/43":"hwa","26/69":"ple","26/231":"rce","26/265":"nna","26/307":"kso","26/311":"tri","26/521":"dom","26/593":"mbr","26/657":"ūha","26/675":"ids","26/791":"mia","26/987":"ego","26/1015":"llo","26/1073":"owi","26/1143":"jap","26/1245":"ium","26/1317":"agh agn agr","26/2227":"cos","26/2827":"nun","26/3531":"ūtā","26/3919":"web","26/4437":"alb","26/7491":"unc","26/14931":"kew","26/31483":"tuo","26/32215":"oao","26/42879":"arb","26/109969":"rab","26/186827":"tab","27/35":"equ","27/59":"yth","27/61":"ddc","27/77":"xpr","27/113":"rga","27/139":"cca","27/182":"pho","27/229":"ffa","27/278":"eut","27/292":"mīt","27/296":"ube","27/407":"ēpe","27/424":"ood","27/500":"hūt","27/544":"lie","27/761":"fed","27/1037":"hēr","27/1177":"ūtū","27/1189":"seu","27/1321":"aca","27/1361":"cte ctr","27/1823":"nth","27/2530":"ofe","27/3094":"isb","27/3611":"uaw","27/3695":"gāk","27/4163":"nāk","27/4577":"stl","27/4936":"uik","27/5312":"opū","27/6872":"ims","27/10292":"ork","27/12467":"āhō","27/40855":"hob","27/46015":"erp","27/186526":"kaō","27/258805":"tex","28/239":"mcc","28/275":"hro","28/283":"ave","28/323":"ibu","28/383":"epu","28/391":"fak","28/675":"idd","28/1139":"cki","28/1311":"plo","28/1315":"tīn","28/1457":"ede","28/1767":"ōkī","28/2227":"cov","28/2297":"pra","28/7449":"ētu","28/14293":"arn","28/19727":"ukū","28/22185":"mod mov","28/40855":"hod","28/42879":"arē","28/51319":"atī","28/128005":"kil","28/132397":"gas","29/33":"wke","29/82":"htt","29/127":"māt","29/323":"iba","29/331":"rly","29/403":"rīh","29/535":"mph","29/586":"sur","29/904":"dso","29/1021":"civ","29/1261":"rta","29/1319":"nsi","29/1404":"sir","29/1446":"tse","29/1816":"hōa","29/1947":"ceb","29/2588":"asp","29/3361":"ōto","29/3773":"mus","29/9545":"nōk","29/10586":"nim","29/24680":"uid","29/34050":"eap","29/43414":"itc","29/47906":"ahū","29/51319":"atr","29/85758":"arf","29/142910":"anö","30/229":"dun","30/323":"ibe","30/439":"gha","30/521":"dou","30/523":"jor","30/589":"uār","30/593":"mbl","30/1021":"cif","30/1547":"ism","30/31097":"nur","30/36227":"irl","30/38707":"urd","30/137663":"hay","31/53":"dmi","31/58":"nri","31/82":"sng","31/104":"mät","31/137":"rän","31/176":"rba","31/227":"hōh","31/257":"gro","31/275":"hre","31/289":"glo","31/290":"ebs","31/328":"hts","31/368":"efi","31/406":"odg","31/493":"alo","31/626":"īhī","31/727":"rnz","31/912":"ige","31/999":"low","31/1037":"hēo","31/1137":"tōp","31/1222":"blm","31/1317":"agl","31/1319":"nsh","31/1361":"ctu","31/2180":"det","31/3559":"puo","31/4521":"leo","31/9198":"wis","31/9435":"nom","31/15505":"etw","31/19277":"ony","31/34050":"eav","31/39148":"hes","31/43414":"itl","31/46015":"erl","31/62415":"eil","31/137663":"hav","32/65":"yea","32/275":"hra","32/305":"ddl","32/395":"ēka ēkē","32/419":"rms","32/739":"rūt","32/971":"fol fox","32/1061":"āur","32/1077":"eed","32/1135":"ttr","32/1339":"ipe","32/1403":"bec","32/1479":"mou","32/2053":"ūme","32/3559":"pue","32/4577":"sty","32/8849":"gol","32/14347":"ruw","32/28491":"nao","32/61971":"roe","33/73":"hän","33/112":"ōan","33/115":"püt","33/164":"xxi","33/182":"phe","33/391":"fam","33/530":"oor","33/574":"ūāt","33/586":"sun","33/727":"rnb","33/761":"fea","33/901":"rōr","33/971":"fon","33/1319":"nsl","33/1321":"acr","33/1403":"bee","33/2053":"ūmā","33/2150":"kum","33/2272":"iik","33/2378":"see","33/6818":"ric","33/10166":"pūi pūp","33/24680":"uip","33/51460":"orp","34/41":"bmi","34/201":"ūat","34/235":"pīn","34/333":"lop","34/403":"lud","34/421":"obs","34/929":"adm","34/971":"foo","34/1321":"aco","34/5497":"ewo","34/20657":"rol","34/20939":"tēi","34/23891":"ned","34/258805":"tev","35/101":"ylo","35/108":"ydd","35/153":"yan","35/213":"uut","35/257":"ītī","35/397":"rks","35/452":"rgh","35/1222":"blu","35/1261":"rtl","35/1373":"eck","35/1404":"sis","35/1507":"let","35/2827":"nut","35/2896":"chn","35/4019":"āik","35/4437":"alu","35/4576":"kōe","35/7838":"weu","35/11016":"pic","35/28491":"nas","35/31097":"nus","35/51319":"aty","36/43":"ēin","36/143":"jec","36/421":"oba","36/2347":"diu","36/4019":"āio","36/7715":"omu","36/10283":"mid mie","36/33053":"max","37/40":"dge","37/59":"rwa","37/110":"fte","37/230":"jus","37/278":"euh","37/362":"che","37/380":"wom","37/480":"dae","37/656":"osi","37/806":"rīm","37/1172":"sus","37/1341":"scu","37/1404":"sil","37/1410":"uon","37/1570":"īmi","37/1589":"ror","37/1767":"ōkō","37/2718":"kīk","37/3212":"pōm","37/4313":"lam","37/4577":"sts","37/7229":"mōu","37/7581":"umb","37/9317":"ārā","37/11016":"pii","37/13887":"wau","37/16420":"gip","37/17911":"ihī","37/20865":"tiu","37/24217":"oks","37/29938":"aie","37/32499":"ual","37/51460":"orc","38/139":"cco","38/173":"vol","38/419":"rmi","38/535":"mpt","38/569":"ōir","38/629":"uly","38/803":"pōu","38/1015":"lly","38/1143":"jas","38/1189":"sel","38/1547":"ise","38/2377":"vir","38/3551":"ped","38/5661":"nov","38/10151":"app","38/10927":"pāu","38/11319":"mul","38/22185":"moi","38/22473":"uns","38/33053":"maw","39/58":"kör","39/106":"tme","39/151":"hīk","39/155":"lke","39/265":"nni","39/409":"bac","39/421":"obi","39/439":"ghe","39/476":"lde","39/521":"dor","39/530":"cre","39/535":"mpr","39/1090":"del","39/1415":"avo","39/2378":"sey","39/3032":"tōh","39/4313":"lau law","39/8849":"gow","39/68890":"iai","39/186827":"tac","40/43":"lxx","40/629":"ulu","40/1021":"cis","40/1057":"hīh","40/2347":"div","40/2377":"vit","40/3379":"kēk","40/4313":"lav","40/6009":"aap","40/10151":"apr","40/21707":"itō","40/109969":"rag","41/105":"änu","41/120":"ize","41/155":"lks","41/188":"afe","41/290":"ebo","41/301":"ude","41/324":"cus","41/336":"mrs","41/390":"fri","41/407":"ēpē","41/523":"jos","41/525":"īri","41/758":"tōk","41/803":"pōk","41/971":"fou","41/1311":"pli","41/1319":"nsu","41/1341":"sce","41/1636":"sor","41/1656":"fio fis","41/1836":"pin","41/2072":"tyl","41/2180":"deo","41/2199":"aoa","41/2859":"ōnā","41/6872":"imm","41/9545":"nōt","41/10586":"nig","41/12467":"āhā","41/18027":"aaa","41/19277":"onn","41/30988":"māe","41/31483":"tud","41/40855":"hos","41/44793":"keo","41/62415":"eig","42/409":"bal","42/569":"ōih","42/1007":"ays","42/5293":"nir","42/31483":"tue","42/38707":"urg","43/61":"hpv","43/73":"yri","43/182":"phy","43/188":"aff aft","43/257":"īti īwī","43/403":"lue","43/444":"gen","43/464":"ēmi","43/495":"ōmo","43/705":"uot","43/818":"bas","43/930":"rda","43/1007":"ayn","43/1012":"tāh","43/1077":"eec eeh","43/1136":"iit","43/1162":"ild","43/1448":"chu","43/1758":"thi","43/2012":"tūn","43/2146":"owl","43/3919":"wes","43/4313":"lag","43/11319":"mue","43/22473":"unn","43/24305":"inn","43/28694":"ruu","43/31097":"nup","44/225":"ida","44/259":"gur","44/929":"ado","44/1261":"rtm","44/2637":"thl","44/5083":"pūa","44/23953":"ahā","44/71455":"ank","45/64":"nme","45/227":"tte","45/229":"ffi","45/403":"luc","45/611":"nzm","45/748":"yor","45/908":"hōp","45/2324":"ily","45/3094":"isc","45/88871":"aus","46/79":"kno","46/137":"rät","46/145":"wsi","46/201":"ūao","46/273":"phi","46/351":"dra","46/991":"ncl","46/999":"lot","46/1057":"hīn","46/1553":"olu","46/6443":"oai","46/9799":"ott","46/22473":"uno","47/67":"dwa","47/146":"lme","47/153":"yal","47/180":"spe","47/245":"lyn","47/312":"ūwa","47/395":"ēko","47/480":"dav","47/556":"eur","47/850":"rēk","47/929":"ada","47/1050":"abi","47/1341":"sca","47/1547":"iso","47/2053":"ūmu","47/2757":"icu","47/3661":"esa","47/4767":"roi","47/8210":"gim","47/8849":"goo gou","47/10476":"iow","47/10659":"ākū","47/11016":"pie","47/11763":"wāk","47/13636":"riā","47/28694":"ruc","47/34050":"eao","47/85758":"arp","47/124827":"akō","47/223071":"ngâ","48/173":"nks","48/589":"uāu","48/1021":"cil","48/1823":"ntt","48/2293":"ueh","48/5293":"nie","49/50":"xwe","49/69":"axw xan","49/110":"tët","49/118":"lbo","49/136":"gne","49/325":"ppl","49/437":"bir","49/480":"dan","49/523":"ess","49/535":"mps","49/705":"pīh","49/912":"igi","49/923":"oce","49/1037":"hēm","49/1075":"kut","49/1154":"vat","49/1373":"eci","49/1656":"fik","49/1947":"cet","49/1998":"loc","49/2347":"dig","49/2718":"kīr","49/3264":"lip","49/4577":"stc","49/5083":"pūw","49/5274":"thu","49/16420":"gis","49/25730":"orr","49/30685":"ael","49/142910":"any","50/101":"nēh","50/409":"bat","50/1933":"uwe","50/2227":"cot","50/3553":"ākā","50/14931":"kem","50/61971":"roc","50/79711":"rey","51/59":"nūp","51/241":"ūpu","51/251":"she","51/331":"rli","51/367":"exc","51/392":"īni","51/437":"bin","51/992":"ssa","51/1403":"bes","51/3379":"kēn","51/3661":"esp","51/7838":"wew","51/10060":"tūa","51/25601":"kip","51/51761":"tee","52/305":"dde","52/419":"rme","52/1021":"cin","52/1553":"oly","52/4313":"lak","52/5127":"āwi","52/5675":"eak","52/8843":"eop","53/93":"ifi","53/165":"ōmi","53/202":"yle","53/253":"ofi","53/322":"ūka","53/521":"doc","53/654":"elo","53/678":"boa","53/1006":"tūā","53/1189":"ses","53/2146":"ows","53/2588":"aso","53/2718":"kīw","53/2857":"huh","53/11319":"muh","53/15494":"māp","53/15505":"etc","53/17795":"puw","53/24332":"oul","53/25730":"ors","53/41661":"was","53/48610":"ink","53/61971":"rov","54/1261":"rty","54/2227":"coa","54/3379":"kēh","54/7645":"emp","54/8849":"gop","54/12865":"org","54/23953":"ahē","54/38707":"urt","55/139":"two","55/1561":"pāw","55/2378":"sec","55/2703":"rōn","55/2757":"ico","55/2859":"ōno","55/5274":"ths","55/5312":"opt","55/6826":"nea","55/8849":"goe","55/11073":"kām","55/28586":"arō","55/48933":"pag","55/108122":"whī","56/229":"ffe","56/249":"lso","56/527":"qui","56/705":"pīp","56/1321":"acc","56/4437":"alm","56/9497":"nai","56/15761":"pom","57/100":"nfo","57/391":"fai","57/535":"mpl","57/611":"bla","57/923":"oca","57/991":"nch nco","57/1606":"pōw","57/2180":"dea","57/2227":"cop","57/3409":"iep","57/4576":"kōm","57/28586":"arr","58/195":"fra","58/513":"ovt","58/527":"qua","58/1261":"rto","58/1319":"nsp","58/1403":"bet","58/1543":"waa","58/3551":"pee","58/7229":"mōt","58/29397":"otū","58/44793":"kes","58/61971":"rog","58/79711":"reu","59/75":"ëne","59/112":"dle","59/152":"xii","59/403":"lus","59/500":"hūr","59/513":"ovi","59/530":"nny","59/535":"mpa","59/900":"spr","59/1164":"rsh","59/1319":"nse","59/1547":"isi","59/1636":"sol","59/2154":"eep","59/5274":"thr","59/5293":"nio","59/20214":"mel","59/29397":"oth","59/40428":"mep","59/47782":"nee","59/85473":"nag","59/124827":"aks","59/137663":"has","60/181":"iār","60/649":"cem","60/839":"bre","60/2527":"umō","60/4331":"ndo","60/38707":"urs","61/190":"īki","61/359":"een","61/824":"ipo","61/1110":"geo","61/2324":"ils","61/10476":"iop","61/11763":"wār","61/19277":"onā","61/34050":"eaw","61/37141":"huā","61/44793":"kel","62/97":"dne","62/391":"fac","62/469":"rre rro","62/545":"dec","62/1119":"sai","62/4313":"lay","62/17795":"pub","62/32499":"uap","62/46015":"erū","62/48933":"pac","62/110087":"hic","63/247":"yne","63/523":"jou","63/556":"eum","63/586":"sup","63/599":"iva","63/1553":"ols","63/1823":"nty","63/6929":"oeā","63/13778":"iam","63/17795":"pum","63/23222":"ātū","63/28694":"rue","63/186827":"tas tay","64/141":"hla","64/325":"ppe","64/629":"uli","64/1547":"isl","64/3691":"kān","64/19277":"onl","64/44907":"ail","64/62815":"gāp","65/629":"ula","65/1008":"eva","65/1057":"hīr","65/1088":"lit","65/1543":"ome","65/1553":"ole","65/1947":"cea","65/2378":"sed set","65/3921":"wāw","65/12166":"ous","65/102638":"atc","66/367":"exa","66/589":"uān","66/2005":"cap","66/3217":"ōpō","66/4331":"ndy","67/337":"āer","67/390":"fre","67/397":"rke","67/450":"bus","67/1172":"sul","67/1305":"moh","67/1606":"pōn","67/3567":"eki","67/12467":"āhū","67/15505":"ets","67/21666":"uam","67/32499":"uae","67/36227":"irī","67/93263":"kaū","67/102638":"ats","68/337":"āea","68/2347":"die","68/10283":"mik","69/380":"woo","69/1261":"rte","69/1823":"nta","69/3212":"pōp","69/8843":"eot","69/12563":"gāw","70/649":"cen","70/6137":"aek","70/9497":"nal","70/10653":"peo","71/131":"tle","71/521":"dow","71/589":"uāw","71/739":"rūr","71/964":"ūpe","71/1154":"van","71/1164":"ioh","71/1947":"cer","71/2630":"tīh","71/2859":"ōng","71/3064":"eph","71/3646":"nto","71/4521":"lem","71/20865":"tic","71/85758":"arg","71/88871":"aul","72/289":"gla","72/3361":"ōtā","72/6929":"oeh","73/304":"igh","73/644":"tāp","73/923":"ock","73/930":"tkk","73/1119":"sat","73/1767":"ōkā","73/2718":"kīt","73/4921":"ōhe","73/32499":"uao","74/367":"exp","74/4313":"lai","74/17025":"ead","74/18027":"aao","74/36007":"tob","74/223071":"ngē","75/304":"īpu","75/2377":"vil","75/4006":"āpō","75/6872":"imp","75/132397":"gae","76/245":"tpk","76/331":"rld","76/465":"ife","76/503":"tūt","76/1077":"clu","76/1321":"aci","76/3691":"kāp","76/9833":"taa","76/11319":"mum","77/1962":"elc","77/2757":"ici","77/28295":"utā","77/30988":"māw","77/39148":"hep","77/72014":"tow","77/79711":"rel","78/391":"far","78/4921":"ōhē","78/40855":"how","78/46015":"erm","78/79711":"rev","78/110087":"hii","79/120":"dvi","79/257":"īwh","79/436":"den","79/818":"bar","79/966":"ūki","79/1139":"cks","79/2005":"cam","79/2024":"tām","79/34050":"eah","79/46015":"erb","80/239":"mcl","80/523":"est","80/4521":"led","80/4577":"stn","81/818":"ban","81/929":"add","81/1015":"lla","81/1315":"tīk","81/10283":"mim","81/10927":"pāo","81/21707":"itt","81/30517":"enn","81/47782":"ney","81/51460":"orl","81/54061":"whu","82/569":"ōiw","82/1037":"hēh","82/1119":"sal","82/1553":"ola","82/10653":"pec pew","82/12979":"hām","82/99159":"mac","83/160":"sda","83/339":"bou","83/447":"lth lto","83/450":"bul","83/678":"bor","83/1637":"āmo","83/2637":"tha","83/3880":"oik","83/7229":"mōr","83/99159":"mal","84/289":"gle","84/523":"jon","84/6929":"oer","84/14845":"upi","84/51761":"tec","85/287":"ūāh","85/486":"pte","85/552":"fic","85/987":"ega","85/991":"nci","85/1529":"emb","85/3661":"esc","85/10586":"niv","85/17911":"ihā","85/42879":"arl ars","86/1143":"jac","86/2757":"ics","87/175":"īra","87/230":"jul","87/289":"gli","87/500":"hūn","87/658":"ogr","87/1637":"āme","87/4313":"lab","87/4586":"ues","87/7229":"mōn","87/8600":"kuk","87/24217":"okā","88/331":"rle","88/9545":"nōh","88/36227":"irs","89/95":"kkm","89/126":"ūor","89/323":"ibr","89/850":"rēr","89/912":"ign","89/1007":"ayl","89/1113":"vel","89/1341":"sco","89/1553":"old","89/1962":"eld","89/4331":"ndr","89/5030":"tūw","89/31483":"tuā","90/437":"bil","90/4331":"ndi","90/109969":"ras","91/1073":"own","91/1135":"ttl","91/3201":"amo","91/10476":"ioi","91/62415":"eik","91/109969":"ray","92/657":"ūhi","92/1135":"tto","92/10659":"ākī","92/28305":"noo","92/44793":"kep","93/232":"ēmu","93/292":"ust","93/724":"cha","93/1037":"hēk","93/1319":"nso","93/1373":"eco","93/8326":"nāw","93/20939":"tēp","93/38707":"urr","94/14845":"upā","94/30517":"eno","94/38707":"ury","95/408":"uck","95/702":"sif","95/987":"ege","95/1139":"cke","95/1164":"rsi","95/1317":"aga","95/19727":"ukā","95/47782":"nel","96/437":"bio","96/3409":"iel","97/257":"gre","97/495":"ōma","97/656":"ose","97/1642":"git","97/6929":"oek","97/8210":"gie","97/14826":"āoa","97/16420":"gir","97/35590":"puu","98/111":"gto","98/367":"ext","98/649":"ces","98/1067":"amā","98/8849":"gov","99/992":"sse","99/1006":"tūh","99/2005":"cas","99/5312":"opm","99/7229":"mōk","99/10283":"mio","99/25030":"rāo","100/341":"pme","100/469":"rra","100/577":"val","100/589":"ōka","100/5497":"ewi","100/8171":"hot","100/12979":"hāe","100/18027":"aai aam","101/71455":"ans","101/85758":"arm","102/125":"ōek","102/1823":"nti","102/110087":"hig","102/128005":"kie","103/705":"pīt","103/1270":"mmi","103/1317":"ago","103/1403":"bea","103/2859":"ōne","103/11319":"mun","103/16311":"paa","103/44907":"aiā","103/62595":"tis","103/89814":"aiu","104/465":"rds","104/929":"adv","104/2227":"coo","104/3531":"ūti","104/17025":"eac","104/28305":"noe","104/223071":"ngt","105/134":"pdf","105/1006":"tūm","105/1136":"iii","105/15761":"poo","106/599":"ivi","106/1403":"ben","106/2347":"dic","106/3409":"iek ien","106/4437":"ald","106/48933":"pas","107/1021":"cit","107/1060":"ook","107/1962":"els","107/3661":"esi","107/15674":"iwe","107/25608":"ams","107/30453":"apō","108/2293":"uen","108/10283":"mic","108/79711":"rec","109/139":"lco","109/349":"ugh","109/2367":"ōwe","109/3661":"eso","109/4521":"leg","109/6955":"tim","109/7760":"oim","109/10060":"tūk","109/41661":"way","109/51460":"orā","110/527":"que","110/1403":"bel","110/1637":"āmi","110/2377":"vii","110/4577":"stu","110/48933":"pam","111/119":"ëta","111/656":"oss","111/1004":"sho","111/1816":"hōr","111/14650":"ohn","111/68180":"rii","112/191":"rfo","113/960":"dar","113/966":"ūko","113/1037":"hēn","113/1143":"jam","113/1248":"kōh","113/2377":"vid","113/2718":"kīh","113/4586":"uea","113/18027":"aau","113/28305":"noi","113/34050":"eam","113/34400":"kuw","113/46015":"ery","114/761":"feb","114/929":"adi","115/157":"rvi","115/196":"īng","115/324":"cul","115/1037":"hēt","115/2527":"umi","115/10712":"ipū","115/13728":"kōi","116/351":"dre","116/1135":"ttp","116/110087":"hie","117/409":"soc","117/30685":"aei","117/31097":"nue","118/761":"fes","118/2713":"uhe","118/14845":"upp","118/14933":"ēna","118/42879":"ark","118/109969":"rad","119/1245":"iua","119/7747":"māh","119/20214":"mei","119/46015":"erf erg","120/257":"gra","121/1004":"shi","121/1561":"pār","121/1805":"aet","121/3264":"lif","121/3572":"pēw","121/12865":"ort","122/259":"www","122/325":"ppo","122/419":"rma","122/5761":"iku","122/9545":"nōn","122/10651":"eho","122/22185":"moo","123/172":"ycl","123/1532":"epo","123/3773":"mup","124/285":"īko","124/1077":"cle","124/9833":"taw","124/223071":"ngū","125/188":"nli","125/248":"cyc","125/2588":"ash","125/7222":"uan","125/8849":"gom","125/38707":"urī","125/51319":"atō","125/223071":"ngl","127/290":"ebr","127/349":"ugu","127/1135":"tti","127/8849":"gor","127/88871":"auī","128/727":"rne","128/1077":"clo","128/1261":"rti","129/304":"iga","129/2120":"ooh oon","129/40855":"hol","130/157":"īma","130/257":"īwa","131/159":"rōp","131/493":"ala","131/2180":"dev","131/2226":"vem","131/2272":"iir","131/4313":"lat","131/17592":"aok","131/24332":"oup","131/108122":"whē","131/132397":"gam","133/144":"äko","133/629":"ult","133/3064":"ept","133/16311":"paw","133/19277":"ont","133/48610":"inc","133/223071":"ngs","135/407":"ēpu","135/742":"ver","135/1294":"ast","135/3094":"isa","136/1259":"ōra","136/4599":"wit","137/296":"ubl","137/2180":"des","137/62415":"eia","138/1373":"ech","139/164":"yst","139/300":"spi","139/332":"ile","139/1771":"tāk","139/2220":"ges","139/3217":"ōpi","139/39148":"hew","139/47782":"nep","139/68890":"ial","141/11350":"eas","141/28295":"utō","141/72014":"too","142/277":"ūng","142/629":"ull","142/839":"bra","142/1479":"all","142/4521":"ler","142/5437":"pah","143/39148":"heu","143/68180":"rid","144/275":"hri","144/839":"bru","144/4313":"lac","144/46015":"erā","145/1547":"isq","145/1767":"ōke","145/1816":"hōu","145/2896":"chr","145/5508":"pip","145/9096":"tōu","145/30517":"enr","145/36007":"toe","146/859":"imi","147/739":"rūm","147/2227":"cor","147/2378":"sen sep","148/929":"ade","148/2003":"āpe","148/23891":"nes","148/44793":"kee","149/442":"sla","149/727":"rni","149/818":"sou","149/1110":"ger","149/1404":"sie","149/1998":"lor","149/3108":"gus","149/109969":"rac","150/359":"cli","150/5761":"ike","150/12979":"hāu","151/283":"ava","151/469":"rri","151/1786":"pēp","151/2377":"vis","151/61971":"ros","152/923":"oct","152/991":"ncy","152/3217":"ōpu","152/12979":"hāw","153/245":"tch","153/313":"īha","153/1135":"tta","153/3361":"ōte","153/4313":"lar","153/10283":"mis","153/15761":"pol","153/30517":"ens","154/7715":"omp","155/272":"uca","155/3551":"pet","155/20214":"met","156/17795":"pui","156/33053":"mam","156/88871":"aug","157/274":"ski","157/912":"īpa","157/2718":"kīa","157/30453":"aph","157/99159":"mag map","158/30685":"aem","158/99159":"mas","158/110087":"hil","159/574":"ūān","159/2293":"uer","159/4921":"ōho","160/7747":"mām","160/41661":"wal","161/3183":"āun","161/4521":"ley","162/521":"don","163/452":"rge","163/10072":"ōru","164/439":"ght","164/1061":"āui","164/1143":"jan","164/17045":"rio","164/19727":"ukī","165/1073":"owa","165/3361":"ōtu","166/4521":"lec","167/187":"you","167/1090":"der","167/3646":"ntr","167/32215":"oad","168/1339":"ipi","168/7715":"omā","169/430":"kūm","169/1012":"tāt","169/88871":"auc","170/1189":"ser","170/3919":"wel","171/206":"kla","171/2272":"iih","171/2678":"ipt","171/24680":"uiw","172/1021":"cia","172/1139":"ckl","172/11319":"muk","173/964":"ūpa","173/2227":"cou","173/3064":"epi","173/3919":"wek","173/4599":"win","173/13728":"kōu","175/1004":"sha","175/1746":"ior","175/5274":"thé","176/38707":"urn","177/407":"ēpi","177/28586":"ard","178/2347":"din","178/22473":"und","178/51319":"atā","179/312":"ūwh","179/727":"rna","179/8849":"goā","179/16420":"gio","179/20336":"awi","179/78296":"hel","181/495":"ōmu","181/784":"īna","181/40428":"mes","182/124827":"akī","183/1460":"use","183/1570":"īmē","183/2527":"umm","183/6170":"uih","183/13636":"riw","183/102638":"att","184/14933":"ēng","184/124827":"akā","185/368":"efe","185/839":"bro","185/1962":"ele","185/2377":"vin","186/2005":"cal","186/10927":"pām","187/438":"ūhu","187/464":"ēme","187/530":"nne","187/2180":"dep","187/2757":"ict","187/25030":"rāp","189/1060":"oot","189/37141":"huw","190/1373":"ece","190/2969":"upo","190/3661":"ese","191/2154":"eer","191/9096":"tōm","191/11016":"piu","191/12340":"uiu","192/31097":"num","193/1222":"bli","193/2757":"ich","193/3409":"ier","193/4548":"tōr","193/137663":"hah","194/705":"pīr","194/3691":"kāh","195/589":"uāk","195/1009":"rer","195/7747":"māk","195/38707":"urc","195/43414":"itū","196/2003":"āpā","196/2005":"can","196/36007":"tom","197/626":"īhi","197/1136":"iia","197/4161":"eir","197/5293":"nik","197/28694":"rui","197/47782":"neo","198/1315":"tīp","198/3379":"kēm","199/5675":"eal","199/46015":"erē","201/1321":"act","201/1553":"oli","201/15761":"pos","201/20939":"tēh","202/1015":"lli","202/3183":"āut","202/14845":"upō","203/235":"uor","203/1245":"iui","203/6929":"oea","203/132397":"gau","205/893":"pēn","205/1113":"ves","205/3572":"pēk","205/19727":"uko","205/23891":"neh","205/64998":"uai","206/4163":"nān","207/421":"obe","207/3284":"gih","207/4331":"nda","207/51460":"orm","208/30685":"aep","208/31483":"tuw","208/62815":"gār","209/10712":"ipā","209/19574":"het","209/46015":"ert","211/380":"wor","211/4815":"tit","211/6443":"oar","211/186827":"tag","212/1261":"rth","213/850":"rēm","213/3212":"pōh","213/62966":"tuu","215/1073":"owe","215/37141":"hup","215/47782":"nem","216/2005":"car","217/2630":"tīt","217/10072":"ōro","219/2150":"kup","219/24305":"ins","220/771":"īta","220/110087":"his","221/40428":"med","221/142910":"ann","222/3097":"ūru","223/412":"ipu","223/425":"rēh","223/5127":"āwe","223/10653":"pei","225/523":"joh","225/1816":"hōn","225/19066":"āni","226/4437":"ali","226/4463":"koe","226/10107":"meh","226/79711":"ref","227/1404":"sio","227/6402":"ami","227/142910":"anc","227/258805":"tew","229/656":"ost","229/25608":"amō","230/12979":"hāo","232/2177":"tru","234/5293":"nin","235/1088":"lis","236/437":"pla","237/12515":"rāw","238/1321":"ach","238/5293":"niw","239/447":"scr","239/1361":"cto","239/3264":"lia","239/85473":"nap","240/2527":"umu","241/496":"awa","242/1449":"mēr","245/17592":"aoh","246/1321":"ace","246/12979":"hāh","246/14845":"upū","247/292":"mīh","248/1823":"nte","248/62595":"tii","248/85473":"nae","249/7084":"tāu","249/8843":"eor","251/1316":"ogu","251/1321":"ack","251/1469":"mih","251/21666":"uah","251/46015":"ern","251/109969":"rao","252/739":"rūn","252/128005":"kio","253/2154":"eet","254/7837":"iwā","255/761":"fer","256/4437":"ale","256/88871":"auā","257/6872":"imu","258/395":"ēke","260/6399":"ker","261/818":"bay","261/1162":"ill","261/102638":"ath","263/13476":"mer","263/32499":"uag","264/1015":"lle","265/336":"eve","265/4019":"āit","265/11016":"pia","265/28694":"rus","266/7645":"emu","267/25030":"rāh","268/1359":"kīi","268/4313":"las","268/7581":"umā","268/109969":"ral","269/586":"the","269/3108":"gue","269/9096":"tōt","269/40428":"mek","269/79711":"reg","270/6929":"oen","272/1553":"olo","272/28295":"utū","275/43414":"ith","277/586":"sum","277/2199":"aon","277/3409":"ies","277/46015":"erv","277/68180":"riu","277/137663":"haa","278/14347":"ruk","279/8849":"got","279/258805":"tep","281/1448":"chi","282/635":"mma","282/2177":"tre","283/873":"ion","283/5293":"niu","283/18027":"aaw","285/2177":"try","286/1077":"cla","286/12979":"hāt","289/4521":"les","290/527":"qus","290/2227":"col","290/23891":"net","291/51460":"ord","293/839":"bri","293/1553":"oll","295/14826":"āon","296/1637":"āmu","296/62415":"eih","297/30517":"end","298/1189":"sea","298/2377":"vic","298/4521":"len","299/3921":"wān","301/2215":"eti","301/7645":"ems","302/771":"īto","303/2053":"ūmo","303/7760":"oio","303/14168":"tāo","304/2347":"dia","307/9317":"āru","309/1319":"nst","309/2120":"oop","309/4921":"ōhu","311/68180":"ris","313/1816":"hōi","313/7084":"tār","313/23044":"ikō","314/6443":"oat","314/15505":"ett","316/857":"ōur","317/3066":"wik","317/34445":"iar","319/513":"ove","319/2588":"ass","319/15505":"etū","319/48610":"ind","320/110087":"hih","323/1933":"uwa","323/2515":"tūr","323/2896":"cho","323/4870":"rin","323/128005":"kiu","324/8849":"goi","325/1341":"sch","328/7581":"umo","329/258805":"tes","330/1057":"hīt","335/2377":"vig","337/3097":"ūre","337/6872":"ime","338/3919":"wee","341/47782":"ner","342/6929":"oem","342/14347":"rum","343/5127":"āwā","345/6872":"imo","349/1328":"opu","349/28586":"arc","353/85473":"nav","354/36007":"top","355/658":"ogi","355/3551":"pep","355/7838":"wet","356/2713":"uha","359/36007":"tot","361/904":"dsp","363/1465":"ohu","364/15761":"pop","364/51761":"tek","367/3942":"ēra","368/2757":"ica","369/569":"ōia","369/7760":"oir","369/15761":"poh","370/5497":"ews","370/61971":"roo","371/68890":"iap","372/2713":"uhu","373/803":"pōt","374/40855":"hoo","376/3379":"kēt","376/30685":"aeh","376/110087":"hiv","377/17045":"rim","378/32215":"oak","379/2718":"kīn","379/8210":"gin","380/2227":"con","380/15761":"pow","381/530":"cri","382/2757":"ice","385/4006":"āpu","385/10586":"nis","387/88871":"aud","388/84797":"koo","392/37141":"hue","393/1532":"epe","394/15505":"ety","395/5083":"pūk","395/7449":"ēte","396/2857":"hur","397/1270":"mme","398/7581":"ume","399/7760":"oit","400/44907":"aio","401/2297":"pre","401/3097":"ūri","402/40855":"hoh","405/602":"udi","405/23891":"nen","406/79711":"ree","409/2367":"ōwa","409/2490":"iur","409/3531":"ūtu","410/48933":"pao","412/79711":"red","412/132397":"gaa","413/37141":"hum","415/2347":"dis","416/681":"ung","419/38554":"ons","421/9198":"wir","421/28305":"nor","421/32499":"uau","422/44793":"kea","423/110087":"hiu","424/7395":"moe","424/40855":"hoi","425/5036":"ōri","425/31097":"nuh","427/62815":"gāi","431/40855":"hom","433/46015":"eru","434/132397":"gap","436/1119":"san","439/12979":"hāk","441/2914":"edu","442/1637":"āma","442/2347":"dio","443/128005":"kik","445/1314":"ūho","445/85758":"art","446/1021":"cie","449/1073":"owh","451/1554":"gun","452/132397":"gao","453/964":"ūpo","455/593":"mbe","456/32215":"oah","459/1415":"avi","461/5238":"iot","463/28694":"rup","466/30517":"enc","467/923":"oci","467/22473":"une","467/137663":"ham","468/258805":"ted","469/2003":"aar","469/3691":"kāw","469/142910":"ant","473/2588":"ase","474/10927":"pāh","474/11611":"ātu","476/4577":"sto","477/9317":"āro","478/687":"duc","479/10653":"peh","479/24305":"inu","481/4331":"nde","481/7838":"wea","488/7715":"omm","488/17795":"puh","491/4577":"sta","491/79711":"rep","499/85473":"naa","500/12979":"hāp","501/2297":"pri","503/1767":"ōki","503/19574":"hek","503/30453":"apā","505/3531":"ūte","505/186827":"tal","509/4577":"sti","509/12166":"oun","511/1446":"tsl","512/41661":"waw","514/4861":"ine","514/6443":"oan","514/84797":"kow","517/2072":"tys","519/884":"slo","519/7838":"wen","519/48610":"int","519/132397":"gaw","521/12340":"uia","521/14931":"ken","521/18027":"aan","521/34400":"kuh","523/5356":"ipa","525/1543":"oma","526/10659":"āku","527/13728":"kōk","527/16420":"gic","528/991":"nce","535/14168":"tāw","535/99159":"mae","536/30685":"aew","538/1547":"ist","538/2199":"aor","538/223071":"nge","540/3409":"iet","541/545":"īia","541/6170":"uin","541/258805":"teg","542/859":"ima","543/186526":"kae","545/3264":"lic","547/5497":"ewe","547/42879":"ary","549/10852":"uho","551/693":"rch","553/14969":"air","556/15505":"eto","557/79711":"res","563/966":"ūke","563/3108":"gua","563/14268":"eko","565/4331":"nds","565/30988":"mān","565/61971":"rof","565/223071":"ngä","567/9740":"ria","568/7715":"omi","569/34050":"ean","570/14969":"aih","571/3217":"ōpa","571/23222":"ātā","573/1816":"hōt","573/8326":"nāi","575/2757":"ick","576/3097":"ūrā","577/62415":"eit","583/992":"ēhe","583/4815":"tik","584/1307":"wāh","584/1385":"ūna","588/2347":"dit","588/109969":"raa","589/10586":"nia","599/1636":"son","599/38707":"uro","601/5312":"opo","601/22185":"mor","603/17795":"pup","605/3264":"lin","606/36227":"irā","613/40428":"mem","615/1637":"āmā","617/1962":"ell","618/137663":"hao","623/13728":"kōt","627/6170":"uir","627/17045":"rih","628/99159":"maa","631/4006":"āpo","631/62966":"tui","635/1767":"ōku","635/2637":"tho","637/4521":"lea","639/68180":"rie","640/61971":"row","641/11016":"pih","643/48610":"inā","649/17045":"rir","651/3551":"pea","654/132397":"gak","655/2226":"ven","656/11073":"kār","659/1984":"ēhi","659/10166":"pūm","659/13887":"war","659/110087":"hip","661/11073":"kāk","663/10927":"pāp","664/16311":"pan","666/4861":"ino","666/24217":"oku","667/5860":"ohe","671/8210":"gia","672/1709":"āwa","673/1143":"jav","675/1154":"vas","678/15505":"etu","679/85473":"nab","681/28694":"ruh","684/12467":"āho","689/1373":"ect","691/2154":"eek","691/46015":"ers","696/17795":"pua","697/2588":"asc","697/28694":"rut","697/62415":"ein","702/2227":"com","704/8849":"gon","704/85473":"nar","706/4173":"tia","706/14931":"keh","707/3097":"ūra","707/25608":"ame","710/5437":"pak","715/987":"egi","715/15761":"poi","717/36007":"toi","721/971":"for","721/10060":"tūp","721/62595":"tiw","723/34400":"kui","725/10166":"pūn","727/1403":"ber","735/1198":"ive","737/34445":"iao","743/1050":"abl","744/5675":"ear","744/258805":"tem","751/61971":"rou","757/62595":"tih","763/7760":"oin","763/12515":"rāk","763/40855":"hop","765/1361":"cti","770/84797":"kop","772/40855":"hoe","773/61971":"rok","775/29938":"aip","780/14969":"ain","785/10151":"apo","791/3919":"weh","797/7395":"moa","797/10586":"nit","797/30988":"māu","799/128005":"kii","801/37141":"huk","803/84797":"kok","811/41661":"wat","817/1222":"ble","817/44907":"aim","819/128005":"kim","820/3097":"ūro","823/930":"tki","825/30517":"eni","828/12865":"oru","830/1709":"āwh","851/51761":"ter","861/4006":"āpa","865/4577":"ste","870/11611":"āti","871/13887":"wan","872/8843":"eoi","872/88871":"auw","881/4861":"ina","881/11763":"wāt","887/31483":"tup","891/2177":"tra","893/5312":"opi","893/7395":"mom","893/34050":"eat","893/48933":"pau","904/3409":"iew","906/71455":"ani","909/2914":"edi","910/15761":"poa","914/3361":"ōta","915/79711":"rem","923/1656":"fil","923/3919":"wer","926/1317":"age","939/2005":"cat","940/23953":"aho","943/2377":"vie","944/85473":"nah","955/5083":"pūt","958/9317":"āre","961/2754":"pir","961/12467":"āhe","967/3440":"kua","969/78296":"heo","971/85473":"naw","977/7118":"pur","980/30453":"ape","986/88871":"auo","999/8849":"goh","1002/3773":"mur","1006/28295":"ute","1007/5508":"pit","1013/3646":"nts","1015/3572":"pēr","1016/258805":"tei","1019/3032":"tōn","1024/10651":"ehā","1025/10659":"āki","1044/10651":"ehu","1053/3572":"pēh","1055/6864":"kōw","1057/25601":"kin","1057/62966":"tum","1060/17911":"ihu","1064/4577":"str","1064/14845":"upe","1069/4921":"ōha","1072/19727":"uke","1072/88871":"auk","1073/1185":"zea","1074/10283":"mir","1076/44907":"aik","1079/88871":"auh","1082/110087":"him","1087/5312":"ope","1099/12979":"hār","1104/3691":"kāo","1117/30453":"apū","1117/78296":"hem","1121/34400":"kun","1138/137663":"haw","1143/4019":"āia","1145/16311":"pat","1151/42879":"arā","1154/9317":"āri","1163/5006":"rāt","1163/14268":"ekē","1163/34445":"iah","1174/61971":"rom","1190/31097":"nuk","1195/12804":"amu","1196/28305":"non","1199/28694":"rur","1201/7645":"eme","1207/24680":"uit","1217/25030":"rāu","1219/10283":"mit","1219/22473":"unu","1219/40428":"men","1220/30453":"api","1223/258805":"teh","1225/3064":"epa","1229/10586":"nih","1229/36227":"iru","1235/10927":"pāk","1241/93263":"kak","1244/18027":"aae","1247/21707":"itu","1284/17045":"rik","1287/28295":"uth","1296/12979":"hāi","1298/10283":"min","1305/43414":"ity","1311/15761":"pot","1315/38554":"oni","1323/2630":"tīm","1330/11073":"kāi","1339/19574":"her","1341/23222":"āte","1346/2297":"pro","1349/22185":"mon","1349/44793":"kek","1351/5860":"oho","1352/28295":"uti","1356/2969":"upa","1361/4006":"āpi","1366/34445":"iak","1372/46015":"eri","1377/68180":"rip","1381/17795":"pun","1381/128005":"kih","1398/3101":"eta","1404/15761":"pok","1413/10168":"awe","1416/84797":"kom","1417/3183":"āua","1430/7229":"mōh","1435/10653":"per","1461/9799":"ote","1463/15494":"mār","1497/33053":"mau","1514/93263":"kao","1515/24217":"oka","1516/37141":"hut","1521/24217":"oke","1521/109969":"rae","1529/1933":"uwh","1535/3531":"ūta","1541/79711":"rew","1548/62815":"gāt","1553/36227":"ire","1555/32499":"uak","1563/7760":"oia","1563/39148":"hea","1570/22473":"uni","1583/10166":"pūr","1591/14650":"oha","1611/10927":"pāt","1631/2053":"ūma","1633/15761":"pon","1639/110087":"hiw","1653/24332":"our","1653/68890":"ian","1653/71455":"ane","1663/102638":"atū","1663/128005":"kiw","1673/99159":"mao","1679/25030":"rār","1685/18027":"aak","1685/47782":"new","1697/11016":"pik","1722/7645":"ema","1732/1971":"ērā","1732/9799":"ota","1756/20657":"roh","1759/62966":"tut","1781/24332":"oua","1801/5497":"ewa","1805/47782":"nek","1814/19727":"uki","1828/51761":"tea","1846/2367":"ōwh","1853/11073":"kāt","1857/20939":"tēr","1867/62966":"tun","1876/79711":"ret","1879/17911":"ihe","1882/79711":"reh","1913/132397":"gan","1914/84797":"kou","1923/30685":"aen","1966/8849":"goa","1971/3361":"ōti","1984/4019":"āin","1994/10653":"pen","2034/12515":"rān","2071/62595":"tip","2077/15674":"iwa","2093/8796":"aot","2103/5761":"iki","2108/12467":"āha","2157/137663":"hap","2161/30517":"ent","2184/84797":"koa","2210/10651":"ehi","2223/17045":"rit","2225/3217":"ōpū","2229/95812":"ahe","2285/23953":"ahu","2303/9533":"āne","2305/11319":"mut","2317/9203":"ero","2349/14347":"run","2359/85473":"nam","2388/132397":"gah","2409/4756":"eke","2424/71455":"ano","2456/31483":"tur","2459/109969":"rai","2479/186827":"tao","2481/20657":"roa","2568/9533":"āng","2573/79711":"rea","2576/30517":"ena","2583/79711":"ren","2584/223071":"ngu","2587/109969":"rap","2588/40855":"hon","2588/62595":"tio","2607/14293":"ari","2630/137663":"hat","2638/10651":"eha","2685/4586":"uem","2702/29397":"otu","2739/110087":"hik","2747/40855":"hou","2765/10292":"ore","2789/258805":"tet","2797/24332":"out","2827/68890":"iat","2848/10927":"pān","2848/88871":"aue","2869/22185":"mot","2895/38554":"one","2897/14293":"aro","2909/23044":"iko","2911/128005":"kir","2915/85473":"nat","2927/88871":"aui","2940/4313":"lan","2961/84797":"koi","2962/51319":"ate","2972/14933":"ēnā","3019/14168":"tān","3046/37141":"hui","3054/7715":"omo","3064/7645":"emi","3121/7837":"iwh","3128/18027":"aah","3146/41661":"wak","3158/42879":"aru","3169/132397":"gai","3173/39148":"hen","3194/4921":"ōhi","3205/43414":"ito","3214/11319":"mua","3263/40855":"hoa","3297/48610":"ini","3313/99159":"mak","3339/88871":"aum","3346/79711":"rek","3352/10659":"āka","3357/142910":"and","3365/7837":"iwi","3371/93263":"kaw","3377/19066":"ānu","3418/15505":"ete","3418/85473":"nan","3425/5426":"uhi","3442/44907":"aia","3445/41661":"wae","3498/38707":"ure","3511/15761":"por","3528/33053":"mar","3545/15761":"pou","3562/48933":"pae","3583/10651":"ehe","3587/17911":"iha","3644/44793":"ket","3667/14268":"eka","3689/89814":"aiw","3713/9799":"oto","3735/109969":"rak","3857/5036":"ōre","3972/12467":"āhi","3982/79711":"rei","3983/10659":"āko","3995/64998":"uar","4059/84797":"kot","4121/40855":"hor","4148/54061":"whā","4166/85473":"nak","4207/37141":"hun","4213/30685":"aea","4249/88871":"aun","4255/48933":"par","4335/110087":"hio","4338/186827":"tap","4355/14347":"rua","4356/109969":"raw","4417/28305":"noa","4468/36007":"toa","4470/21707":"ita","4526/7581":"uma","4550/14291":"ana","4555/85473":"nau","4594/61971":"ron","4595/186827":"tat","4603/12467":"āhu","4637/41661":"wah","4777/38554":"ona","4790/22473":"una","4877/109969":"ram","4907/74357":"ngi","4930/17911":"iho","4950/84797":"koh","5035/72014":"tor","5036/10151":"apa","5109/11522":"ika","5135/5718":"ōna","5145/36007":"ton","5152/46015":"era","5173/14845":"upu","5192/93263":"kap","5205/21707":"ite","5260/109969":"rah","5277/31097":"nua","5279/18027":"aat","5329/64998":"uat","5331/28295":"uto","5382/109969":"rar","5390/31483":"tua","5415/38554":"ono","5434/124827":"aku","5510/29397":"oti","5569/72014":"tok","5585/30517":"enu","5643/19066":"āna","5648/93263":"kah","5649/142910":"anu","5753/28305":"noh","5755/186827":"tam","5808/12979":"hān","5828/41609":"aki","5889/62966":"tuh","5892/109969":"rat","5908/186827":"tar","5918/110087":"hir","5937/35590":"put","5937/93263":"kaa","5941/142910":"anō","5962/48933":"pai","6000/33053":"mat","6037/51319":"ati","6083/34400":"kur","6093/38554":"onu","6244/258805":"ten","6264/9317":"āra","6291/17911":"ihi","6390/51319":"ato","6494/84797":"kon","6496/88871":"aup","6498/128005":"kit","6604/30517":"ene","6613/51460":"oro","6626/36227":"iro","6833/51460":"ora","6913/62966":"tuk","6916/38707":"uru","6931/20336":"awh","7030/110087":"hit","7206/132397":"gar","7298/79711":"reo","7373/21707":"iti","7375/89814":"ait","7417/23222":"āto","7466/62595":"tin","7507/19727":"uku","7551/93263":"kau","7715/13728":"kōr","7729/108122":"whe","7746/88871":"aur","8128/186827":"tae","8139/88871":"aua","8187/28295":"utu","8360/137663":"hai","8367/35590":"puk","8401/40428":"mea","8410/223071":"ngo","8421/72014":"toh","8441/186526":"kan","8491/29300":"ohi","8503/88871":"aut","8505/137663":"hau","8513/48933":"pap","8519/30453":"apu","8534/93263":"kat","8591/20939":"tēt","8708/62595":"tir","8743/12804":"ama","8808/19727":"uka","9162/186827":"tai","9437/38707":"uri","9445/186526":"kam","9467/84797":"kor","9899/24305":"ing","9996/20939":"tēn","10030/99159":"man","10068/28295":"uta","10380/30517":"eng","10455/110087":"hin","10511/44793":"kei","10789/30988":"māo","10811/137663":"har","10819/30685":"aer","11002/137663":"hae","11085/23222":"āta","11176/36227":"ira","11303/61971":"rot","11473/85758":"are","11630/14933":"ēne","12017/124827":"ako","12245/132397":"gat","12293/24217":"oki","12366/37141":"hua","12914/41661":"wai","12917/72014":"tou","13075/38554":"ong","13558/109969":"rau","13575/78296":"hei","13582/40855":"hok","13741/128005":"kia","13837/14898":"ēta","13886/42879":"ara","13969/186526":"kar","13998/23953":"ahi","14341/14826":"āor","14432/36227":"iri","14489/108122":"whi","14560/137663":"han","14978/110087":"hia","15006/31097":"nui","16534/38707":"ura","16567/186526":"kai","17089/51460":"ori","17815/99159":"mai","18134/124827":"ake","19084/186827":"tak","20126/99159":"mah","20938/74357":"ngā","21171/51319":"ata","22744/46015":"ere","23729/41609":"aka","23999/95812":"aha","24667/109969":"ran","25867/102638":"atu","28919/186827":"tan","32260/186827":"tah","32567/47782":"nei","33626/186827":"tau","38538/54061":"wha","43801/74357":"nga","61050/137663":"hak","69451/142910":"ang"}}