{"language":"PUNJABI","ngrams":{"1/1":"ਵਤਰਣ ਣਨਮਪ ਲਜ਼ਦਰ ਟਆਸਰ ੲਟੲਨ ਲਬਦਲ ਬਣਇਆ ਬਕਬਕ ਰੲਵੲ ਸਕਈਏ ਰਐਸਐ ਕਗਕਜ ਹਜ਼ਰਤ ਨਯਨਤ ਗਲਟਨ ਦੜਦੜ ਰਐਵਰ ਏਡਵਰ ਬਣਆਉ ਉਡਉਦ ਸਸ਼ਤਰ ਗ਼ਜ਼ਨਵ ਏਐਸਆ ਸਐਚਓ ਇਅਗਰ ਈਐਫਟ ਗਦਈਪ ਸ਼ਖਬਰ ਕਗ਼ਵਰ ਈਸ਼ਵਰ ਣਨਸ਼ਕ ਡਕਸ਼ਨ ਮਜ਼ਹਬ ਣਤਮਕ ਸਐਨਐ ਵਤਸਮ ਸਇਸਕ ਲਛਰਰ ਕਤਕਤ ਮਆਰਟ ਅਸ਼ਫਲ ਮਤਫਲ ੳਜਰਤ ਗਨਜ਼ਰ ਬਦਸ਼ਗ ਇਅਤਰ ਤਰਡਕ ਫ਼ਰਵਰ ਜਬਲਪ ਕਟਮਈ ਸ਼ਰਬਤ ਜ਼ਮਜ਼ਮ ਛਲਛਲ ਖਸਕਦ ਪਏਬਲ ਉਧੜਦ ਐਡਜਸ ਵਸ਼ਕਤ ਘਆਰਟ ਤਗ਼ਰਚ ਅਡਜਸ ਦਲਚਸ ਖਸਖਸ ਨਬਕਸ ਮਸਫ਼ਰ ਸਮਫਰ ਸਤਖ਼ਤ ਓਮਸਤ ਇਤਆਦ ਵਰਗ਼ਸ ਸਮਬਰ ਲੜਖੜ ਲ਼ਖਨਪ ਗਕਜਪ ਟਜਰਲ ਲਜਗਣ ਇਬਘਰ ਜਭਗਤ ਵਲਗਣ ਛਡਣਗ ਅਬਜ਼ਰ ਗ਼ਵਰਣ ਘਨਹਰ ਐਲ਼ਆਈ ਗਦਗਦ ਅਜਹਰ ਗਲਮਹ ਕਨਡਕ ਨਟਖਟ ਬਉਟਰ ਰਸਏਬ ਲਗਪਗ ਫ਼ਰਸਨ ਊਨਤਮ ਅਬੜਬ ੜਕਪਨ ਸ਼ਤਗਰ ਓਮਵਤ ਵਜਪੜ ਹਨਸਨ ਪਲਗਡ ਦੲਟੲ ਧਆਪਣ ਆਗਮਨ ਪਸ਼ਬਦ ਰਥਜ਼ਕ ਨਜ਼ਚਲ ਥਣਕਰ ਸ਼ਭਗਤ ਐਪਟਨ ਨਨਗਰ ਮਲਖਮ ਅਡਲਟ ਓਕਰਨ ਧਵਲਪ ਔਬਜ਼ਰ ਸਪਪਲ ਉਲਦਨ ਰਫ਼ਨਮ ਦਹਜ਼ਮ ਗਮਰਮ ਮਇਟਲ ਤਕਗ਼ਵ ਧਵਰਗ ਏਕਸ਼ਨ ਤਊਤਨ ਰਖਘਰ ਨਰਤਕ ਹਤਸਫ਼ ਆਗਸਤ ਸ਼ਆਤਮ ਸਐਲਵ ਹਮਉਮ ੲਵੲਨ ਮਝਉਣ ਡਰਕਸ ਉਸ਼ਨਜ਼ ਰਫ਼ੳਮ ਪਨਘਟ ਵਨਗਰ ਵਣਮਹ ਤਕਥਨ ਗਗਮਲ ਮਅਨਪ ਸਹਲਟ ਲਚਦਪ ਆਰਐਸ ਣਵਈਆ ਇਡਰਸ ਸਵਪਨ ਗ਼ਸਪਰ ਕਰਈਆ ਏਜਲਸ ਈਓਵਰ ਐਨਦਰ ਮਸਪਰ ਮਉਮਰ ਰਈਅਤ ਥਭਰਪ ਗਗਰਦ ਸਭਗਤ ਮਫਲਰ ਐਨਥਰ ਣਆਉਣ ਡਜਸਟ ਪਸਵਕ ੳਅਸਰ ਫ਼ੳਮਪ ਸਨਫਰ ਵਅਰਥ ਘਨਈਆ ੳਲੲਨ ਸਹਮਤ ਸਆਦਤ ਕਚਘਰ ਹਨਅਤ ਭਗਦੜ ਮਨਆਏ ਜਚਣਹ ਮਫ਼ਲਟ ਲਸਚਪ ਵਣਨਮ ਸ਼ਕਪਟ ਇਨਫ਼ਰ ਲਦਸਤ ਨਐਪਲ ਊਕਮਰ ਆਰਚਬ ਮਅਰਥ ਦਵਦਨ ਗਤਰਨ ਐਹਮਦ ਗਜਠਕ ਲਚਮਨ ਦਭਗਤ ਰਬਖ਼ਸ਼ ਡਕਗਕ ਅਆਪਕ ਆਚਮਨ ਕੳਲੲ ਅਜਗਰ ਅਬਸਰ ਚਘਰੜ ਸਕੳਲ ਏਈਐਸ ਓਐਕਟ ਦਬਰਮ ਇਖ਼ਤਰ ਹਸਰਤ ਰਕਆਊ ਭਲਈਆ ਰਦਆਰ ਮਖਮਲ ਤਖ਼ਰਬ ਦਨਦਨ ਮਸਮਰ ਮਬਖਤ ਯਕਦਮ ਗਵਰਨ ਜਯਵਰ ਲਉਦਦ ਖਲਬਲ ਮਰਟਫ ਜਨਅਧ ਮਅਫਰ ਜਰਕਣ ਭਜਦੜ ਮਅਸਤ ਦਹਸ਼ਤ ਜਖਬੜ ਓਲਟਮ ਈਪਏਬ ਅਨਵਰ ਅਜ਼ਹਰ ਕਨਈਆ ਸਏਬਲ ਟਬਰਕ ਪਤਝੜ ਸਵਸਥ ਪਬਰਨ ਲਬਗਲ ਈਕਈਆ ਨਕਨਵ ਲਸਬਰ ਇਕਦਮ ਲਆਉਣ ਐਬਹਰ ਤਰਅਧ ਸਮਅਰ ਰਥਭਰ ਬਦਚਲ ਲਖਪਤ ਈਏਸਟ ਲਆਊਟ ਤਰਆਧ ਮਨਘੜ ਜ਼ਦਰਬ ਰਐਡਰ ਰਸ਼ਬਦ ਗਓਵਰ ਪਤਚਰ ਮਧਵਰ ਥਲਥਲ ਰਪਕਤ ਸਸ਼ਕਤ ਸ਼ਫਦਰ ਯਕਯਹ ਅਤਪਸ ਗ਼ਅਰਧ ਦਸ਼ਗਨ ਵਬਸਤ ਅਸਫ਼ਲ ਕਆਊਟ ਐਮਈਐ ਕਚਲਰ ਚਮਪਤ ਐਮਆਰ ਰਕਚਰ ਹਜ਼ਦਰ ਆਬਤਲ ਪਹਰਣ ਅਸ਼ਚਰ ਸ਼ਚਰਜ ਟਹਲਕ ਸਈਅਦ ਇਫ਼ਤਖ ਧਨਗਰ ਬਸਈਟ ਬਕਤਰ ਗਏਸਨ ਸਭਰਵ ਲਗਖਰ ਲਉਸਮ ਸੜਪਣ ਗਡਕਰ ਕਫਰਟ ਮਏਏਫ ਥਪਟਲ ਖਸਅਤ ਪਨਮਈ ਰਸ਼ਸਤ ਵਨਭਰ ਹਟਰਜ ਬਮਰਸ ਧਰਣਯ ਲਚਸਪ ਲਅਮਰ ਟਜ਼ਰਲ ਰਯਆਯ ਟਨਬਰ ਈਔਪਸ ਸ਼ਟਕਰ ਲਬਜਟ ਖ਼ਤਸਰ ਦਸਖ਼ਤ ਕਟਘਰ ਡਗਲਜ ਨਓਵਰ ਕਡਨਲ ਵਰਆਲ ਇਮਊਨ ਨਜਨਕ ਫਡਨਵ ਰਜ਼ਬਰ ਅਣਘੜ ਲਤੜਨ ਰਗਦਰ ਲਕਜਰ ਪਰਅਮ ਖਨਵਰ ਡਨਲਡ ਵਕਲਪ ਗਰਠਵ ਓਨਗਲ ਡਬਸਡ ਫਡਤਰ ਹਮਵਤ ਸਟਚਰ ਤਜਰਬ ਹਮਸ਼ਕ ਨਜਤਪ ਅਚਨਚ ਦਫਤਰ ਗਆਊਟ ਥਰਲਡ ਮਸਅਲ ਕਸ਼ਯਪ ਜਮਪਲ ਰਗਠਨ ਈਆਕਸ ਨਸ਼ਕਤ ਗਆਉਟ ਡਗਮਗ ਅਧਪੜ ਉਫਨਤ ਸਏਆਈ ਏਨਰਜ ਈਜ਼ਨਬ ਔਫਥਲ ਲਸਅਧ ਜ਼ਮਗੜ ਅਧਭਰ ਰਬਸ਼ਕ ਦਸਪਰ ਸ਼ਕਕਫ ਨਈਅਰ ਪਚਤਰ ਬਸ਼ਕਤ ਅਨਉਚ ਆਸਅਰ ਰਨਫਲ ਗਣਪਤ ਟੳਲਟ ਦਸਨਸ਼ ਨਡਕਟ ਜ਼ਰਫ਼ਤ ਬਨਸਪ ਖ਼ਸਲਤ ਅਸਨਮ ਗਤਊਤ ਬਆਲਟ ਉਚਤਮ ਗਊਚਰ ਪਇਜ਼ਮ ਨਇਟਲ ਅਰਚਨ ਪਟਊਆ ਬਗਵਤ ਪਸਨਜ ਆਪਸ਼ਨ ਅਬਜਰ ਸ਼ਮਲਵ ਸਬਨਬ ਖਲਕਤ ਬਡਕਰ ਚਵਰਗ ਸਟਫਲ ਆਈਸ਼ਰ ਮਅਕਲ ਦਅਮਨ ਉਸਪਲ ਠਕਠਕ ਟਰਗਲ ਜਪਲਟ ਹਰਇਕ ਮਰਈਆ ਸ਼ਤਜ਼ਦ ਣਘੜਤ ਰਲਇਆ ਅਫਸ਼ਰ ਰਆਮਦ ਦਮਗ਼ਜ਼ ਉਟਕਸ ਦਤਅਲ ਡਏਬਲ ਅਜ਼ਗਰ ਦਗ਼ਰਜ਼ ਨਸ਼ਤਰ ਕਈਤਰ ਡਓਵਰ ਫਰੲਵ ਦਣਦਣ ਬਦਅਮ ਛਨਜਤ ਹਜ਼ਇਹ ਪਮਫ਼ਲ ਛਟਪਟ ਜ਼ਮਬਰ ਈਆਰਸ ਬਲਟਰ ਉਚਵਰ ਇਸ਼ਵਰ ਗਜ਼ਮਬ ਦਹਜਮ ਰਥਗਤ ਸ਼ਖ਼ਬਰ ਨਸ਼ਲਕ ਘਰਕਦ ਸਬਮਰ ਆਕਸ਼ਰ ਟਓਆਰ ਧਕਰਤ ਰਮਆਗ ਰਮਇਆ ਨੳਅਸ ਆਰਆਈ ਟਆਊਟ ਟਬਕਸ ਮਫਤਲ ਓਆਰਜ ਈਗਲਟ ਸਰਰਸ ਡਐਕਸ ਖਥਣਕ ਆਰਈਆ ਲਦਰਪ ਐਟਨਬ ਖਲਜਗ ਵਚਰਨ ਭਵਜਲ ਟਸਬਰ ਦਨਗਰ ਠਵਰਤ ਮਸ਼ਨਰ ਦਲਹਨ ਵਇਸਰ ਖਸਲਤ ਐਮਰਜ ਤਜ਼ਰਬ ਉਦਗਮ ਐਕਡਸ ਨਰਬਦ ਕਲਊਸ ਐਫ਼ਐਮ ਵੲਨਟ ਮਮਗਨ ਫਨਵਰ ਨਹਟਨ ਸ਼ਵਪਵ ਗਉਏਜ ਸ਼ਆਮਦ ਊਵਬਲ ਰਫਨਮ ਭਅਇਆ ਵਸ਼ਰਨ ਤਟਵਰ ਝਟਪਟ ਸ਼ਗਰਦ ਆਤਸ਼ਬ ਲਡਏਬ ਐਫਆਈ ਟੲਨਟ ਇਰਪਨ ਅਮਬਰ ਆਇਟਮ ਫਤਨਵ ਓਟਆਸ ਪਥਮਨ ਹਜਰਤ ਹਲਚਲ ਵਰੲਗ ਛਪਰਵ ਉਲਸ਼ਨ ਕਵਸਚ ਚਸਮਦ ਤਹਵਪ ਕਸਫ਼ਲ ਲਈਉਸ ਵਲਵਲ ਰਖਬਸ਼ ਰਸਬਰ ਭਕਰਨ ਨਗਣਨ ਈਨਅਪ ਲਈਇਤ ਜਭਵਨ ਟਐਲਐ ਮਜਹਬ ਖਣਮਈ ਬਰਧਨ ਜ਼ਨਬਰ ਲਭਰਮ ਉਗੜਵ ਚਮਜ਼ਦ ਐਫਐਲ ਧੜਪਣ ਗਦਲਪ ਆਈਈਡ ਮਈਐਫ ਨਗਠਨ ਮਸ਼ਸਹ ਰਧਵਨ ਆਈਓਨ ਇਬਸਨ ਸ਼ਈਅਦ ਈਆਈਟ ਕਏਵਕ ਸਬਆਲ ਆਬਜ਼ਰ ਸਫਦਰ ਨੜਕਲ ਊਐਚਓ ਹਨਜ਼ਰ ਥਰਥਰ ਮਪਟਰ ਲਥਪਥ ਗਊਅਨ ਹਮਧਰ ਜਲਥਲ ਅਕਬਰ ਰਬਚਨ ਜਮਗੜ ਆਇਮਨ ਅਪਸ਼ਬ ਯਵਰਧ ਪਲਹਰ ਖਰਮਸ ਚਅਮਨ ਉਡਸਪ ਗਦਸਤ ਰਨਓਵ ਰਅਰਕ ਅਣਆਈ ਕਜਪਅ ਅਕਮਲ ਇਹਮਜ਼ ਇਆਪਲ ਅਣਉਚ ੳਸਕੳ ਟਸਐਪ ਜਲਬਹ ਆਸ਼ਵਸ ਰਨਟਨ ਹਡਸਨ ਰਤਘਣ ਦਫ਼ਤਰ ਨਵਮਨ ਉਪਸਥ ਦਫਡਤ ਵਪਰਨ ਸ਼ਸ਼ਤਰ ਦਰਈਆ ਲਈਕਰ ਨਵਬਸ ਈਸਰਖ ਸ਼ਮਕਸ਼ ਅਸਗਰ ਕਟੜਪ ਉਨੳਅ ਐਕਸ਼ਨ ਓਰਡਲ ਗਨਅਜ ਅਣਐਲ ਦਰਅਸ ਈਉਵਰ ਈਧਰਮ ਈਫਸਟ ਅਧਖੜ","1/7":"ਲਕੜਹ ਇਕਹਰ ਸਲਟਡ ਐਮਏਏ ਨਸਟਰ ਰਦਲਜ ਰਕਫਲ ਬਖਤਗ ਮਚਲਣ ਆਚਰਕ ਨਐਸਯ ਇਲਸਬ ਇਲਸਕ ਇਲਹਨ ਨਮਸਥ ਲਰਨਰ ਕਰਟਸ ਉਗਲਣ ਰਮਪਤ ਛਤਰਪ ਹਤਕਸ ਸਰਧਲ ਹਕਮਪ ਲਕਟਦ ਕਮਤਰ ਊਲਰਸ ਚਤਰਣ ਅਣਪੜ ਕਤਮਕ ਸਕਨਗ ਸਕਨਵ ਰਸਣਗ ਮਜਲਸ ਰਅਤਮ ਰਸਨਲ ਐਸਕਪ ਤਤਵਵ","2/3":"ਕਨਕਲ ਬਣਉਣ ਖਦਰਸ਼ ਦਜਨਕ ਜਗਨਨ ਜਨਪਦ ਕਰਬਰ ਰਟਅਟ ਹਤਵਪ ਸਮਪਰ ਤਨਗਰ ਰਪਸ਼ਨ ਊਨਰਲ ਆਨਸਕ ਹਜਨਕ ਹਸਮਈ ਤਮਸਤ ਮਸਫਰ ਇਮਨਮ ਵਰਸ਼ਨ ਜਰਜਰ ਵਰਵਰ ਵਸਕਰ ਬਨਰਜ ਵਕਰਮ ਬਤਲਬ ਅਣਬਣ ਟਰਕਚ ਉਸਲਵ ਆਸਕਰ ਰਤਲਬ ਸਮਵਰ ਹੜਬੜ ਨਟਵਰ ਡਰਬਨ ਤਬਸਰ ਅਪਹਰ ਰਰਥਨ ਗ਼ਲਪਨ ਓਰਗਨ ਤਤਰਤ ਬਤਕਦ ਬਰਹਮ","7/10":"ਵਨਸਪ ਖ਼ਪਤਕ ਕਸਕਲ ਅਫਜ਼ਲ","5/99":"ਅਜਮਲ ਹਰਬਲ","1/76":"ਲਟਰਜ ਦਰਜ਼ਹ ਦਰਜ਼ਕ ਵਰਣਵ ਭਰਦਵ ਇਲਟਸ ਬਰਮਸ ਬਰਮਜ਼","1/33":"ਬਦਮਗ਼ ਸ਼ਵਨਗ ਲਵਲਕ ਪਸਰਦ ਪਸਰਣ ਫੜਨਗ","1/43":"ਆਟਰਫ ਵਜਨਮ ਟਰਮਨ ਟਰਮਲ","2/5":"ਐਲਗਰ ਅਸ਼ਟਮ ਲਵਕਤ ਮਰਚਨ ਓਲਡਹ ਟਰਸ਼ਨ ਰੜਕਦ ਈਟਲਰ ਸ਼ਤਪਨ","1/30":"ਇਕਸਫ਼ ਰਡਸਨ ਹਰਸਹ ਇਰਨਯ ਨਪਲਸ ਨਪਲਗ ਦਸਮਯ ਰਵਉਣ ਰਵਉਚ ਸਫ਼ਰਨ","9/38":"ਲਟਰਨ","1/166":"ਕਰਤਵ ਕਰਤਰ ਸਫਰਨ ਸਫਰਮ","1/93":"ਕਸਵਟ ਦਮਨਦ ਆਦਰਯ ਕਸ਼ਨਸ ਕਰਜ਼ਈ ਕਸ਼ਨਜ","19/39":"ਸਲਤਨ","2/27":"ਅਲਗਰ ਬਸਰਡ ਆਲਟਰ ਇਨਵਰ","1/266":"ਉਤਰਸ ਉਤਰਫ ਉਤਰਕ ਉਤਰਅ","29/265":"ਮਨਮਰ","1/41":"ਜਕੜਬ ਬਦਕਲ ਵਰਜਤ ਈਸਟਚ ਡਬਲਰ","1/133":"ਉਤਰਵ ਭੜਕਦ ਅਸਰਕ","3/82":"ਜਕੜਪ ਡਬਲਜ਼ ਡਬਲਜ","1/265":"ਮਨਮਤ ਸਰਗਮ","2/41":"ਜਕੜਨ ਜ਼ਰਬਰ ਡਬਲਸ","1/82":"ਜਕੜਦ ਜਕੜਣ ਤਰਨਗ ਪਟਨਮ","3/76":"ਲਟਰਸ ਦਰਜ਼ਨ","1/332":"ਕਰਤਬ ਤਸਰਜ","23/159":"ਮਨਪਸ","485/1074":"ਜਨਤਕ","1/12067":"ਕਰਨਬ ਕਰਨਦ ਕਰਨਨ","1/4":"ਮਵਤਨ ਓਡਰਫ ਐਮਐਲ ਉਤਮਤ ਲਬਤਰ ਥਪਥਪ ਥਪਥਰ ਛਲਕਦ ਦਮਗਜ਼ ਕਰਪਸ਼ ਨਸਮਤ ਨਸਮਰ ਟਰਜ਼ਬ ਖਣਕਦ ਇਫਲਜ ਜਹਰਮ ਖਣਕਰ ਠਕਰਤ ਪਰਥਲ ਸਤਯਪ ਆਫਸਪ ਆਫਸਕ ਡਲਰਜ਼ ਪਟਲਮ ਗਲਗਲ ਨਕਮਤ ਏਐਮਏ ਉਕਰਵ ਕਮਪਯ ਦਚਲਨ ਪਸਟਰ ਅਰਗਰ ਅਰਗਲ ਰਭਕਵ ਅਨਕਹ ਅਪੜਦ ਵਰਟਰ ਰਮਅਧ ਇਨਟਰ ਰਉਤਸ਼ ਰਉਤਰ ਮਸ਼ਰਨ ਟਕਟਸ ਹਮਤਬ ਉਜੜਨ ਨਗਲਸ","1/13":"ਕਸਸਰ ਰਦਮਸ ਤਰਥਲ ਕੜਕਲ ਬਦਜਨ ਗਰਜ਼ਦ ਨਜਮਹ ਐਨਐਨ ਰਤਪਣ ਰਭਪਤ ਕੜਕੜ ਤੜਪਦ ਪਦਮਦ ਗਰਕਦ ਗਰਕਣ","1/159":"ਮਨਪਰ ਰਦਰਜ ਰਦਰਹ ਬਲਵਤ ਅਫ਼ਸਪ","1/2":"ਫਖਰਯ ਆਨਣਯ ਇਸਚਰ ਹਟਸਐ ਲਵਕੜ ਅਡਕਵ ਅਡਕਟ ਵਗਲਣ ਦਮਗਜ ਨਫ਼ਰਤ ਸ਼ਵਕਰ ਈਐਲਪ ਊਟਪਟ ਰਯਤਨ ਈਪਰਸ ਐਲਪਸ ਨਸਬਰ ਨਸਬਲ ਹਮਅਹ ਹਮਅਸ ਜਤਪਹ ਬਸਡਰ ਸਐਮਐ ਲਹਰਦ ਅਡਰਨ ਕਵਨਦ ਨਅਰਥ ਆਏਫਰ ਐਡਰਸ ਇਆਕਲ ਪਥਪਟ ਐਲਰਜ਼ ਉਜਵਲ ਸਲਹਕ ਕਨਫਰ ਅਗਜ਼ਨ ਸਹਰਸ ਕਰਅਤ ਗੜਕਦ ਐਟਲਸ ਠਕਰਮ ਕਰਅਲ ਇਲਰਜ ਵਟਣਗ ਹਲਫ਼ਨ ਸਨਬਰ ਪਣਪਦ ਅਜਕਲ ਜਰਖੜ ਜਰਗਨ ਪਟਮਜ ਉਤਕਰ ਵਰਫਲ ਉਤਕਲ ਆਉਨਦ ਇਕਟਰ ਪਰਬਤ ਤਪਲਦ ਸਜਨਕ ਨਪਰਮ ਜਣਨਸ਼ ਨਪਰਚ ਰਡਡਜ਼ ਮਨਤਮ ਗ਼ਰਮਖ਼ ਅਭਨਵ ਐਲਐਮ ਊਸਪਲ ਊਸਪਰ ਪਨਬਸ ਫ਼ਖਰਯ ਮਏਐਮ ਦਸ਼ਕਤ ਮਏਐਫ ਮਕੜਜ ਏਐਮਟ ਟਕਵਕ ਅਣਛਪ ਨਤਸਨ ਨਵਸ਼ਰ ਲਮਨਵ ੲਨਟਵ ਜਗੜਨ ਇਤਵਬ ੜਕੜਡ ਜਮਸਤ ਰਵਦਲ ਅਸਮਰ ਫਲਰਮ ਰਜ਼ਰਤ ਰਜ਼ਰਗ ਰਨਨਵ ਲਮਰਗ ਬਲਗਮ ਭਣਵਈ ਨਕਈਆ ਮਰਇਆ ਅਧਰਮ ਬਰੜਵ ਰਤਸਰ ਜਸਕਰ ਟਚਰਚ ਉਧਮਪ ਝਪਕਦ ਟਫਲਨ ਚੜਣਗ ਦਰਧਨ ਇਸ਼ਰਤ ਧਲਕਦ ਹਰਫ਼ਨ ਯਵਤਮ ਸ਼ਵਮਈ ਕਵਲਜ ਓਕਸਰ ਓਕਸਫ ਹਸ਼ਤਪ ਰਉਤਸ ਐਚਐਸ ਐਚਐਮ ਸ਼ਵਸਤ ਸ਼ਵਸਨ ਊਏਬਲ ਕਮਅਦ ਕਮਅਕ ਆਭਰਨ ਉਲਰਨ ਐਸਈਜ਼ ਰਰਦਸ਼ ਰਰਦਸ ਜਪਕਸ ਜਪਕਸ਼ ਉਪਮਹ ਅਣਅਧ ਟਸਅਪ ਜ਼ਨਰਜ਼ ਅਪਸਰ ਖਤਗੜ ਰਜ਼ਕਰ ਬਟਸਫ ਈਨਐਪ ਵਦਨਸ਼ ਚਰਪਟ","1/21":"ਰਮਰਸ ਅਜਲਨ ਸਬਜ਼ਬ ਤਰਪਟ ਹਤਵਯ ਹਤਵਰ ਇਰਡਡ ਏਥਨਵ ਆਚਰਯ ਦਇਆਨ ਦਇਆਵ ਐਪਰਲ","1/3":"ਪਵਰਮ ਪਵਰਤ ਪਵਰਡ ਫ਼ਰਨਗ ਰਪਲਸ ਲਜ਼ਬਰ ਫਰਬਰ ਸ਼ਨਗੜ ਆਜ਼ਮਗ ਏਕਲਭ ਰਟਅਪ ਸਮਪਟ ਤਨਗੜ ਅਪਕਡ ਸਐਫਐ ਸ਼ਨਮਈ ਐਲਰਜ ਜਵਲਤ ਜ਼ਰਮਨ ਅਮਦਨ ਅਰਸ਼ਦ ਬਲਣਗ ਸਬਲਟ ਇਕਤਵ ਅੜਕਦ ਅਵਨਤ ਸਆਰਪ ਸਆਰਡ ਉਜ਼ਰਤ ਸ਼ਫਲਤ ਲਸਵਰ ਲਖਰਚ ਹਮਸਫ ਅਲਜ਼ਬ ਰਆਤਮ ਰਵਡਰ ਬਨਰਜ਼ ਫਸ਼ਰਸ਼ ਸਆਈਐ ਔਸਟਰ ਕਲਭਰ ਬਜਬਜ ਉਚਰਦ ਅਣਬਲ ਰਹਸਮ ਰਹਸਥ ਅਖਰਦ ਅਕੜਨ ਸ਼ਪਰਕ ਸ਼ਕਦਮ ਆਸਕਤ ਕਮਸਟ ਆਜਮਗ ਥਰਕਦ ਥਰਕਣ ਹਮਕਲ ਚਰਖੜ ਸ਼ਠਤਮ ਸਮਵਨ ਡਰਬਰ ਤਬਸਸ ਬਟਲਰ ਰਰਥਕ ਵਪਨਦ ਟਮਰਜ਼ ਉਪਬਨ ਟਮਰਸ ਤਘਣਤ ਨਆਰਆ","20/51":"ਆਨਤਦ","3/12067":"ਕਰਨਜ ਕਰਨਕ","320/12067":"ਕਰਨਗ","1/11":"ਈਡਰਸ ਊਟਸਕ ਜ਼ਰਤਬ ਫੜਕਣ ਅਲਬਤ ਨਕਤਚ ਐਸਟਰ ਬਹਰਡ ਕਲਬਸ ਕਲਸਤ ਪਸਰਨ ਗਵਤਗ ਈਗਰਜ ਜਕਰਨ ਫੜਕਦ ਮਦਗੜ ਇਨਲਕ","5/12":"ਪਤਰਕ ਪਰਸਨ ਨਟਰਨ ਰਸਵਤ","3/77":"ਲਬਧਤ ਆਇਰਸ","1/15":"ਰਕਟਰ ਸਲਫਰ ਅਸ਼ਰਮ ਕਸਮਬ ਉਘੜਕ ਪਕਵਤ ਲਚਕਦ ਰਨਵਰ ਲਪਰਜ ਲਪਰਪ ਟਰਟਲ ਗਕਰਤ ਕਲਣਗ ਰਬਦਨ","1/14":"ਰਮਰਜ਼ ਰਲਸਵ ਜਨਲਜ ਜ਼ਰਦਸ ਚਕਰਲ ਚਕਰਦ ਖਟਕਦ ਡਰਗਜ ਉਬਲਣ ਜ਼ਕਰਕ ਨਸਕਤ ਲਕਣਬ ਸਕਲਊ","5/222":"ਨਕਸਰ","82/111":"ਨਕਸਲ","1/222":"ਨਕਸਬ ਨਕਸਵ","1/9":"ਖਦਰਸ ਪਲਕਈ ਜਗਨਮ ਉਖੜਨ ਆਗਤਯ ਸਐਸਏ ਬਲਜ਼ਦ ਸਤਬਰ ਸਤਬਲ ਤਮਸਮ ਟਰਬਰ ਟਰਬਲ ਮਰਮਪ ਅਤਰਗ ਪਨਰਸ ਪਨਰਜ ਮਰਮਭ ਅਣਚਲ ਹਮਸਫ਼ ਕਸ਼ਰਕ ਰੜਕਣ ਰੜਕਵ ਗਰਪਤ ਗਨਜਰ ਸਰਸਵ ਰਤਵਭ ਤਰਸਯ ਰਬਉਚ ਲਪਕਦ","6/43":"ਆਟਰਫ਼ ਅਕਲਮ","1/23":"ਤਰਗੜ ਬਦਹਵ ਨਪੜਤ ਜਕਤਵ ਆਈਸਲ ਅਲਵਰ ਛਪਣਯ ਉਥਲਪ ਉਥਲਥ ਅਦਰਸ਼ ਉਦਮਪ ਈਅਰਫ ਈਅਰਡ ਈਅਰਜ਼ ਰਟਨਕ ਰਟਨਸ਼","1/22":"ਈਡਰਜ ਸ਼ਰਟਸ ਰਮਸਤ ਈਡਰਜ਼ ਰਮਸਪ ਜਨਗਰ ਮਸਜਦ ਜਕਰਮ ਜਕਰਣ ਈਨਲਸ ਬਰਜਨ","5/8":"ਪਨਸਪ ਐਸਆਈ ਅਕਰਮ","1/116":"ਰਮਲਤ ਰਮਲਪ","3/4":"ਐਮਐਸ ਮਬਰਗ ਬਸਟਰ ਟਪਕਦ ਕਬਸਟ ਓਤਸਨ ਮਨਗਰ ਪਦਰਵ ਗਨਗਰ ਦਚਲਣ ਅਚਰਜ ਰਮਅਰ ਮਸਟਰ ਤਨਮਯ","6/419":"ਗਲਤਫ","1/1164":"ਤਰਕਬ ਤਰਕਭ ਤਰਕਲ ਤਰਕਹ","1/57":"ਆਰਮਸ ਝਟਕਈ ਰਬਲਡ","41/288":"ਕਸਲਬ","1/388":"ਤਰਕਪ ਕਰਵਲ","1/582":"ਤਰਕਰ ਤਰਕਤ","2/495":"ਧਰਮਅ","31/1164":"ਤਰਕਸ","7/582":"ਤਰਕਸ਼","1/194":"ਤਰਕਵ","2/29":"ਮਰਹਲ ਮਰਹਮ ਮਵਰਤ ਗਲਰਟ","1/495":"ਧਰਮਜ","13/990":"ਧਰਮਕ","1/330":"ਧਰਮਗ ਧਰਮਦ ਧਰਮਯ ਕਦਮਤ","1/60":"ਹਰਸਵ ਹਰਸਟ ਹਰਜਸ ਤਕਸ਼ਸ਼ ਉਪਭਵ ਕਲਕਲ","22/29":"ਟਵਰਕ","11/60":"ਹਰਸਲ","2/349":"ਫਸਰਜ਼","1/239":"ਫਸਲਫ","41/990":"ਧਰਮਪ","9/29":"ਸਮਗਰ","1/26":"ਜਬਤਬ ਹਰਸ਼ਦ ਉਲਝਦ ਹਰਤਰ ਪਰਸਪ ਪਵਨਦ ਪਦਮਸ ਪਰਗਤ ਐਸਐਚ ਐਸਐਫ਼ ਐਸਐਲ ਪਦਮਨ ਪਦਮਭ ਨਤਮਕ","4/495":"ਧਰਮਨ","13/57":"ਆਰਮਡ","8/87":"ਟਵਰਤ ਟਵਰਧ","1/990":"ਧਰਮਰ","1/29":"ਟਵਰਪ ਮਵਰਧ ਅਬਦਲ ਅਸਹਮ ਲਡਨਮ","2/165":"ਧਰਮਵ","7/198":"ਧਰਮਸ਼","2/419":"ਕਸਰਸ","7/990":"ਧਰਮਸ","22/23":"ਤਰਗਤ ਐਸ਼ਵਰ","18/29":"ਸਮਗਲ ਹਰਚਰ","2/133":"ਉਤਰਪ ਉਤਰਣ ਉਤਰਆ","1/136":"ਰਪਤਵ","15/133":"ਉਤਰਨ","2/7":"ਐਮਏਐ ਤਰਪਤ ਹਨਕਤ ਉਬਲਦ ਆਬਜਰ ਨਮਸਤ ਣਕਰਤ ਚਤਰਥ ਆਕਲਨ ਆਕਲਪ","10/133":"ਉਤਰਦ","2/53":"ਬਦਨਸ ਰਦਰਦ ਜ਼ਬਰਗ ਜ਼ਬਰਨ","1/309":"ਕਰਣਸ਼ ਕਰਣਕ","3/13":"ਹਰਸ਼ਵ ਅਲਕਨ ਕੜਕਵ ਬਗਲਗ ਐਸਐਮ","5/26":"ਹਰਸ਼ਲ ਐਸਐਨ","1/102":"ਮਰਸਟ ਮਰਸਨ","2/57":"ਆਰਮਜ਼","1/51":"ਮਰਸਡ ੜਕਣਗ ਸਮਰਜ ਅਨਪਡ ਅਨਪਲ ਅਜਨਥ","130/179":"ਜਰਮਨ","28/349":"ਫਸਰਸ","20/309":"ਕਰਣਗ","20/349":"ਫਸਰਸ਼","1/81":"ਜਗਜਨ","31/288":"ਕਸਲਵ","1/8":"ਮਬਰਦ ਦਮਗੜ ਦਰੜਕ ਅਲਪਕ ਸ਼ਵਤਖ ਫਰਸਨ ਜਫਰਨ ਅਜ਼ਮਲ ਇਕਨਵ ਪਗਰਸ ਆਰਨਲ ਆਈਜ਼ਨ ਲਮਬਰ ਗਰਜਵ ਰਨਸਟ ਸਟਪਰ ਗਰਹਰ ਰਵਸਤ ਗਰਹਣ ਰਬਖਸ ਨਬਰਗ ਨਬਰਡ ਇਹਤਜ ਤੜਕਸ ਤਨਮਈ ਬਰਥਡ ਆਇਲਰ ਚਰਮਸ ਚਰਮਰ ਜਲਪਰ","1/12":"ਆਕੜਖ ਕਰਬਸ ਜਨਪਰ ਈਪਰਰ ਈਪਰਟ ਤਰਬਤ ਹਟਣਗ ਣਪੜਤ ਲਫਰਫ ਦਵਤਸ ਪਰਬਲ ਹਰਫਨ ਟਨਰਸ ਚਮਨਲ ਅਣਕਹ ਗਰਜਦ ਰਨਮਹ ਮਕਰਣ ਗਰਦਨ ਅਰਤਮ ਨਟਰਵ ਅਣਕਥ","1/72":"ਕਸਲਰ ਅਪਨਯ ਗ਼ਲਤਬ","5/6":"ਨਘੜਤ ਦਰਖ਼ਤ ਅਪਟਨ ਲਤਫਹ ਬਸ਼ਰਤ ਲਗਜ਼ਰ ਮਕਰਨ ਡਵਰਡ ਅਣਪਛ ਰਚਰਨ ਊਜਰਸ","1/225":"ਕਰਮਯ","1/900":"ਕਰਮਰ ਕਰਮਣ ਕਰਮਸ","17/21":"ਹਤਬਰ ਬਦਸਲ","1/52":"ਨਰਕਮ ਨਰਕਵ ਪਰਸਥ ਪਵਨਜ ਆਲਮਪ ਆਲਮਗ","4/29":"ਓਪਨਰ ਲਬਰਨ","1/300":"ਕਰਮਭ ਕਰਮਪ ਕਰਮਗ","1/450":"ਕਰਮਨ","1/114":"ਝਟਕਣ ਪਸ਼ਟਭ ਸਪਸਤ","31/900":"ਕਰਮਜ","1/64":"ਗਲਬਗ ਗਲਬਜ਼ ਕਬਰਵ","37/90":"ਕਰਮਚ","11/900":"ਕਰਮਕ","2/21":"ਬਦਸਤ ਉਭਰਵ ਮਰਡਰ ਏਥਨਜ ਨਕਰਤ ਇਕਮਤ ਛਤਰਛ ਰਸ਼ਵਰ ਵਲਪਮ","1/68":"ਫਰਮਰ ਰਹਮਭ ਰਹਮਅ ਰਹਮਗ ਰਹਮਚ","6/29":"ਮਵਰਕ ਲਬਰਟ","3/539":"ਸ਼ਬਦਜ","1/34":"ਫਰਮਵ ਸ਼ਕਰਪ ਸ਼ਕਰਦ ਆਫਰਸ ਪਰਲਸ ਮਕਦਮ ਗਗਨਅ ਗਗਨਪ ਗਗਨਜ ਗਗਨਗ ਗਸਟਚ ਇਸ਼ਕਜ","3/28":"ਤਰਣਦ ਲਗਣਗ ਤਪਰਤ ਗਰਟਨ ਰਬਰਤ","1/539":"ਸ਼ਬਦਕ ਸ਼ਬਦਬ","15/16":"ਨਰਗਠ","2/83":"ਜਬਰਨ ਨਰਸਥ","3/86":"ਜਗਦਲ","41/415":"ਜਬਰਦ","7/23":"ਬਦਹਜ ਅਲਟਰ","1/6":"ਕਰਬਲ ਜਨਪਥ ਆਰਵਸ ਦਸ਼ਮਲ ਰਚਕਰ ਐਲਰਟ ਇਰਨਮ ਲਸਟਰ ਰਡਕਗ ਰਡਕਰ ਗਜਨਣ ਈਜਰਸ ਇਸਕਨ ਇਸਕਰ ਟਨਰਸ਼ ਰਰਸਮ ਸਆਈਬ ਲਗਜ਼ਮ ਡਵਰਟ ਮਕਸ਼ਦ ਰਹਸਨ ਰਤਬਲ ਅਖਰਚ ਖਸ਼ਣਗ ਐਬਟਸ ਲਰਜ਼ਨ ਰਣਮਈ ਊਜਰਜ਼ ਇਨਬਕ ਅਪਸਫ ਕੜਪਨ ਕੜਪਣ ਸਫ਼ਰਯ ਓਟਣਗ ਅਕਸ਼ਰ","42/503":"ਸ਼ਰਮਨ","5/9":"ਰਪਰਸ ਮਗਲਰ ਸਐਸਪ ਪਕਰਣ ਡਰਵਰ","1/16":"ਈਐਸਪ ਮਨਰਡ ਕਬਰਸ ਈਕਮਨ ਫਰਸਪ ਇਕਨਕ ਰਮਦਲ ਗਰਜਣ ਮਕਬਰ ਵਰਟਸ ਈਨਰਜ਼ ਸਕਤਰ ਆਇਲਟ","3/10":"ਨਸਤਨ ਜ਼ਫਰਨ ਕਨਸਤ","11/24":"ਦਰੜਨ","19/22":"ਲਛਮਣ ਜਨਗਣ","5/24":"ਆਹਮਣ","3/16":"ਈਐਸਆ ਰਦਸ਼ਨ ਰਦਸ਼ਤ ਪਨਪਦ ਬਜਰਵ","3/29":"ਲਬਰਗ","1/46":"ਨਫ਼ਰਮ ਰਸਟਰ ਈਕਰਨ ਈਕਰਤ ਸਤਵਤ ਪਟਰਜ਼ ਖਰਤਕ","1/100":"ਕਰਮਵ ਸਲਰਲ","16/43":"ਵਜਨਕ","2/9":"ਉਖੜਦ ਬਲਜ਼ਬ ਮਰਗੜ ਟਰਬਡ ਟਰਬਨ ਮਰਮਸ ਫਟਕਣ ਮਰਮਰ ਕਸ਼ਰਧ ਸਰਸਰ ਤਵਰਗ","1/66":"ਜਗਤਜ ਜਗਤਸ ਜਗਤਪ ਰਮਕਤ ਰਚਰਚ ਫੜਨਵ","9/25":"ਜਰਵਰ ਲਚਰਲ","4/5":"ਇਣਗੜ ਹਵਲਦ ਨਵਉਦ ਈਨਸਟ ਬਲਡਨ ਅਨਹਦ ਕਮਬਖ ਆਈਨਸ ਰਇਕਬ ਪਲਭਦ ਜਮਘਟ ਬਦਜ਼ਨ ਰਬਦਲ","3/499":"ਮਗਰਤ","1/1074":"ਜਨਤਸ","36/499":"ਮਗਰਮ","1/80":"ਸ਼ਖਸਅ ਇਸਤਗ ਰਸਕਵ ਰਸਕਨ ਸਰਦਸ","6/499":"ਮਗਰਲ","1/44":"ਰਮਸਟ ਰਚਣਹ ਪਸ਼ਨਸ ਰਗੜਨ ਚਰਸਡ","10/12067":"ਕਰਨਵ","1/5":"ਅਲਜਜ ਬਖ਼ਸ਼ਣ ਹੜਕਮ ਲਗਰਜ ਆਨਵਰ ਤਰਧਵ ਖਚਰਨ ਖਚਰਪ ਹਜਮਈ ਨਰਥਕ ਮਤਹਵ ਲਗਰਜ਼ ਨਵਉਸ ਇਮਪਰ ਅਬਰਟ ਫਦਰਗ ਹਊਏਬ ਅਰਹਰ ਗੜਗੜ ਨਮਰਤ ਕਸਚਰ ਫਸਣਗ ਉਛਲਦ ਉਛਲਣ ਟਰਸ਼ਰ ਐਬਸਰ ਐਬਸਫ ਕਰਚਕ ਉਗਮਦ ਕਰਚਣ ਥਰਸਟ ਡਗਰਦ ਮਪਰਣ ਮਪਰਤ ਧਮਪਦ ਧਮਪਰ ਰਗਮਯ ਰਗਮਨ ਦਮਖ਼ਤ ਰਨਬਰ ਅਸਪਸ ਕਪਟਰ ਅਸਵਥ ਸਹਜਤ ਲਪਰਸ ਕਪਲਡ ਗਜ਼ਬਨ ਰਭਦਰ ਬੜਬੜ ਰਵਸ਼ਕ ਸਤਜਨ ਸਨਤਮ ਪਲਭਧ ਇਟਰਨ ਸ਼ਤਪਸ ਲੜਣਗ ਫੜਣਵ ਕੜਮਬ ਸਟਕਲ ਨਵਲਖ ਆਇਸਰ","2/1097":"ਕਰਨਲ","3/11":"ਦਮਕਦ ਇਕਤਰ","2/12067":"ਕਰਨਮ","14/12067":"ਕਰਨਯ","7/1914":"ਸਮਝਕ","1/415":"ਜਬਰਜ","1/69":"ਉਤਸਰ ਰਬਤਰ","8/49":"ਗਲਪਨ ਗਲਪਣ ਲਡਰਨ ਆਕਰਣ","1/20":"ਬਖ਼ਸ਼ਕ ਜਲਈਕ ਹਰਟਅ ਲਚਲਣ ਪਰਸ਼ਨ ਪਰਉਕ ਟਕਲਪ ਟਕਲਬ ਟਕਲਰ ਐਸਬਰ ਰਉਪਯ ਤਬਰਗ","1/1914":"ਸਮਝਉ","10/69":"ਉਤਸਵ","347/1914":"ਸਮਝਣ","16/47":"ਫਰਨਗ","1/10":"ਚਕਨਚ ਇਸਪਸ ਨਅਤਕ ਫਦਰਜ ਵਰਧਕ ਗੜਗਜ ਕਪਟਤ ਸਤਗਰ ਨਰੜਣ ਨਰੜਨ ਦਰਨਗ ਚਰਡਜ ਅਪਵਰ ਚਰਡਸ ਨਗਨਤ ਉਜੜਣ ਨਵਲਜ ਕਸ਼ਤਰ","57/319":"ਸਮਝਦ","1/202":"ਤਰਜਦ ਤਰਜਪ ਤਰਜਯ ਤਰਜਬ","2/35":"ਡਕਰਵ ਆਰਕਮ","3/20":"ਬਖ਼ਸ਼ਦ ਰਸਲਜ","12/1297":"ਬਦਲਕ","35/202":"ਤਰਜਮ","2/39":"ਸ਼ਰਨਜ ਉਲਝਨ ਪਰਸਟ ਈਬਰਸ ਸਪਰਧ","1/957":"ਸਮਝਬ","76/1297":"ਬਦਲਦ","1/928":"ਆਇਆਤ","1/1297":"ਬਦਲਤ","37/100":"ਇਸਤਰ","180/1297":"ਬਦਲਣ","10/957":"ਸਮਝਨ","3/400":"ਇਸਤਮ","1/138":"ਉਤਸਕ","1/56":"ਰਕਤਸ ਗੜਬਵ ਆਦਤਨ ਰਵਸਵ","8/1297":"ਬਦਲਨ","1/198":"ਜਗਤਰ","59/1297":"ਬਦਲਵ","1/112":"ਰਕਤਸ਼ ਆਦਤਰ","1/28":"ਗਲਵਕ ਈਲਡਨ ਨਸਕਰ ਮਹਤਤ ਈਲਡਜ਼ ਰਬਰਟ ਰਬਰਡ ਆਦਮਪ","176/181":"ਫਰਵਰ","3/5":"ਅਸ਼ਰਫ਼ ਉਗਮਣ ਅਸਪਸ਼ ਸਰਫਰ ਸਬਡਵ","1/45":"ਖਣਗੜ ਕਲਰਜ਼ ਕਲਰਵ ਇਸ਼ਤਹ ਕਲਰਫ ਕਲਰਡ ਕਲਰਜ ਸਬਰਜ ਤਵਰਣ ਊਸ਼ਨਜ਼","3/61":"ਕਰਸ਼ਨ","8/61":"ਕਰਸ਼ਣ","6/61":"ਕਰਸ਼ਤ","3/26":"ਉਲਝਣ ਐਸਐਫ","3/151":"ਰਕਰਜ਼","17/157":"ਮਜਦਗ","3/74":"ਤਰਫਦ","10/61":"ਕਰਸ਼ਕ","1/31":"ਜਤਨਸ਼ ਟਰਡਮ ਮਰਕਮ ਮਰਕਰ ਈਫਲਸ ਈਫਲਜ਼ ਜਸ਼ਨਪ","9/1940":"ਕਰਵਰ ਕਰਵਟ","2/15":"ਆਗਰਹ ਉਘੜਦ ਟਰਕਟ ਟਰਟਨ ਨਰਮਦ","5/74":"ਤਰਫਲ","143/148":"ਜਨਰਲ","1/78":"ਬਚਨਬ ਉਲਝਵ ਅਣਖਧ ਪਛੜਦ ਆਲਮਵ","1/129":"ਨਸਰਜ","4/15":"ਅਸ਼ਰਫ ਪਲਵਲ","2/129":"ਨਸਰਟ","1/970":"ਕਰਵਡ","3/14":"ਚਕਰਵ","1/157":"ਮਜਦਰ","1/329":"ਉਲਟਫ ਉਲਟਪ ਉਲਟਵ ਐਕਸਨ ਐਕਸਸ","9/410":"ਤਰਨਜ","13/46":"ਧੜਕਦ","1/38":"ਕਰਸਵ ਵਰਣਮ ਪਕੜਦ ਲਸਤਰ ਅਨਸ਼ਨ ਵਚਨਵ ਬਰਮਤ ਓਧਰਲ","17/46":"ਧੜਕਣ","1/410":"ਤਰਨਦ ਤਰਨਪ","6/41":"ਤਰਨਤ","1/32":"ਕਬਰਪ ਕਬਰਗ","5/46":"ਧੜਕਨ ਸਲਬਲ","3/35":"ਮਸ਼ਕਲ ਆਰਕਸ","2/151":"ਰਕਰਣ","1/997":"ਲੜਕਦ ਲੜਕਪ","2/49":"ਨਰਜਨ ਵਰਡਪ ਲਡਰਜ ਸਰਬਤ ਆਉਟਫ ਰਸਰਗ","35/169":"ਇਸਲਈ","1/151":"ਰਕਰਦ","2/453":"ਰਕਰਨ","17/453":"ਰਕਰਜ","3/7":"ਆਇਓਡ ਡਰਗਜ਼ ਮਚਲਦ ਮਧਰਮ ਨਮਸਕ ਮਹਤਵ ਰਤਗੜ ਊਲਰਜ਼ ਰਵਈਏ","11/49":"ਦਲਦਲ","1/453":"ਰਕਰਸ ਰਕਰਅ","19/54":"ਲਤਨਤ","2/477":"ਰਦਰਜ਼","10/453":"ਰਕਰਮ","4/19":"ਕਟਵਰ ਪਰਪਸ","1/35":"ਉਭਰਣ ਤਤਕਰ ਆਰਕਬ ਆਰਕਟ ਆਰਕਪ","8/289":"ਨਫਰਮ","1/257":"ਜਨਮਜ","4/35":"ਉਭਰਨ","5/21":"ਉਭਰਦ","7/1622":"ਕਟਰਸ","6/11":"ਨਸਪਤ ਅਲਬਰ ਅੜਚਨ ਜਕਰਤ","17/1622":"ਕਟਰਮ","1/271":"ਹਤਰਹ","1/105":"ਉਭਰਕ ਆਦਮਖ਼ ਨਰਮਪ ਰਸਨਟ ਰਸਨਸ ਰਸਨਜ਼","1/258":"ਤਨਖਵ","1/104":"ਡਸਟਪ ਡਸਟਬ","5/229":"ਰਕਮਲ","55/657":"ਸ਼ਟਰਵ","157/161":"ਲਗਭਗ","1/229":"ਰਕਮਸ ਰਕਮਈ","164/657":"ਸ਼ਟਰਪ","2/811":"ਕਟਰਜ","1/85":"ਊਟਰਸ ਊਟਰਸ਼ ਮਨਸਬ ਮਨਸਵ ਕਮਲਪ ਕਮਲਨ","11/13":"ਡਸਟਰ","2/657":"ਸ਼ਟਰਮ","334/477":"ਰਦਰਸ਼","103/477":"ਰਦਰਸ","284/305":"ਮਤਲਬ","1/305":"ਮਤਲਵ","1/70":"ਸਮਤਲ ਪਰਨਗ","1/503":"ਸ਼ਰਮਸ਼","1/140":"ਸਮਤਵ ਆਦਮਵ","4/23":"ਅਪਗਰ ਆਈਸਕ","12/503":"ਸ਼ਰਮਸ","16/19":"ਉਜਰਤ","1/1940":"ਕਰਵਉ","1/39":"ਵਲਕਰ ਤਰਸਣ ਸਪਰਸ ਹਲਵੜ","11/85":"ਜਗਮਗ","1/180":"ਦਲਣਗ","1/811":"ਕਟਰਜ਼","2/257":"ਜਨਮਸ ਜਨਮਤ","1/651":"ਤਸਵਰ","2/289":"ਨਫਰਡ","82/289":"ਨਫਰਤ","2/13":"ਰਦਮਸ਼","1/19":"ਪਸ਼ਟਤ ਪਰਪਕ ਪਰਪਜ ਝਪਟਦ ਪਕੜਨ ਫ਼ਲਸਫ ਰਬਲਤ ਮਸਕਰ ਪਰਟਸ ਨਰਵਜ ਹਲਦਵ","1/18":"ਆਨਰਜ ਜਨਸਤ ਤਮਸਨ ਆਈਡਲ","2/23":"ਬਦਹਜ਼","53/514":"ਜਨਮਦ","33/64":"ਉਪਕਰ","1/115":"ਰਫਤਹ ਬਚਪਣ ਹਰਭਵ ਹਰਭਰ","1/533":"ਖਰਚਦ","16/533":"ਖਰਚਣ","2/533":"ਖਰਚਕ","5/16":"ਐਡਮਨ ਫਰਸਟ ਪਨਪਣ","55/269":"ਅਮਨਦ","4/1533":"ਇਨਕਸ਼","20/21":"ਲਸ਼ਕਰ ਮਸ਼ਵਰ","1/24":"ਜਨਸਮ ਜਨਸਭ ਅਰਕਰ ਗਰਜਨ ਵਸਰਵ ਦਰਪਣ","35/138":"ਸਕਣਗ","17/269":"ਅਮਨਪ","1/49":"ਲਵਰਸ ਲਵਰਕ ਅਣਸਜ ਵਰਡਲ ਲਡਰਸ ਵਰਡਡ ਕਨਵਲ ਰਸਰਕ ਰਸਰਮ","3/49":"ਲਵਰਹ ਲਡਰਜ਼ ਲਕਰਨ","4/9":"ਸਕਟਬ ਅਤਰਜ ਫਟਕੜ ਈਟਨਸ ਰਟਕਟ","1/418":"ਹਲਕਦ ਗਰਸਤ ਦਰਦਵ","4/49":"ਲਵਰਮ ਆਉਟਲ ਕਨਵਰ","1/513":"ਅਪਣਤ","11/43":"ਦਮਦਮ","5/13":"ਕੜਕਦ ਐਨਐਲ ਉਪਲਬ","147/503":"ਰਕਸਵ","6/49":"ਬਰਗੜ","46/93":"ਦਮਨਕ","1/48":"ਸ਼ਵਤਖ਼ ਬਰਟਸ","5/33":"ਦਲਬਦ","1/89":"ਬਰਕਲ ਲਟਕਵ ਅਸਥਮ ਅਰਧਨ ਮਨਜ਼ਮ","2/33":"ਘੜਨਗ","1/172":"ਨਸਲਪ ਟਰਵਰ ਟਰਵਲ ਧਰਨਗ","36/467":"ਆਤਮਵ","30/41":"ਅਸ਼ਵਨ","10/11":"ਆਵਰਣ ਆਸ਼ਰਮ","17/86":"ਨਸਲਵ","26/27":"ਜਨਵਰ","20/467":"ਆਤਮਹ","6/467":"ਆਤਮਸ","23/27":"ਐਲਬਮ","1/86":"ਰਕਸ਼ਨ ਰਕਸ਼ਲ ਨਸਲਘ ਹਰਪਤ","14/467":"ਆਤਮਦ","1/867":"ਸਮਰਣ ਸਮਰਸ ਸਪਤਸ ਜਮਹਲ","97/289":"ਸਮਰਥ","5/14":"ਡਰਗਰ ਰਵਈਆ","151/172":"ਰਦਸਤ","5/467":"ਆਤਮਨ","111/467":"ਆਤਮਕ","4/103":"ਮਲਕਪ ਬਰਬਰ","10/467":"ਆਤਮਗ","1/42":"ਇਧਰਲ ਸਰਬਸ਼ ਸਰਬਪ ਏਟਰਜ","7/467":"ਆਤਮਜ","5/49":"ਬਰਗਰ","148/867":"ਸਮਰਪ","17/467":"ਆਤਮਘ","18/49":"ਲਵਰਤ ਅਣਸਰ","3/467":"ਆਤਮਚ","1/1533":"ਇਨਕਨ","21/22":"ਵਰਜ਼ਨ","1/36":"ਜਨਸਧ ਲਕਸਮ ਲਕਸਰ ਲਕਸਲ ਇਕਰਸ ਇਕਰਨ ਇਕਰਅ ਬਰਲਨ","3/269":"ਅਮਨਜ","1262/1533":"ਇਨਕਲ","17/19":"ਅਲਰਟ","2/19":"ਅਲਰਜ ਪਰਪਜ਼ ਮਰਸ਼ਲ ਇਵਰਟ","2/511":"ਇਨਕਮ","23/28":"ਖਟਕੜ","1/269":"ਅਮਨਚ","23/425":"ਬਸਤਰ","3/25":"ਅਲਮਸ","5/107":"ਪਲਟਦ","9/107":"ਪਲਟਣ","114/115":"ਬਚਪਨ","15/89":"ਬਰਕਤ","15/172":"ਨਸਲਕ","11/107":"ਪਲਟਨ","3/107":"ਪਲਟਵ ਪਲਟਰ","69/89":"ਬਰਕਰ","1/25":"ਅਲਮਬ ਮਸਨਮ ਦਬਦਥ ਕਤਰਨ ਤਤਪਸ","1/191":"ਟਰਨਸ","1/259":"ਵਰਨਕ ਵਰਨਲ ਭਰਪਲ ਬਰਤਣ ਨਵਰਧ ਨਵਰਸ਼ ਨਵਰਜ","1/37":"ਵਰਨਜ ਤਮਵਲ ਅਰਦਲ ਪਲਸਰ ਪਲਸਤ ਪਲਸਡ","1/383":"ਸੜਕਛ","3/17":"ਸ਼ਕਰਮ","1/144":"ਸਬਸਟ ਟਕਰਨ ਟਕਰਮ ਦਰਪਨ ਤਗਰਤ","1/17":"ਸ਼ਕਰਤ ਰਮਣਤ ਗੜਨਗ ਰਵਣਨ ਈਟਰਸ ਅਖ਼ਤਰ ਬਰਡਜ ਬਰਡਨ ਰਧਨਤ ਆਈਐਮ","2/111":"ਅਰਵਲ","62/259":"ਵਰਨਣ","3/95":"ਸਤਨਤ","1/95":"ਸਤਨਧ ਅਗਰਲ ਅਗਰਸ","47/259":"ਵਰਨਰ","2/259":"ਵਰਨਮ ਬਰਤਰ","222/239":"ਟਰਪਤ","168/815":"ਦਰਸ਼ਕ","2/815":"ਦਰਸ਼ਣ","5/239":"ਟਰਪਰ","479/815":"ਦਰਸ਼ਨ","4/17":"ਤਕਦਮ ਆਰਗਨ ਲਵਈਆ","22/815":"ਦਰਸ਼ਤ","73/314":"ਆਸਤਦ","13/160":"ਅਰਸਤ","1/160":"ਅਰਸਟ ਹਰਮਲ ਸਰਦਲ ਸਰਦਰ","1/628":"ਆਸਤਰ","4/85":"ਜਸਟਮ","1/331":"ਪਰਦਪ","35/41":"ਬਲਤਨ","841/843":"ਹਸਪਤ","1/314":"ਆਸਤਕ","2/331":"ਪਰਦਰ","1/382":"ਟਰਨਓ ਟਰਨਜ","1/843":"ਹਸਪਸ","29/31":"ਪਨਗਰ ਹਮਦਰ","9/133":"ਭੜਕਣ ਅਸਰਅ","13/15":"ਵਰਧਨ","4/191":"ਟਰਨਰ","3/19":"ਰਭਰਤ ਆਕਸਫ ਫ਼ਲਸਤ","20/191":"ਟਰਨਲ","2/17":"ਰਜਮਹ ਵਜ਼ਨਦ ਅਸਟਰ ਰਭਗਵ ਐਸਪਨ ਈਟਰਜ","31/268":"ਪਰਤਣ","17/1969":"ਵਰਤਕ","47/228":"ਵਰਣਨ","1/67":"ਪਰਤਨ ਆਊਟਡ ਆਊਟਪ ਰਜਨਨ ਇਨਫਲ","7/134":"ਪਰਤਦ","1/1969":"ਵਰਤਤ","1/1842":"ਔਰਤਵ","6/19":"ਝਪਟਣ ਨਰਵਸ","13/179":"ਵਰਤਣ","1/268":"ਪਰਤਵ ਪਰਤਕ","64/1969":"ਵਰਤਨ","79/1969":"ਵਰਤਦ","1/921":"ਔਰਤਪ","2/25":"ਮਸਨਵ ਕਸਪਰ","1/137":"ਝਗੜਦ ਟਰਸਕ ਟਰਸਬ ਟਰਸਮ","7/137":"ਝਗੜਨ","4/27":"ਹਸਨਪ","117/1969":"ਵਰਤਮ","1/109":"ਓਵਰਹ ਓਵਰਸ ਓਵਰਰ ਓਵਰਵ ਆਰਟਡ ਓਵਰਫ ਓਵਰਡ","3/109":"ਓਵਰਲ ਓਵਰਬ ਓਵਰਆ","24/25":"ਦਬਦਬ ਤਤਪਰ","1/211":"ਸਰਹਦ","1/119":"ਕਦਰਸ਼ ਮਸਤਪ ਮਸਤਯ","161/202":"ਹਰਕਤ","1/238":"ਕਦਰਯ ਕਦਰਦ","3/31":"ਮਰਕਸ","33/59":"ਲਕਸ਼ਮ","1/59":"ਲਕਸ਼ਰ ਸਬਜਬ ਗਰਲਸ ਬਰਦਰ","60/239":"ਆਸਟਰ","2/59":"ਲਕਸ਼ਦ","3/1556":"ਆਉਣਯ","5/202":"ਹਰਕਮ","1/203":"ਖ਼ਬਰਸ ਖ਼ਬਰਯ ਖ਼ਬਰਨ ਖ਼ਬਰਦ","7/31":"ਮਰਕਜ਼","17/389":"ਆਉਣਗ","5/228":"ਵਰਣਕ","1/1556":"ਆਉਣਆ","5/34":"ਸਨਸਕ","2/37":"ਮਰਤਬ ਲਟਨਗ","5/7":"ਨਐਸਜ ਅਨਰਥ ਚਸ਼ਮਦ ਉਗਲਦ","1/121":"ਚਲਣਗ","11/42":"ਮਰਥਕ","9/485":"ਸਤਰਕ","2/87":"ਜਸਪਰ ਵਰਸਟ ਬਰਸਟ ਬਰਸਤ","4/485":"ਸਤਰਬ","1/294":"ਮਰਥਣ ਮਰਥਤ ਸਰਬਣ ਸਰਬਗ ਸਰਬਮ ਸਰਬਨ ਸਰਬਦ","1/227":"ਸਵਰਗ਼ ਸਵਰਉ ਸਵਰਥ ਦਰਮਣ","1/358":"ਗਠਨਕ","3/485":"ਸਤਰਤ","27/34":"ਸਨਸਨ","137/294":"ਮਰਥਨ","1/485":"ਸਤਰਧ","1/50":"ਮਨਕਲ ਲਚਰਚ ਵਤਨਜ ਜਰਤਕ ਦਰਗਹ ਐਨਕਊ ਨਸ਼ਨਰ","1/124":"ਕਸਟਸ ਕਸਟਵ ਕਸਟਨ ਕਸਟਡ ਕਸਟਜ","1/392":"ਪਰਮਬ ਪਰਮਲ ਪਰਮਹ ਪਰਮਗ","3/196":"ਪਰਮਪ","1/584":"ਰਸ਼ਨਮ ਰਸ਼ਨਚ","2/31":"ਕਸਟਰ","21/709":"ਮਸਲਨ","3/392":"ਪਰਮਵ ਪਰਮਸ","5/392":"ਪਰਮਰ","2/709":"ਮਸਲਮ","23/124":"ਕਸਟਮ","1/27":"ਟਕੜਕ ਰਬਸਤ ਤਰਵਸ ਆਲਟਨ","19/89":"ਲਟਕਦ","1/292":"ਰਸ਼ਨਵ","1/183":"ਭਗਵਦ","2/61":"ਭਗਵਤ ਫ਼ਸਰਸ਼","11/227":"ਸਵਰਡ","61/227":"ਸਵਰਗ","5/11":"ਰਮਗੜ ਅੜਚਣ ਦਗਰਜ਼","7/11":"ਖਮਨਦ ਬਜ਼ਰਵ","3/8":"ਜਫਰਵ ਐਸਆਰ","10/21":"ਆਚਰਣ","7/40":"ਨਮਰਜ਼","4/21":"ਆਚਰਨ","58/227":"ਸਵਰਨ","2/227":"ਸਵਰਣ","1/631":"ਦਰਸਲ ਦਰਸਉ ਦਰਸਕ","2/65":"ਇਮਰਜ","44/47":"ਰਭਵਤ","8/27":"ਮਸਰਨ","1/65":"ਇਮਰਤ ਇਮਰਇ ਇਮਰਸ","1/47":"ਰਭਵਰ ਰਭਵਸ਼ ਬਰਨਸ ਸ਼ਤਰਕ ਸ਼ਤਰਪ ਸ਼ਤਰਦ ਐਕਸਕ","2/11":"ਰਮਗਤ ਐਸਟਸ ਸਬਤਹ ਅਲਸਟ ਬਜ਼ਰਬ","3/40":"ਨਮਰਗ","97/392":"ਪਰਮਜ","1/709":"ਮਸਲਦ","21/40":"ਨਮਰਜ","5/196":"ਪਰਮਦ","19/292":"ਰਸ਼ਨਕ","26/113":"ਚਮਕਦ","7/113":"ਚਮਕਣ","46/51":"ਅਨਪੜ","1/815":"ਦਰਸ਼ਲ","12/815":"ਦਰਸ਼ਵ","8/9":"ਣਸਰਦ ਮਪਤਨ","1/168":"ਅਵਤਰ ਰਅਸਰ","2/631":"ਦਰਸਤ","5/27":"ਮਸਰਤ","7/631":"ਦਰਸਨ","13/311":"ਆਖਰਕ","1/174":"ਵਰਸਨ ਵਰਸਲ ਬਰਸਪ ਬਰਸਨ","7/8":"ਸ਼ਸਤਰ","1/156":"ਪਰਸਵ ਪਰਸਰ","1/522":"ਵਰਸਪ ਵਰਸਣ ਵਰਸਜ਼ ਵਰਸਏ","5/1752":"ਕਰਕਰ","1/626":"ਅਗਵਈ","1/167":"ਫਰਕਦ ਫਰਕਣ ਅਰਜਤ ਅਰਜਣ ਅਰਜਟ","1/99":"ਹਰਬਰ ਹਸਤਖ ਹਸਤਪ ਹਸਤਹ","3/1168":"ਕਰਕਟ","4/7":"ਪਟਸਨ ਰਸ਼ਮਈ ਆਦਲਤ ਅਮਸਨ","59/60":"ਵਟਸਐ","103/115":"ਹਰਭਜ","4/115":"ਹਰਭਗ ਅਰਬਪ","29/111":"ਆਰਡਰ","9/19":"ਰਲਫਰ","2/159":"ਮਰਪਨ ਕਰਜਈ","5/69":"ਸਤਵਰ","40/49":"ਅਨਸਰ","187/2066":"ਆਰਥਕ","8/39":"ਪਟਵਰ","8/137":"ਟਰਸਟ","9/16":"ਮਨਚਲ","1/1033":"ਆਰਥਆ","2/137":"ਟਰਸਨ","9/28":"ਈਲਡਲ ਰਬਰਗ","3/137":"ਟਰਸਵ","5/156":"ਪਰਸਤ","45/46":"ਚਮਤਕ ਰਘਟਨ","1/77":"ਤਸਕਤ","43/95":"ਅਗਰਵ","1/242":"ਮਰਨਵ","73/77":"ਤਸਕਰ","2/373":"ਪਰਵਤ","4/11":"ਦਗਰਜ ਉਮੜਦ ਰਚਲਤ ਇਰਵਨ","2/95":"ਅਗਰਭ","18/373":"ਪਰਵਰ","49/159":"ਮਰਪਣ","10/53":"ਮਰਪਤ","34/37":"ਰਸ਼ਰਨ","9/13":"ਐਨਰਜ","9/10":"ਵਰਲਡ ਇਤਕਰ","16/381":"ਮਰਦਮ","4/381":"ਮਰਦਰ","1/381":"ਮਰਦਪ","14/15":"ਲਖਨਊ ਗਕਰਮ","10/109":"ਆਰਟਸ","11/142":"ਖਪਤਵ","1/581":"ਅਗਲਬ","1/142":"ਖਪਤਰ ਅਸਮਤ","43/489":"ਤਕਰਤ","1/489":"ਤਕਰਣ ਤਕਰਨ ਤਕਰਰ ਤਕਰਸ ਦਰਤਨ","1/103":"ਹਰਦਰ ਹਰਦਲ","32/109":"ਆਰਟਰ","4/489":"ਤਕਰਸ਼","75/142":"ਖਪਤਕ","16/49":"ਖ਼ਤਰਨ","5/121":"ਮਰਨਜ","7/67":"ਆਊਟਲ","3/70":"ਉਤਪਤ","1/92":"ਉਗਰਵ ਉਗਰਤ","2/67":"ਆਊਟਫ ਨਜਰਬ ਨਜਰਸ","6/67":"ਆਊਟਸ","13/19":"ਅਵਸਥ","47/130":"ਹਨਤਕ","1/1420":"ਨਕਲਚ ਨਕਲਸ","3/50":"ਵਤਨਪ ਦਰਗੜ","23/77":"ਜਰਨਲ ਆਇਰਨ","27/28":"ਗੜਬੜ","1/390":"ਹਨਤਸ","1/318":"ਕਰਜਨ ਕਰਜਜ","25/34":"ਬਦਤਰ","1/419":"ਕਸਰਫ","7/319":"ਰਮਨਵ","9/34":"ਬਦਤਮ","18/319":"ਰਮਨਪ","45/419":"ਕਸਰਤ","7/51":"ਅਜਨਬ","1/98":"ਰਡਰਨ ਰਡਰਲ ਉਸਤਰ ਸਰਬਕ ਆਕਰਮ ਰਵਕਲ","22/479":"ਘਰਸ਼ਸ਼","3/479":"ਘਰਸ਼ਵ","4/479":"ਘਰਸ਼ਮ","1/280":"ਉਤਪਲ","1/344":"ਧਰਨਯ","23/76":"ਅਵਸਰ","21/523":"ਮਜ਼ਦਗ","5/2066":"ਆਰਥਰ","5/364":"ਆਨਕਤ","3/364":"ਆਨਕਰ","1/2066":"ਆਰਥਹ ਆਰਥਨ","271/273":"ਅਗਸਤ","2/273":"ਅਗਸਟ","14/319":"ਰਮਨਦ","3/44":"ਰਗੜਦ ਅਖਤਰ","9/319":"ਰਮਨਜ","141/2066":"ਆਰਥਣ","33/67":"ਡਕਟਰ","3/67":"ਡਕਟਸ","28/31":"ਵਨਪਲ","5/83":"ਕਚਰਰ","1/83":"ਕਚਰਲ ਕਚਰਜ ਰਨਰਅ ਰਨਰੜ ਨਰਸਤ","59/160":"ਹਰਮਨ","1/420":"ਧਰਤਲ ਆਦਮਖ","1/219":"ਜਸਵਰ","3/125":"ਕਸਪਲ","37/575":"ਦਸਤਖ","1/283":"ਕਲਪਬ ਕਲਪਤ ਕਲਪਕ ਵਰਗਵ","3/283":"ਕਲਪਦ","110/283":"ਕਲਪਨ","39/575":"ਦਸਤਕ","5/283":"ਕਲਪਣ","4/13":"ਤਸ਼ਦਦ","1/575":"ਦਸਤਪ","6/125":"ਅਸਤਰ","1/125":"ਅਸਤਬ","41/141":"ਸਰਜਰ","6/23":"ਅਟਕਲ","1/424":"ਮਦਦਯ","1/141":"ਸਰਜਮ ਸਰਜਕ ਬਰਨਰ ਬਰਨਬ","76/141":"ਸਰਜਨ","1/240":"ਮਦਨਗ","5/318":"ਤਮਕਥ","17/318":"ਤਮਕਤ","7/38":"ਤਰਜ਼ਮ","17/30":"ਉਘੜਵ","2/89":"ਸਰਚਰ ਮਝਣਗ","21/32":"ਆਈਟਮ","2/10485":"ਆਪਣਏ","2/291":"ਕਸ਼ਮਨ","2/63":"ਖੜਕਣ ਖੜਕਵ","1/63":"ਖੜਕਦ ਗਰਵਰ","11/291":"ਕਸ਼ਮਣ","9/11":"ਬਹਰਹ ਦਸਖਤ","2/97":"ਰਟਰਜ਼ ਰਟਰਫ ਸ਼ਵਰਧ","5/291":"ਕਸ਼ਮਕ","17/24":"ਰਵਜਨ","13/36":"ਪਕਰਨ","166/419":"ਸਫਲਤ","29/62":"ਰਨਣਯ","21/424":"ਮਦਦਗ","3/38":"ਮਕਤਲ","7/26":"ਪਦਮਸ਼","1/40":"ਰਬਨਲ ਰਤਰਨ ਰਤਰਫ","1/676":"ਹਮਲਵ","8/21":"ਤੜਫਦ","30/31":"ਰਵਚਨ","3/97":"ਰਟਰਡ","23/112":"ਅਣਗਹ","8/15":"ਰਬਪਤ","7/156":"ਮਦਰਸ","305/318":"ਅਫ਼ਸਰ","4/67":"ਨਜਰਅ ਰਜਨਟ","49/687":"ਦਰਜਨ","1/687":"ਦਰਜਣ","4/181":"ਭਰਨਗ","1/1374":"ਦਰਜਬ","62/167":"ਅਰਜਨ","1/220":"ਰਤਨਕ ਰਤਨਗ ਰਤਨਪ ਰਤਨਸ","1/181":"ਭਰਨਯ","1/110":"ਰਤਨਮ ਰਤਨਸ਼ ਰਨਲਗ ਰਨਲਤ ਰਨਲਡ","2/45":"ਕਲਰਸ","1/54":"ਗਟਨਸ ਗਟਨਨ ਗਟਨਅ ਪਰਖਚ","5/68":"ਰਹਮਪ","1/320":"ਸਰਦਈ ਸਰਦਕ","14/17":"ਰਭਗਤ ਆਈਕਨ","15/19":"ਫ਼ਲਸਫ਼","29/39":"ਮਦਰਦ","1/90":"ਇਸ਼ਤਰ","13/162":"ਰਜਕਰ","1/175":"ਰਤਣਗ","7/409":"ਕਲਮਬ","4/409":"ਕਲਮਦ","5/267":"ਭਰਤਗ","2/409":"ਕਲਮਛ","11/409":"ਕਲਮਕ","4/57":"ਰਬਲਜ਼","2/267":"ਭਰਤਪ","11/34":"ਰਹਮਣ","19/20":"ਪਰਉਪ ਰਉਪਕ","4/575":"ਦਸਤਖ਼","86/101":"ਅਸਫਲ","23/88":"ਦਰਖਤ","26/45":"ਕਲਰਕ","32/135":"ਝਲਕਦ","1/146":"ਲਪਨਨ","1/91":"ਅਫਰਸ਼","123/385":"ਖਤਰਨ","1/711":"ਅਰਥਮ ਅਰਥਣ ਅਰਥਜ਼","2/711":"ਅਰਥਰ ਅਰਥਭ","1/290":"ਰਵਰਸ ਰਵਰਦ ਰਵਰਥ ਰਵਰਟ","2/237":"ਅਰਥਪ ਅਰਥਸ਼","1/261":"ਬਲਕਰ","22/109":"ਦਖਲਅ","1/170":"ਕਮਲਮ ਕਮਲਕ","8/711":"ਅਰਥਹ ਅਰਥਤ","23/711":"ਅਰਥਸ","1/349":"ਸਰਮਸ਼ ਸਰਮਸ ਸਰਮਦ","2/145":"ਰਵਰਲ ਰਵਰਗ","29/711":"ਅਰਥਵ","3/85":"ਕਮਲਦ","235/247":"ਮਕਸਦ","9/79":"ਅਰਥਚ","11/849":"ਵਰਗਲ","31/170":"ਕਮਲਜ","3/370":"ਸਟਮਰ","5/711":"ਅਰਥਗ","1/370":"ਸਟਮਸ","8/461":"ਕਮਰਸ","1/127":"ਪਰਕਰ ਰਤਮਕ ਰਤਮਹ","25/294":"ਸਰਬਸ","1/339":"ਵਸਥਤ","1/147":"ਸਰਬਹ","3/98":"ਸਰਬਵ ਸਰਬਉ","51/71":"ਅਣਮਨ","1/108":"ਪਰਖਘ","18/59":"ਗਰਲਫ","1/307":"ਤਲਬਪ","5/108":"ਪਰਖਦ","52/93":"ਆਦਰਸ਼","7/54":"ਪਰਖਣ","29/578":"ਵਰਕਸ","23/121":"ਫਲਸਤ","1/155":"ਭਰਮਜ","1/143":"ਸਤਕਤ","32/289":"ਵਰਕਸ਼","21/121":"ਫਲਸਰ","3/578":"ਵਰਕਫ","76/121":"ਫਲਸਫ","9/31":"ਆਦਰਸ","331/578":"ਵਰਕਰ","4/59":"ਗਰਲਜ","1/289":"ਵਰਕਮ","1/429":"ਸਤਕਵ","3/290":"ਰਵਰਕ","17/27":"ਪਟਕਥ","21/26":"ਪਰਗਟ","16/429":"ਸਤਕਰ","17/145":"ਰਵਰਤ","1/145":"ਰਵਰਨ ਏਅਰਵ ਏਅਰਫ","1/1126":"ਉਸਨਜ਼","11/19":"ਸਤਖਤ","11/290":"ਰਵਰਡ","114/127":"ਰਭਜਨ","47/114":"ਵਚਨਬ","115/147":"ਅਫਸਰ","7/279":"ਸਰਪਲ","4/63":"ਅਫਸਪ","27/79":"ਔਸਤਨ","14/23":"ਰਵਮਈ ਰਟਨਰ","6/7":"ਆਪਲਟ","7/260":"ਵਸਤਰ","52/147":"ਸਰਬਜ","4/399":"ਅਸਰਰ","1/578":"ਵਰਕਆ","9/173":"ਵਧਣਗ","11/98":"ਉਸਤਤ","17/133":"ਅਸਰਦ","14/461":"ਕਮਰਸ਼","1/874":"ਗਰਮਦ ਗਰਮਛ ਗਰਮਆ ਗਰਮਇ","1/461":"ਕਮਰਤ ਕਮਰਚ","1/558":"ਰਗਰਤ ਰਗਰਲ","1/279":"ਰਗਰਦ ਰਗਰਟ ਪਰਚਲ ਕਸ਼ਨਜ਼ ਕਸ਼ਨਰ","5/22":"ਕਲਸਟ","2/437":"ਗਰਮਜ","44/111":"ਗਰਭਵ","3/68":"ਲਮਸਤ","4/461":"ਕਮਰਕ","25/41":"ਲਕਦਮ","26/111":"ਗਰਭਪ","499/558":"ਰਗਰਮ","1/111":"ਗਰਭਧ ਗਰਭਗ","5/279":"ਸਰਪਰ","1/441":"ਅਫਸਲ","3/1169":"ਅਸਲਮ","7/13":"ਐਨਐਸ","2/279":"ਸਰਪਤ","2/627":"ਗਰਸਵ","1/1254":"ਗਰਸਰ","8/45":"ਸਬਰਗ","5/31":"ਉਸਰਨ","13/230":"ਅਰਬਨ","8/31":"ਉਸਰਦ","1/230":"ਅਰਬਰ","2/335":"ਰਜਨਮ","35/554":"ਸਰਵਪ","1/554":"ਸਰਵਥ ਸਰਵਦ ਸਰਵਕ","7/554":"ਸਰਵਨ","5/109":"ਓਵਰਟ","8/277":"ਸਰਵਣ","1/732":"ਭਗਤਣ ਭਗਤਭ ਭਗਤਊ","21/554":"ਸਰਵਹ","9/554":"ਸਰਵਵ ਸਰਵਮ","3/277":"ਸਰਵਸ਼","1/366":"ਭਗਤਪ","20/277":"ਸਰਵਸ","3/554":"ਸਰਵਰ","6/17":"ਗਗਨਦ ਭਰਕਮ","16/119":"ਮਸਤਕ","1/55":"ਉਧਰਲ ਟਕਕਕ","1/135":"ਭਰਵਈ","1/58":"ਅਸਹਨ","1/833":"ਸਟਰਜ਼ ਸਟਰਗ ਸਟਰਸ਼ ਸਟਰਸ","5/98":"ਲਕਰਤ","7/59":"ਗਰਲਜ਼","45/98":"ਆਕਰਸ਼","29/554":"ਸਰਵਉ","9/98":"ਆਕਰਸ","5/41":"ਵਰਜਣ","1/106":"ਰਜਣਸ","7/212":"ਰਜਣਹ","4/41":"ਵਰਜਨ ਵਰਜਦ","5/64":"ਰਥਕਤ","12/49":"ਆਕਰਨ","25/554":"ਸਰਵਜ","12/833":"ਸਟਰਕ","27/418":"ਦਰਦਨ","11/833":"ਸਟਰਨ","23/833":"ਸਟਰਡ","18/209":"ਦਰਦਮ","2/833":"ਸਟਰਟ ਸਟਰਪ","10/279":"ਪਰਚਮ","21/106":"ਅਰਪਰ","5/833":"ਸਟਰਲ","3/23":"ਸਰਲਤ ਅਦਰਸ","6/833":"ਸਟਰਮ","3/833":"ਸਟਰਬ","3/106":"ਅਰਪਤ ਅਰਪਨ","17/106":"ਅਰਪਣ","1/326":"ਐਕਟਵ","77/96":"ਪਲਬਧ","1/96":"ਪਲਬਤ","11/508":"ਅਮਲਦ","1/508":"ਅਮਲਨ ਅਮਲਕ ਅਮਲਯ","27/326":"ਐਕਟਰ","6/103":"ਕਵਰਡ","1/254":"ਅਮਲਤ","6/175":"ਲੜਨਗ","1/163":"ਐਕਟਨ","1/97":"ਸ਼ਵਰਜ ਸ਼ਵਰਯ","1/854":"ਅਮਰਬ ਅਮਰਗ","19/1708":"ਅਮਰਨ","4/105":"ਰਸਨਜ","1/244":"ਅਮਰਪ","4/97":"ਸ਼ਵਰਮ","1/427":"ਅਮਰਵ ਅਮਰਤ","79/106":"ਜ਼ਬਰਦ","13/139":"ਉਪਜਦ","4/139":"ਉਪਜਣ","1/117":"ਤਰਸਰ ਤਰਸਪ","5/43":"ਜ਼ਰਵਰ","1/797":"ਰਸਤਸ","7/25":"ਕਤਰਫ","1/365":"ਸਪਲਕ","19/476":"ਬਣਨਗ","4/51":"ਰਖਣਗ","1/476":"ਬਣਨਦ","59/627":"ਨਤਕਸ਼","79/627":"ਨਤਕਸ","9/17":"ਬਰਡਸ","50/53":"ਬਣਤਰ ਸਪਸ਼ਟ","2/447":"ਸ਼ਨਰਜ਼","1/264":"ਈਕਲਸ","2/679":"ਰਚਨਡ","5/39":"ਸਪਰਟ ਸਪਰਸ਼","4/31":"ਸਮਸਤ","1/679":"ਰਚਨਹ","10/117":"ਤਰਸਦ","2/117":"ਤਰਸਤ","36/427":"ਅਮਰਜ","1/1708":"ਅਮਰਚ ਅਮਰਕ","3/854":"ਅਮਰਦ","5/93":"ਐਡਵਰ","25/32":"ਰਬਖਸ਼","1/256":"ਧਮਕਦ","1/2231":"ਇਹਨਨ","2/43":"ਲਮਕਦ","9/43":"ਲਮਕਵ","33/49":"ਕਤਵਰ","2/303":"ਸਕਰਟ","7/32":"ਏਧਰਲ","1/610":"ਉਮਰਨ ਉਮਰਵ","2/305":"ਉਮਰਦ","1/101":"ਸਕਰਕ","6/91":"ਬਖਸ਼ਣ","1/319":"ਤਵਪਰ","1/303":"ਸਕਰਬ ਸਕਰਸ","4/303":"ਸਕਰਮ","10/303":"ਸਕਰਨ","35/37":"ਕਤਸਰ","5/91":"ਬਖਸ਼ਦ","7/303":"ਸਕਰਣ","1/122":"ਉਮਰਕ","143/144":"ਤਗਰਦ","20/301":"ਯਤਨਸ਼","9/301":"ਯਤਨਸ","1/53":"ਇਬਰਮ ਸਰਗਣ","3/52":"ਉਪਦਰ","2/77":"ਇਟਲਰ ਆਇਰਡ","1/296":"ਨਰਲਰ ਨਰਲਜ","13/18":"ਰਸਪਰ","11/123":"ਗਦਰਸ਼","1/1535":"ਅਕਤਬ ਅਕਤਗ ਅਕਤਵ","1/693":"ਚਰਚਲ","30/59":"ਬਰਦਸ","2/295":"ਬਰਦਸ਼","9/41":"ਈਸਟਰ","1/88":"ਨਵਜਨ","1/851":"ਕਤਲਦ ਕਤਲਗ ਕਤਲਕ","1/74":"ਸਦਰਨ ਸਦਰਲ","2/147":"ਆਈਆਈ","1/306":"ਅਪਰਨ","7/306":"ਅਪਰਣ","10/259":"ਬਰਤਨ","31/34":"ਗਸਟਰ","3/55":"ਬਨਣਗ","11/703":"ਆਪਕਤ","1/363":"ਰਨਗਠ","4/109":"ਦਕਰਵ","41/77":"ਆਇਰਲ","6/121":"ਰਨਗਰ","10/31":"ਈਫਲਜ","13/404":"ਜਲਦਬ","2/209":"ਚਰਨਪ","4/47":"ਅਫਜਲ","1/209":"ਚਰਨਦ","46/47":"ਕਲਚਰ","40/209":"ਚਰਨਜ","4/145":"ਏਅਰਕ ਏਅਰਬ","10/39":"ਦਖ਼ਲਅ","12/13":"ਰਅਮਨ","11/257":"ਹਮਣਵ","32/613":"ਨਜ਼ਰਅ","19/67":"ਇਨਫਰ","1/356":"ਮਝਣਯ","13/613":"ਨਜ਼ਰਬ","8/613":"ਨਜ਼ਰਸ","17/83":"ਨਰਸਰ","18/23":"ਅਦਰਕ","13/17":"ਆਈਐਸ","9/145":"ਏਅਰਲ","37/145":"ਏਅਰਪ","9/26":"ਐਸਐਸ","14/123":"ਰਣਨਯ","7/16":"ਸਕਵਰ","5/76":"ਬਰਮਨ","13/24":"ਹਲਫਨ","13/145":"ਏਅਰਟ","1/588":"ਇਨਸਫ ਇਨਸਕ","2/329":"ਐਕਸਬ ਐਕਸਰ","11/26":"ਨਤਮਸ","3/259":"ਨਵਰਤ","23/106":"ਭਟਕਦ","5/588":"ਇਨਸਪ","8/329":"ਐਕਸਲ","13/53":"ਭਟਕਣ","107/329":"ਐਕਸਪ","1/196":"ਇਨਸਰ ਇਨਸਟ","5/259":"ਨਵਰਸ ਨਵਰਟ","1/375":"ਅਕਸਮ","1/5492":"ਸਰਕੜ ਸਰਕਕ","34/65":"ਸਫ਼ਲਤ","22/329":"ਐਕਸਟ","1/224":"ਆਮਦਪ","33/37":"ਇਆਵਤ","16/329":"ਐਕਸਚ","308/375":"ਅਕਸਰ","45/56":"ਆਮਦਨ","6/265":"ਸਰਗਨ","499/530":"ਸਰਗਰ","167/168":"ਰਅਸਲ","2/79":"ਰਤਕਕ","223/385":"ਸਨਅਤ","1/2746":"ਸਰਕਦ ਸਰਕਣ ਸਰਕਮ","11/41":"ਡਬਲਯ","41/44":"ਥਰਮਲ","7/2746":"ਸਰਕਟ","5/2746":"ਸਰਕਸ","51/5492":"ਸਰਕਲ","5/5492":"ਸਰਕਰ","5/247":"ਉਪਲਭ","1/186":"ਕਰਜ਼ਦ","18/139":"ਡਰਸਨ","1/87":"ਬਰਸਣ","1/1375":"ਉਪਰਵ","64/1375":"ਉਪਰਲ","5/174":"ਬਰਸਰ","1/699":"ਨਗਰਨ ਨਗਰਵ ਨਗਰਹ","3/376":"ਖਬਰਸ ਖਬਰਦ","5/699":"ਨਗਰਪ","1/275":"ਗਸਤਮ","17/26":"ਮਲਵਈ"}}