{"language":"TSONGA","ngrams":{"3/11":"cca sda","1/29":"ksh kst oib oik yth yto ksc ksb","2/9":"tdr lba mri mro mrs nti pme pms sva tba tbu","2/29":"kso lti lth","2/11":"cci cco gda gde gdo sdg sdr","1/11":"ccl tza tzb tzd tzt tzv dgi hda hne hno hnn hnw aaf sdh sdi sdl sdo bvi","2/2627":"teb tej","7/2627":"tea","30/2627":"ted","5/2627":"tec tev teu","3/22":"ccu","11/2627":"tef","10/2627":"tee","1/2627":"teg teo tez","1/22":"ccy","29/2627":"tei","581/2627":"tel","675/2627":"tek","90/2627":"ten","83/2627":"tem","6/2627":"tep","440/2627":"ter","15/2627":"tet","60/2627":"tes","9/2627":"tew","1/3":"tfa tfc tfo ürt kyo tma tna tne tni lce lje dne uqa dti dto mve vne vnu vnt eum nrc nre nri fcb fca fma gby pbe pne yce ycl yco ydr ygm ywe ywi ywh rba aon rzo bmh bmi bmw spa tšh kny","1/19570":"kua kuj","14/9785":"kuc","11/3914":"kub","1/9785":"kue kui","172/9785":"kud","1/3914":"kug","267/19570":"kuf","5/272":"cea","132/9785":"kuh","1/68":"cec mhu ejo eju","138/9785":"kuk","1609/19570":"kum","1/136":"ced cek","117/1957":"kul","153/3914":"kun","2/3":"ürz tme ljo uqi mvu gbo pbo png yga rzt tšo kno","37/9785":"kup","64/1957":"kus","13/515":"kur","2/9785":"kuu","9/272":"cem cep","23/136":"cel","71/1030":"kut","1/272":"ceo","12/9785":"kuw kux","47/272":"cen","249/3914":"kuv","269/9785":"kuy","3/68":"ces","7/9785":"kuz","1/8":"cer dma dmi don mti nma wke wkl wku gmi gmy ski","3/136":"cet","1/1":"kva pät kzn tqu ône cqu txa ôte hér hôn zão dvo ätb mle vba vdp rát vko vle açi zük equ vva rül wca fda fhu wpe fst fyn fzo oqo xce xho xku xle çio ōte pdf xtr xwa côt pje hcr yfi pvl hfu yhe hga èdr hje hku hve yym yza hza zbu zdo qya ašt vèd vér ztr rjo šha jlp šte cōt sfa sge bfa jwa bje bne wür squ kcu btl kfa bwe bxi kja kke bza üke üla szü","21/155":"tha","164/775":"the","1/775":"thd","128/775":"thi","1634/3283":"kwa","2/775":"thm","1559/3283":"kwe","13/775":"thl","134/775":"tho","11/469":"kwi","1/3283":"kwh kwv","11/775":"ths","17/775":"thr","38/775":"thu","2/3283":"kwl","9/3283":"kwo","7/775":"thw","66/775":"thy","53/12313":"tib","47/12313":"tia","68/12313":"tid","74/12313":"tic","92/12313":"tif","18/12313":"tie","617/12313":"tih","10/12313":"tig","4/12313":"tij","5/12313":"tii tiu","292/12313":"til tiw","168/1759":"tik","1649/12313":"tin","1097/12313":"tim","178/12313":"tip","143/12313":"tio","1/478":"chb chs chv","1758/12313":"tir","3/12313":"tiq","78/239":"cha","42/1759":"tit","79/1759":"tis","626/12313":"tiv","43/239":"che","1/1759":"tix","38/239":"chi","603/12313":"tiy","3/956":"chl","1/956":"chn chm cht ché","15/478":"cho","7/478":"chr","171/956":"chu","1/6":"kya tpa lbo lch lgi uof uor dom mne mni nze xpl xpo xpr ppi yda aqa aqu syr","1/239":"chw","1/23":"cia uic uik uir fol oea oed oes jom","2/345":"cic cio","7/345":"cie","29/345":"cid","1/345":"cif cir","3/115":"cik","8/69":"cil ail","181/345":"cin","1/69":"cip cry wng wns wnw fos fro joi joo jor joz ssu","2/115":"cis ciu","11/345":"cit","14/345":"ciw","1/115":"civ fic ozo","1/4":"tkl cne cno tvo lpa lrd vra ete wbu nva fla fle oas gma pca gta gte yme ymm ymo ymp htt sko","3/4":"tku dmo wri","390/2203":"tla","119/2203":"tle","116/2203":"tli","1198/2203":"tlh","7/2203":"tlo","3/95":"cka rle","2/95":"ckc ckw izz","11/95":"cke","370/2203":"tlu","3/2203":"tlw","1/95":"ckf cki ckj ckl izr rlj rls rlr rly rlé","4/95":"cks","1/19":"ckr nld nlh nlk nlo nlr nlt nly pya pye pyi pyn yse ysu zev rla sby","10/19":"cla","4/19":"cle ega nla yst izi","3/38":"cli clu tri ugh ego sbo","2/19":"clo ugu nle pyo hry igo izw rli","4/27":"cma","1/27":"cmm cmr tya","3/590":"tob","1/1770":"toa toe toi","1/590":"tod tos","1/295":"toc edd edg","7/1770":"tof","4/295":"toh eds edy","1/354":"tog","67/885":"tol","5/177":"tok","13/118":"ton","197/1770":"tom","1/177":"top","91/1770":"tor","31/590":"tot","1/885":"tov toy","13/1770":"tou","8/885":"tox","37/1770":"tow","3/8":"cni mta mth nve nvi flo kms","2/37":"coa glo","1/12":"tps uoc uod uop qha qiv rkl svi","8/259":"coc cow","6/259":"cob cod","4/259":"coe coo bow","1/259":"cof coi cok cov boe","27/259":"com","18/259":"col","69/259":"con","9/259":"cop","2/259":"cos","20/259":"cor","12/259":"cou","4/37":"cot","3/3899":"lab","1/2785":"laa","29/19495":"lad","33/19495":"lac","4/19495":"lae lau","1634/19495":"lah","3/19495":"lag","11/19495":"lai","57/3899":"lal","891/19495":"lak","421/3899":"lan","138/2785":"lam","2/3899":"lap","8/2785":"lar","13/2785":"lat","107/19495":"las","1482/19495":"lav","46/19495":"lax","2/7":"tra lfr ddl lvi uja uje nna ggl yle yna hme hsh rwa","1402/19495":"law","104/19495":"laz","102/2785":"lay","47/266":"tre","1/266":"trh igs igr","7/18":"lbe","37/266":"tro","13/133":"tru","1/7":"try lfi dca dde ddr mga mgu fpa fph wwi www gga gge ggs yla ynb yni hse hsu idi rpe aus auv bsa bsc bse bst klo","1/18":"lbu lby nzo nzy rke jer","941/5381":"tsa","1/5381":"tsd tsm","4/5381":"tsc","416/5381":"tse","2044/5381":"tsh","207/5381":"tsi","660/5381":"tso","1/2":"lci lnd lni lph lri dja lzh dji mna vya vye wbe wvo xpe gto xya pki pkl ybo ybr yde pwi yka yki qam yri zra zri zva zve éri éro zyl aqh rwo šom cbo","3/23":"cra sso","19/69":"cre ais","321/5381":"tsu","711/5381":"tsw","11/69":"cri oxa","2/69":"crl wne wni foi fox jol jou joy ssy","5/89":"tta","22/69":"cro","27/89":"tte","4/69":"cru job jov","2/89":"tti","3/70":"lda ldi lyn","1/89":"tth bbl sri","1/140":"ldc ldy nsk","1/70":"ldb lya lyo","9/35":"lde kli","12/89":"ttl bbi","9/89":"tto","10/89":"ttp","6/89":"ttr tty umo","3/89":"ttu iqh bby","1/13":"csi lki rbi","1/28":"ldr oca","1/455":"tua tuc tuh tuy icb icl","9/455":"tug tuv","125/9702":"leb","19/19404":"lea","44/455":"tul","2/4851":"led","1/4851":"lec lef","18/455":"tuk","12/455":"tun","1/6468":"lee lew","226/455":"tum","2/455":"tup tuo","1/98":"leh isu","1/1617":"leg","41/455":"tur","1/2772":"lei lep","9/91":"cta","8/455":"tut","1955/19404":"lel","19/455":"tus","1039/19404":"lek","335/9702":"len","5/91":"cte ctu","59/1764":"lem","1/3234":"leo","370/4851":"ler","2/13":"cti lko ata","895/19404":"let","1861/9702":"les","61/19404":"lev","1/9702":"leu","167/4851":"lex","18/91":"cto","179/2156":"ley","3/91":"cts nno nny ict","1/61":"cuc cub yup yur","16/61":"cuk","7/61":"cum","18/61":"cul","3/61":"cun yum rut","2/61":"cup rub rui rul","134/207":"twa","6/61":"cus run","5/61":"cur rug","22/207":"twe","5/12":"lga lge uos","101/414":"twi","1/414":"two","355/1277":"lha","762/1277":"lhe","1/1277":"lhl","122/1277":"lho","32/1277":"lhu","5/1277":"lhw","8/1841":"lib","32/1841":"lia","5/1841":"lid","1/9":"tyl pma rce aol axo sne snk sno snu sny tbe","33/1841":"lic","20/1841":"lif lip","4/1841":"lie lih liz","1/54":"typ tyr tyu nua iox","13/1841":"lig","2/1841":"lii lix","85/1841":"lil","82/1841":"lik","14/263":"lin","65/1841":"lim","2/263":"lio","1/1841":"lir","3/1841":"liq liu","76/1841":"lit","202/1841":"lis","22/1841":"liv","291/1841":"liw","131/1841":"liy","6/11":"tze","1/20":"cyc cyy nba wsa wsm oce hti rmw sku smb","1/10":"cyl lyp mya myc myt nqf nqo nqu flu wse ock ppy hba hbo hts rfc rfo","3/20":"cyr gni rmi sma","3/26":"lka oak","1/26":"lke lks lku ebo oah oam oal oau oax","4/5":"cze wto","11/26":"lkw","7/104":"lla","1/5":"czy dbo dbu dfl dfo dfz mdd mdl mdw uus mwa myx mza nfi wlu wth ppl hbi yxk rff rfu zze zzi","1/104":"llb dry","93/208":"lle","5/208":"lld","23/208":"lli","11/104":"llo dra","5/104":"lls","1/52":"llu lly dré oab oan","2/17":"lmb lms fte fti","3/17":"lma lmo mka gst","1/17":"lme mko mkw gsb gsh spb sph","77/8573":"lob","5/8573":"loa","7/8573":"lod","11/8573":"loc","4/8573":"lof loi","9/8573":"loe los","85/8573":"loh","29/8573":"log","14/8573":"loj","51/8573":"lol","2175/8573":"lok","342/8573":"lon","365/8573":"lom","48/8573":"lop","13/8573":"loo","92/8573":"lor","176/8573":"lot","403/8573":"lov","15/8573":"lou","39/8573":"lox","1164/8573":"low","1/8573":"loz","528/8573":"loy","1/64":"uaf uai uam uap uas dpa dpl dpy","37/128":"uak","1/16":"ual eal vro","11/128":"uan","9/32":"uar","1/128":"uaw","15/128":"uav","3/382":"ubb","85/382":"uba","1/382":"ubf ubx","10/191":"ube","9/382":"ubj ubo","8/191":"ubi","4/191":"ubl","1/191":"ubm","1/453":"dab daa dae dao","2/151":"dad","2/453":"dac daf dau daw","29/382":"ubu","119/382":"ubw","3/151":"dai","71/382":"uby","17/453":"dal","4/453":"dak","59/453":"dan","12/151":"dam","13/134":"uca","1/134":"ucc eef obl acl acq acy","8/151":"dar","21/134":"uce eed","16/453":"dat","8/453":"das","14/151":"dav","3/67":"uci uct eep","69/134":"uch","11/134":"uck","7/151":"day","2/67":"uco dsb eek kgo","3/5":"dbe mzi fik hbu","3/134":"ucu eec","103/535":"uda","18/535":"ude","1/535":"udj udn uds","1/107":"lsa lsw","8/535":"udi udl","3/107":"lsi","6/535":"udu","5/107":"lsm","4/107":"lsp","72/107":"lso","2/107":"udz","377/535":"udy","1/93":"ueb uee uep ecd ecr","1/31":"ued uet eca ffa ffo ffr pse psi psp pst psu","3/29":"lta rhu","4/29":"lte ytu","7/58":"ltd uha","8/31":"uel uen","8/93":"ues eco","2/93":"uer ecl ecu","1/58":"lto lts oie oig jhi","3/14":"ddi lva aja rwi","6/29":"ltr plu","11/58":"ltu ofa oil","1/14":"ddo oct ynh yng ynn hmo hmu yre hsi hsw rpa rpi","43/85":"ufa","6/425":"uff","7/425":"ufe","3/2401":"lub luz","7/25":"ufi","1/2401":"lud luf luh lui luw luy","10/2401":"luc","9/2401":"lue","3/425":"ufo ufr","12/851":"deb dec","14/851":"dea def","6/851":"ded deg dex","456/2401":"lul","359/2401":"luk","148/2401":"lun","3/851":"dee deu","59/2401":"lum","72/425":"ufu","24/2401":"lup","33/2401":"lur","2/343":"lut","286/851":"del","11/851":"dek","18/2401":"lus","157/851":"den","145/2401":"luv","4/2401":"luu","52/851":"dem","5/851":"dep","16/57":"uga","142/2401":"lux","8/851":"deo","56/851":"der","1/38":"ugb egg egu ysa ysn hre hrh sba sbl","2/851":"det dez dey","15/38":"uge","16/851":"des","1/57":"ugg ugo ugn ugr sit","10/851":"dev","2/57":"ugi","32/851":"dew","5/14":"lve","81/1102":"uhe","3/19":"uhi pyg pyr","295/872":"lwa","365/1102":"uhl","1/1102":"uhk uhw","225/436":"lwe","25/551":"uho","31/218":"lwi","1/436":"lwn","8/11":"dge eri","297/1102":"uhu","1/872":"lwo","2/23":"uia uid uil uis oet air","1/46":"uif uiv oel oep oev","5/23":"uin ssi","40/61":"dha","1/122":"dhe yuw","4/23":"uit oer","15/244":"dhi","3/244":"dho yuf","59/244":"dhu","2/35":"lyd eto ici ico ije","5/244":"dhz","3/7":"ujo wwa yra qua","13/271":"dib","1/35":"lyi ocu zhe ijl ijo klu kly","21/271":"dia","1/542":"did dik div dix","4/271":"dic dig","3/271":"die dil","3/542":"dij","3/35":"lys kla","12/271":"din","6/271":"dim","2/271":"dip","1089/2953":"uka","5/271":"dio diu","70/271":"dir","17/271":"dit","409/2953":"uke","19/542":"dis","182/2953":"uki","111/2953":"ukh","9/542":"diz","20/271":"diy","320/2953":"uko","777/2953":"uku","62/2953":"ukw","3/4541":"ulb ulc","2237/4541":"ula","1/4541":"uld uln ulp uls","577/4541":"ule","5/4541":"ulh ull","2/4541":"ulg ulk","59/4541":"uli","20/239":"ulo","28/4541":"ult","1162/4541":"ulu","37/4541":"ulw","4/4541":"uly","897/5251":"uma","1680/5251":"umb","1696/5251":"ume","1/5251":"umg umf umw","282/5251":"umi","3/5251":"umh umm umn umt","7/5251":"umk ums","1444/3157":"dla","5/5251":"ump","224/5251":"umu","996/3157":"dle","391/3157":"dli","64/3157":"dlh","2/5251":"umz","1/3157":"dll dlz","94/3157":"dlo","724/5531":"una","1065/5531":"und","14/5531":"unc","100/3157":"dlu","265/5531":"une","54/3157":"dlw","365/5531":"unh","2015/5531":"ung","173/5531":"uni","5/5531":"unk","2/5531":"unn","28/5531":"uno","1/5531":"unr unz","176/5531":"unt","3/5531":"uns","16/5531":"unu","41/5531":"unx","120/5531":"unw","75/5531":"uny","7/15":"dna","1/15":"dno utl uud uuk uuv eat ppr syl","1/338":"upb upt upy","9/338":"upa upo","2/15":"dnu uur gom ies syn sys","141/338":"upf","25/169":"upe","53/338":"uph","6/169":"upi","1/169":"upp","1/80":"dob dop eak nso jaj jas","29/338":"upr","1/240":"doa dod doe dov doz eaw eav","1/24":"doc dot eom eop guv rca rco","27/338":"upu","1/60":"doh dol qob","1/120":"doi","9/80":"dok","7/30":"dor gna","7/240":"dou eam","7/2374":"maa","23/240":"dow","3/1187":"mac","55/2374":"mab","57/4748":"mae","143/4748":"mad","165/9496":"mag","45/2374":"maf","23/9496":"mai","551/9496":"mah","585/9496":"mak","21/9496":"maj","63/4748":"mam","217/2374":"mal","447/4748":"man","1/2374":"maq mau","159/4748":"map","467/9496":"mas","385/9496":"mar","705/4748":"mat","23/4748":"maw","227/4748":"mav","7/2063":"urb","39/4748":"may","101/9496":"max","172/2063":"ura","5/9496":"maz","8/2063":"urc urs","50/2063":"ure","427/2063":"urh","38/2063":"urg","1185/2063":"uri","1564/8107":"mba","2/2063":"urk urn","3057/8107":"mbe","15/2063":"urp","229/8107":"mbh","89/2063":"uro","3/2063":"urr urw","1456/8107":"mbi","1/8107":"mbl mbv","4/2063":"urt uru","5/2063":"urv","213/8107":"mbo","6/8107":"mbr","18/2063":"ury","1482/8107":"mbu","197/1508":"usa","4/377":"usc","1/754":"usb usk usl","94/8107":"mby","167/1508":"use","1/1508":"usd usm usq","60/377":"usi","33/1508":"ush","11/754":"uso","19/1508":"uss","9/104":"dre dru","553/1508":"usu","55/1508":"ust","61/754":"usw","5/26":"dri","3/52":"dro oad","22/63":"uta","2/525":"utc","283/3150":"ute","7/225":"uth","143/630":"uti","1/1575":"utp","113/1575":"uto","1/67":"dsc dse dsh eee acm acn acu","143/1050":"uts","11/1050":"utu","4/525":"utw","2/5":"mdz wla ppe yxo rfr zza","7/67":"dst","1/707":"mea","1/2828":"meb mee mex","19/2828":"med","1/404":"meg","1/1414":"meh mem","509/2828":"mek","1285/2828":"mel","89/1414":"men","3/2828":"mep mew","46/707":"mes","239/2828":"mer","83/2828":"met","5/1414":"mey","652/953":"uva","81/953":"uve","1/953":"uvh","71/1906":"uvi","29/139":"mfa","1/1906":"uvk uvy","23/556":"mfe","80/953":"uvo","2/173":"dua dui","2/139":"mfi","1/173":"dud duo","10/173":"duc","205/1906":"uvu","5/556":"mfp","3/556":"mfo","1/556":"mfr yea","22/173":"dul","4/173":"duk dup","3/173":"dun gru","100/139":"mfu","47/173":"dum dur","128/355":"uwa","12/173":"dut","88/355":"uwe","11/173":"dus","37/355":"uwi","1/355":"uwk uws","62/355":"uwo","36/355":"uwu","387/880":"uxa","14/55":"uxe","13/17":"mha wde","6/55":"uxi","3/34":"mhe pil","19/110":"uxo","5/408":"mhi","13/22":"dwa","1/102":"mhl","1/110":"uxu aau","15/136":"mho","291/521":"uya","9/22":"dwo","130/521":"uye","52/5611":"mia","191/1042":"uyi","24/5611":"mic","16/5611":"mib","38/5611":"mie","1/1042":"uyl uyn uys","23/5611":"mid","1/521":"uyo","59/5611":"mig","1/5611":"mif mij miu","2/5611":"mii","236/5611":"mih","66/5611":"mik","3/1042":"uyu","169/5611":"mim","786/5611":"mil","1248/5611":"min","19/5611":"mip","836/5611":"mis","136/5611":"mir","359/5611":"mit","227/5611":"miw","13/5611":"miv","27/5611":"miy","15/43":"uza","119/5611":"mix","5/43":"uze","13/43":"uzi jun","401/687":"dya","29/687":"dye","1/43":"uzw agl jub jur","71/1374":"dyi","1/1374":"dyk","415/1374":"dyo","2/687":"dys","11/1374":"dyu","535/3281":"dza","6/17":"mkh sha","358/3281":"dze","1863/6562":"dzi","1073/6562":"dzh","4/17":"mku wdu fta","453/3281":"dzo","855/6562":"dzu","77/6562":"dzw","1/6562":"dzv dzz","7/73":"mma mmu xum","3/73":"mme","1/73":"mmd mmy ewi ewü cak","6/73":"mmi","8/73":"mmo","9/43":"uzã juz","1/318":"moc mof moh","1/636":"mob moe mop","1/1272":"mog","11/318":"mok","11/1272":"mom mot","1/212":"mol","1/159":"moo moz iag iah","25/318":"mon","5/1272":"mos mow","17/636":"mor","13/636":"mou","29/1272":"mov","221/1272":"moy","153/6395":"vab","1/424":"mox","189/12790":"vaa","51/6395":"vad","6/6395":"vac","99/12790":"vaf","8/6395":"vae","78/6395":"vah","7/12790":"vag","3/12790":"vaj","6/221":"mpa","43/12790":"vai","87/2558":"val","159/6395":"vak","479/884":"mpf","207/1279":"van","163/12790":"vam","59/884":"mpe","5/52":"mph oar","15/2558":"vap","1/6395":"vao","43/2558":"var","57/442":"mpi","3/884":"mpl","499/12790":"vat","59/6395":"vas","1/884":"mpn","28/1279":"vav","1/12790":"vau","4/1279":"vax","1/2558":"vaw","47/884":"mpo","1/442":"mpr","52/6395":"vay","5/884":"mps new","61/884":"mpu","1/40":"eac fly ype hte htr rsr sks skr sky sme","19/240":"ead eaf","11/240":"eag","17/240":"ean","1/48":"eap eoa eok eou","21/80":"eas","3/40":"ear nbe yph hto smi sms smu","7/120":"eau","1/390":"ebb ebh iep","19/390":"eba","9/130":"ebe","2/195":"ebi iey","17/195":"ebr","1/130":"ebv iec","7/65":"ebu","1/65":"msa mse msu mst msó wav ief","2/65":"msb iet","81/130":"eby","14/93":"ece","22/65":"mso","4/93":"eci ecz","11/93":"ech","7/93":"eck","2/1903":"ved veg","1/1903":"vee vex vez","25/93":"ect","439/1903":"vel","51/173":"vek gra","353/1903":"ven","12/1903":"vem","2/295":"edb edn","188/1903":"ver","7/295":"eda","17/1903":"vet","18/1903":"ves","39/1903":"vev","7/59":"ede","24/295":"edi","4/59":"edl ada","3/295":"edm","19/295":"edo","6/295":"edr edw","27/295":"edu","35/3301":"mua","14/3301":"muc","48/295":"edz","15/3301":"mub","37/3301":"mue","39/3301":"mud","22/3301":"mug","53/3301":"muf","2/3301":"mui muo muq","223/3301":"muh","236/3301":"muk","3/3301":"muj","30/3301":"mum","249/3301":"mul","550/3301":"mun","47/3301":"mup","182/3301":"mus","154/3301":"mur","1/3301":"muu","5/134":"eel","205/3301":"mut","17/3301":"muw","23/134":"een","12/3301":"muv","52/3301":"muy","302/3301":"mux","9/134":"ees","7/134":"eer aca","17/134":"eet","61/194":"efa","1/194":"eff efs","17/97":"efe","20/97":"efi","52/155":"vha","13/194":"efo","10/97":"efr","7/194":"eft","34/155":"vhe","9/194":"efu","59/155":"vhi","17/310":"vho","3/310":"vhu","5/114":"ege","3/10":"mwo","9/38":"egi sbe","1/114":"egh","10/1589":"via","6/227":"vid","7/114":"egr","9/1589":"vic","6/1589":"vie","29/1589":"vig","29/114":"egy","22/227":"vil","87/1589":"vik","68/1589":"vin","11/1589":"vio","48/1589":"vir","338/667":"eha","274/1589":"vit","500/1589":"vis","3/1589":"viv","181/667":"ehe","58/1589":"viw","1/227":"viz","17/667":"ehi","101/667":"ehl","1/667":"ehn","24/667":"eho","4/667":"ehu","1/79":"eia eip eit eiw puk","3/79":"eid","6/79":"eig rti","2/79":"eif eim rta","37/79":"ein","14/79":"eis","9/34":"eje ejw","15/34":"eji","5229/8389":"eka","1616/8389":"eke","830/8389":"eki","69/8389":"ekh","7/8389":"ekl","311/8389":"eko","1/8389":"ekn","2/8389":"eks","302/8389":"eku","15/8389":"ekw","6/11471":"elb elt","5316/11471":"ela","7/11471":"eld","2/11471":"elc","1/11471":"elf eln elm elp elr","3736/11471":"ele","5/11471":"elh","4/11471":"elg elk elu ely","280/11471":"eli","72/11471":"ell","1752/11471":"elo","77/11471":"els","3/11471":"elv","43/11471":"elw","312/1609":"ema","940/1609":"emb","111/3218":"eme","3/3218":"emf","237/3218":"emi","2/1609":"emh","67/3218":"emo","1/2291":"vob voe voo","49/3218":"emp","5/3218":"ems","8/2291":"voc vol","2/2291":"vof vov","111/1609":"emu","7/2291":"voh","1/1609":"emy","3/2291":"voi vou","106/2291":"vok","1244/2291":"von","6/2291":"vom","16/5153":"enb","16/2291":"vor","872/5153":"ena","48/2291":"vot","1127/5153":"end","5/2291":"vos","33/10306":"enc","607/5153":"ene","483/10306":"enh","18/2291":"vox","338/5153":"eng","9/5153":"enj","46/2291":"voy","2877/10306":"eni","1/5153":"enl","39/5153":"enk","5/10306":"enn","1/10306":"enm enr env enw","35/10306":"eno","177/5153":"ent","57/5153":"ens","15/10306":"enu","3/10306":"enz","106/5153":"eny","7/24":"eol","13/48":"eon","5/48":"eor","8/20897":"nab nax naç","13/20897":"naa nad","36/20897":"nac","1/20897":"nae","31/20897":"nah","25/20897":"nag","2/20897":"nai","8/101":"epa","340/20897":"nal","751/20897":"nak","554/20897":"nan","95/202":"epe","203/20897":"nam","3/20897":"nap nau","15/101":"eph","23/20897":"nar","5/101":"epi","195/20897":"nat","1/202":"epk eps epv","858/20897":"nas","98/20897":"nav","4/101":"epp","7/202":"epo epr","211/20897":"naw","12/20897":"naz","54/20897":"nay","6/101":"ept","11/16":"vre","11/202":"epu","7/10":"nbo nqi","7/40":"nbu","109/526":"nca","39/263":"nce","125/526":"nch","1/495":"erb","77/526":"nci","101/4455":"era","4/891":"erd","2/1485":"erc erf","112/4455":"ere","14/891":"erh","34/4455":"erg","8/263":"nco","3/526":"ncr","1/263":"nct","23/4455":"erl","4/1485":"erk","137/4455":"ern","1/526":"ncu","8/1485":"erm","4/4455":"erp","83/4455":"ero","41/4455":"err","9/526":"ncy","7/891":"ert","68/4455":"ers","13/4455":"erv","4/405":"eru","56/9707":"nda","7/4455":"erw","1/4455":"erz","26/4455":"ery","376/9707":"nde","1/9707":"ndf ndt","83/9707":"ndi","99/5402":"esa","14/571":"ndh","9/5402":"esc esk","10/2701":"esb","4/9707":"ndm","101/5402":"ese","1/2701":"esd","2912/9707":"ndl","20/9707":"ndo","2/9707":"ndn","116/2701":"esi","8/9707":"ndp","7/5402":"esh","15/9707":"nds","16/9707":"ndr","10/9707":"ndu","3/5402":"esm","12/2701":"esl","14/9707":"ndw","17/5402":"eso","1/5402":"esn esr","1/359":"vub ibl ibr","125/9707":"ndy","30/3949":"vua","6/3949":"vud","55/5402":"ess","10/3949":"vuc","5633/9707":"ndz","17/3949":"vuf","289/2701":"esu","8/3949":"vue vuw","51/2701":"est","3965/5402":"esw","24/359":"vuh","37/3949":"vug","1/4420":"neb nei neo nev","9/4420":"nea nef","7/4420":"ned nem ney","734/3949":"vul","3/4420":"nec","378/3949":"vuk","122/3949":"vun vup","1/1105":"nee","508/3949":"vum","1/221":"neh","3/2210":"neg","4/3949":"vuo","1/3080":"etb etc etk etv","7/2210":"nej","255/3949":"vur","1/3949":"vuq","543/3080":"eta","563/3949":"vut","249/884":"nel","12/1105":"nek","214/3949":"vus","51/3949":"vuv","87/340":"nen","3/440":"eth","14/1105":"nep","192/3949":"vux","22/1105":"ner","317/3949":"vuy","1201/3080":"eti","109/3080":"etl","72/1105":"net","5/442":"nes","1/2210":"neu","51/3080":"etr","27/3080":"ett","37/1540":"ets","1/616":"etu","9/25":"nfa eur rve","3/1540":"etw","1/770":"etz ety","6/25":"nfe iin rva","8/75":"euc","3/25":"nfl rvè","1/25":"nfo nfr eun zim iir iit iiw rvu","1/75":"euk eus eut eux","1/2120":"ngb","1649/3180":"nga","1/6360":"ngd ngt","7/6360":"ngf","28/265":"nge","71/1590":"ngh","8/377":"eva","191/4240":"ngi","19/12720":"ngl","1/12720":"ngn","119/377":"eve","1/4240":"ngm","40/377":"evh","221/2120":"ngo","17/12720":"ngr","24/377":"evi","2/377":"evl","11/12720":"ngs","1/377":"evn evr","929/6360":"ngu","18/377":"evo","79/4240":"ngw","164/377":"evu","95/1417":"nha","1/2834":"nhc nhj","20/1417":"nhe","2/73":"ewa ewc xul xut","12/1417":"nhi","20/219":"ewe","617/1417":"nhl","107/2834":"nho","568/1417":"nhu","5/73":"ewo rrh","99/2834":"nhw","4/219":"ews","1/219":"ewr ewt","33/73":"ewu","44/9057":"nia niv","1/9057":"nid niq","28/9057":"nic","2/9057":"nif nii nir niz","53/9057":"nie nik","137/9057":"nih","11/9057":"nig","23/1215":"exa","130/9057":"nil","2/1215":"exc","32/3019":"nin","23/9057":"nim","17/405":"exe","10/3019":"nip","13/9057":"nio","1103/1215":"exi","13/3019":"nit","608/9057":"nis","4/9057":"niu","2/405":"exp","2/3019":"nix","26/1215":"exo","128/9057":"niw","16/9057":"niy","1/1215":"ext","27/106":"nja","5/106":"nje njo","11/106":"nji","50/1689":"eya","29/53":"njh","5/563":"eye","490/563":"eyi","1/563":"eyh","1/1689":"eyl","104/1689":"eyo","7/1689":"eyu","130/391":"nka","16/2737":"nke","67/2737":"nkh","2/2737":"nkg","4/85":"eza eze pit","2/391":"nki","1/2737":"nkl","355/2737":"nko","15/17":"ezi","5/2737":"nks","338/2737":"nku","1/85":"ezo ezr pig piw","145/391":"nkw","6/19":"nli","7/8":"nme","38/91":"nne","1/91":"nng nnt","19/91":"nni","3/1741":"nob noc","2/1741":"noa","1/1741":"nod noh","41/1741":"noi","15/1741":"nol","85/1741":"nok","137/1741":"non","140/1741":"nom","5/1741":"nop","53/1741":"nor","79/1741":"not","8/1741":"nos","36/1741":"nov","12/1741":"nou","2/17875":"waa wai","10/1741":"now","1/17875":"wac wag wao","4/1741":"noy","6/3575":"wab","3/3575":"wad wax","4/17875":"waf","51/17875":"wah","2809/17875":"wak","6/17875":"waj","1/125":"wam","204/3575":"wal","2504/17875":"wan","3/17875":"wap wau","259/17875":"was","24/1625":"war","186/17875":"wat","29/3575":"waw","411/17875":"way","3/1625":"waz","5/622":"faf","3/2488":"fai","37/1244":"fal","3/1244":"fak fap","1535/2488":"fan","66/311":"fam","1/1244":"fao","59/2488":"far","7/2488":"fat","15/2488":"fas","1/622":"fav","1/311":"fau","21/2488":"faz","31/2488":"fay","3/560":"nsb","187/1120":"nsa","1/560":"nsd nsc nsh nsw","1/1120":"nsf nsp","13/224":"nse","653/1120":"nsi","17/1120":"nst","1/112":"nsv","15/224":"nsu","1/1721":"wea","10/5163":"web","8/5163":"wee wei","4/5163":"wed","1/5163":"weg weh weu","83/1710":"nta","424/5163":"wek","13/342":"nte","949/5163":"wem","1/1710":"ntd oky","223/5163":"wel","1523/5163":"wen","2/171":"nth","292/5163":"wes","73/5163":"wer","72/1721":"wet","21/190":"ntl","11/5163":"wew","17/684":"nto","6/1721":"wev","2/5163":"wey","4/1721":"wex","313/684":"nts","2/285":"ntr","37/1140":"ntu","13/855":"ntw","1/486":"nub nud nuf nue nul","41/486":"nuh","17/235":"feb","1/235":"fea fed fec feh fev","1/243":"nuk","293/486":"nun","1/47":"fee hyd hyr rgr","2/243":"num nut","2/235":"fei","22/235":"fel","11/486":"nus","11/235":"fek","56/235":"fen","36/235":"fem","24/235":"fer","27/235":"fet","8/235":"fes","7/235":"fex","10/31":"ffe","7/31":"ffi","2/31":"ffm psa","3/31":"ffl psh","3/13":"wha bha","21/52":"whe","19/52":"whi","544/881":"nwa","261/881":"nwe","7/881":"nwh","60/881":"nwi","1/881":"nwk nwu","2/881":"nwn","15/5389":"wia","31/10778":"wic","52/5389":"wib","111/10778":"wie","115/10778":"wid","23/10778":"wig","249/10778":"wif","5/10778":"wii","143/212":"nxa","16/317":"wih","509/10778":"wik","1/5389":"wij","6/53":"nxe","86/5389":"wim","805/10778":"wil","4/5389":"wio","1287/5389":"win","13/212":"nxi","189/10778":"wip","287/10778":"wis","371/10778":"wir","683/10778":"wit","23/212":"nxo","14/5389":"wiw","337/10778":"wiv","67/5389":"wiy","11/10778":"wix","9/212":"nxu","614/1353":"nya","47/451":"nye","1/460":"fib","3/920":"fia","157/451":"nyi","1/1353":"nyn nyx nyw","1/184":"fif fig","1/230":"fie fit","1/92":"fih","119/2706":"nyo","67/460":"fil","1/2706":"nys","13/920":"fin","15/451":"nyu","19/460":"fim","9/460":"fir","3/46":"fis fou oen","1/920":"fiv fiz fiy","5/18":"nza jek","4/9":"nzi sna","25/69":"wny","26/3299":"wob","6/3299":"woe","21/3299":"wod","18/3299":"wof","40/3299":"woh","55/3299":"wok","1/3299":"woj wom wow","78/3299":"wol","20/3299":"woo","1490/3299":"won","2/3299":"wop woy","24/3299":"wos","71/3299":"wor","148/3299":"wot","7/3299":"wov","13/3299":"wox","1/138":"fog fok fot fow ssl","5/69":"fon joe","20/69":"fom","7/138":"foo","49/138":"for","11/52":"oat","5/7":"fpu","12/67":"obb","14/67":"oba","1/402":"obc obj obt","8/67":"obe aci","13/402":"obi","25/134":"obo","1/201":"obs","7/201":"obu","40/201":"oby","9/20":"wsi gno rma","3/28":"occ","67/897":"fra","13/140":"oci oco","51/140":"och","37/897":"fre","776/897":"fri","3/140":"ocr","1/897":"frn","2/897":"fru","8/111":"oda","13/111":"ode","21/74":"odi","11/111":"odl","1/222":"odp odr hiq","10/111":"odo odz","1/74":"ods pru","11/222":"odu ody","8/4623":"wuc","3/1541":"wub wud","1/4623":"wue wux","18/1541":"wuf","100/4623":"wuh","56/1541":"wuk","16/1541":"wum","440/4623":"wul","143/1541":"wun","10/4623":"wup","5/46":"oek oem","15/1541":"wus","202/4623":"wur","205/4623":"wut","13/4623":"wuw","77/4623":"wuv","7/1541":"wuy","9/232":"off","39/232":"ofe","43/232":"ofi","1/116":"ofl oiw","6/2983":"fuf","1/2983":"fue fug fui fuu","7/232":"ofo","170/2983":"ful","79/2983":"fuk","752/2983":"fun","13/232":"ofu","894/2983":"fum","116/2983":"fur","10/2983":"fut","28/2983":"fuv","2/103":"oga ogp","69/2983":"fux","134/2983":"fuw","20/2983":"fuy","18/103":"oge","1/103":"ogg ogs ogw","30/103":"ogi","6/103":"ogo","7/103":"ogn gon","17/103":"ogr","4/103":"ogu","12/103":"ogy","167/620":"oha","16/155":"ohe","23/155":"ohi","67/310":"ohl","7/620":"ohn","69/310":"oho","2/155":"ohu","1/62":"ohw","3/116":"oic oit","15/116":"oid","5/116":"oin","3/58":"ois","21/58":"oir","26/43":"oje","17/43":"oji","53/380":"oka","59/3420":"oke","17/855":"oki","17/1710":"okh","1/3420":"okk","467/684":"oko","2/855":"oks","1/171":"okr","43/855":"oku","229/3420":"okw","1/1095":"olb olc olk olm olt ols olv","52/365":"ola","7/365":"old","2/1095":"olf oly","106/1095":"ole","76/1095":"oli","6/365":"oll","638/1095":"olo","2/365":"olu","16/365":"olw","155/1237":"oma","873/2474":"omb","235/2474":"ome","2/1237":"omf","515/2474":"omi","5/1237":"omh","11/2474":"omm","44/1237":"omo","1/2474":"omn omv omy omz","27/2474":"omp","3/2474":"oms","182/1237":"omu","1/8428":"onb onj onm","2245/4214":"ona","285/4214":"ond","5/4214":"onc onf","45/4214":"one","45/8428":"onh","454/2107":"ong","275/4214":"oni","1/1204":"onl","59/8428":"onk","3/2107":"onn","179/8428":"ono","31/2107":"ont","1/301":"ons","1/4214":"onv onu onx","11/4214":"onw","1/2107":"onz","11/2107":"ony","7/117":"oob","4/13":"ood","5/117":"oof oop","2/39":"ooi rbs","11/117":"ook","1/117":"ooj oos","4/117":"oom ool","2/117":"oon","10/117":"oor","16/117":"oot","1/2946":"xab xad xaf xap xar xau","4/1473":"xah","105/911":"opa","43/2946":"xal","283/1473":"xak","82/491":"xan","584/911":"opf","19/2946":"xam","49/911":"ope","19/911":"oph","1/911":"opj opk","26/911":"opi","2/911":"opl opm opr opt","5/1473":"xat","1/1473":"xas xay","124/1473":"xav","17/2946":"xax","4/911":"opp","1/491":"xaw","86/911":"opo","6/911":"ops","3/911":"opu","8/911":"opy","8/6921":"gaa gap","1/769":"gac gai gaz","7/6921":"gab","17/6921":"gad","1/6921":"gag","41/6921":"gah","53/6921":"gak","16/2307":"gam","173/6921":"gal","1091/6921":"gan","31/6921":"gas","154/6921":"gar","14/6921":"gau","155/6921":"gat","11/6921":"gaw","170/6921":"gav","1/1028":"orb","5/2307":"gay","4/6921":"gax","59/1028":"ora","11/257":"ord","9/1028":"orc ork orp","1/514":"orf oru","7/257":"ore","129/1028":"orh","15/1028":"org","92/257":"ori","43/1028":"orl","23/1028":"orn","11/1028":"orm","115/1028":"oro","5/1028":"orr","69/1028":"ort","7/514":"ors","3/1028":"orw","13/1028":"ory","38/815":"osa","6/163":"osc","89/815":"ose osu","1/815":"osg osl osé","459/815":"osi","23/815":"osh ost","4/815":"osm","16/815":"oso","2/815":"osp","2/163":"oss","6/815":"osw","2/543":"xeb","1/163":"osy","16/543":"xed","2/1915":"otb otq otu otš","782/1915":"ota","31/181":"xel","4/1915":"otc","36/181":"xek","11/181":"xen xer rni","5/543":"xem","131/1915":"ote","31/1915":"oth","309/1915":"oti","6/181":"xet","32/1915":"otl","4/543":"xes","1/543":"xev","4/181":"xex rnm","13/543":"xew","114/1915":"oto","23/1915":"otr","4/383":"ott","75/383":"ots","5/11":"gdp bva bvu","6/1915":"otw","3/277":"oua oup rey","8/277":"ouc oub ouv","1/277":"oue oud reb","9/277":"oug ouz","2/277":"oui oux rej rei","3/1660":"geb","1/1660":"gee gei geh","3/332":"ged gem","14/277":"oul","48/277":"oun","7/1660":"gek","38/277":"ous","43/277":"our","67/277":"out","169/830":"gel","1/166":"geo ryn ryp ryz","219/1660":"gen","1/332":"ges","103/830":"ger","99/830":"get","1/415":"gew","19/830":"gev","223/891":"ova","13/415":"gez","100/297":"ove","4/99":"ovh","19/297":"ovi","89/297":"ovo","14/15":"gfi","5/891":"ovu","1/891":"ovy","59/1361":"owa","1/1361":"owb","47/1361":"owe","13/1361":"owd ows","3/1361":"owi","2/1361":"owl owr owt","144/1361":"owo","61/1361":"own","5/1361":"owp","986/1361":"owu","311/8083":"xib","33/8083":"xia","102/8083":"xid","29/8083":"xic","303/8083":"xif","23/8083":"xie","469/8083":"xih","34/8083":"xig","5/8083":"xij","117/8083":"xil","2142/8083":"xik","734/8083":"xin","259/8083":"xim","121/414":"oxe","198/8083":"xip","207/8083":"xir","154/615":"gha","3/8083":"xiq","29/138":"oxi","553/8083":"xit","2/59":"xis","323/8083":"xiv","1/8083":"xiu","269/615":"ghe","54/8083":"xix","37/138":"oxo","108/8083":"xiw","305/8083":"xiy","49/615":"ghi","1/615":"ghl ghv","11/207":"oxu","92/615":"gho","1/207":"oxy aim aip","9/205":"ght","4/205":"ghu","268/847":"oya","2/615":"ghw","1/847":"oyc oyu","27/847":"oye","5/773":"gia gib gim","76/121":"oyi","3/773":"gic gif","53/773":"gid","2/773":"gig","13/847":"oyo","3/847":"oys","62/773":"gik","16/773":"gil gip","15/773":"gio","63/773":"gin","159/773":"gis","68/773":"gir","1/773":"giu giz","9/773":"git","39/773":"giw","4/773":"giy","62/115":"oza","13/115":"oze","39/115":"ozi","7/37":"gla","16/37":"gle","8/37":"gli","1/37":"gln pra","3/37":"glu","5/842":"xob","1/421":"xod","1/842":"xof xor xoy","7/842":"xoh xov","3/842":"xol xom","183/842":"xok","281/842":"xon","65/842":"xop","15/842":"xot","11/842":"xos xox","1/30":"gne gnm gny ppp rmg rmo rms syf sym syp","1/1545":"goa goe gof goh gok","4/309":"god gog","2/1545":"goj","34/515":"gol","4/1545":"goo gou","538/1545":"gop","7/1545":"gos","26/1545":"gor","19/1545":"got","6/515":"gov","17/752":"paa","1/188":"pad zoh zos","5/376":"pac pay","18/515":"goz","1/376":"pae","3/752":"pag pav","3/188":"pai","151/752":"pal","13/752":"pak","31/188":"pan","1/94":"pam hyb hym hyp hyu rgo","65/752":"pap","75/752":"par","39/752":"pat","13/188":"pas","3/376":"pau","29/752":"pax","37/752":"paw","75/173":"gre","20/173":"gri","6/173":"grn","15/173":"gro","21/677":"pea","1/677":"ped pek pey","4/677":"pec","11/73":"xun rry","14/73":"xup","10/73":"xur rra","139/677":"pel","64/677":"pen","2/677":"pem peo","10/677":"pep","23/73":"xuw","65/677":"per","133/677":"pet","6/677":"pes pev","31/375":"pfa","1/1125":"pfe","1/984":"gua gug guk","37/750":"pfi","46/1125":"pfh","65/656":"gub","7/984":"gue","1/1968":"gud","1/2250":"pfo","5/984":"gui","5/656":"guh","1/164":"gum","929/1125":"pfu","295/984":"gul","7/492":"gun","3/656":"gus","7/164":"gur","35/164":"gut","275/861":"pha","206/861":"phe","1/861":"phf phs pht","124/861":"phi","145/293":"gwa","72/293":"gwe","113/861":"pho","75/293":"gwi","1/293":"gwh","1/287":"phr","38/287":"phu","20/861":"phy","13/510":"pia","2/255":"pid pip","1/51":"pic spc spl spä","1/34":"pie","47/510":"pik","14/85":"pin","74/255":"pim","1/170":"pio afe","1/255":"pir pix","1/510":"piq piz piy","2/51":"pis spo","29/41":"gyp","11/29":"pla","19/58":"ple","5/58":"plo","3/433":"pod pog pom pox","4/433":"poi","70/433":"pol","1/433":"pok poy","96/433":"pon","46/433":"pop","5/433":"poo","39/433":"por","2/433":"poq pov","21/433":"pot","36/433":"pos","16/433":"pou","1/11490":"yaa yae yai","11/433":"pow","1/5745":"yac","1/1915":"yab","4/5745":"yad","11/5745":"yaf","21/3830":"yah","533/11490":"yak","103/3830":"yam","124/5745":"yal","197/1915":"yan","1/1149":"yap","67/11490":"yas","101/5745":"yar","92/5745":"yat","7/3830":"yaw yax","86/5745":"yav","19/3830":"yay","2/5745":"yaz","109/5388":"hab","1/5388":"haa","49/10776":"had","1/1347":"hac","3/898":"haf","17/10776":"hae","43/3592":"hah","11/10776":"hag","1/10776":"haj hao","1/1796":"hai","233/5388":"hal","281/2694":"hak","709/3592":"han","1463/10776":"ham","41/10776":"hap","179/3592":"har","269/10776":"hat","67/10776":"has","43/898":"hav","7/10776":"hau","5/5388":"hax","347/5388":"haw","7/5388":"haz","73/10776":"hay","61/148":"pre","61/296":"pri","1/148":"prm","99/296":"pro","4/31":"pso","2/417":"yeb","5/3336":"yef","39/83":"pta","3/1112":"yeh","23/1668":"yek","10/83":"pte","1/1668":"yem yew","523/3336":"yel","1613/3336":"yen","3/83":"pti","581/3336":"yes","13/278":"yer","43/3336":"yet","2/83":"pto","1/834":"yev yey","7/1112":"yex","6/83":"pts","7/83":"ptu pty","10/11":"hdl","7/395":"pub","1/395":"pud put","14/3953":"heb","13/3953":"hea","9/3953":"hed hee","58/395":"pul","10/3953":"hec hev","32/79":"pun","30/3953":"hef hes","5/79":"pum rtu","2/395":"pup puw","21/3953":"heh hep","2/3953":"heg heo","7/3953":"hej","116/395":"pur","4/3953":"hei hew","1391/3953":"hel","3/395":"pus","143/3953":"hek","868/3953":"hen","458/3953":"hem","412/3953":"her","284/3953":"het","6/3953":"heu","8/3953":"hex","16/3953":"hez","3/3953":"hey","3/9245":"yia yie","11/9245":"yic","29/9245":"yib","38/9245":"yid","1/9245":"yig yii","74/9245":"yif","123/9245":"yih","756/9245":"yik","691/9245":"yim","214/9245":"yil","1258/9245":"yin","44/9245":"yip","1139/9245":"yis","161/9245":"yir","90/1849":"yit","35/1849":"yiw","206/9245":"yiv","22/9245":"yiy","4/9245":"yix","18/9245":"yiz","5/12654":"hib hif","11/12654":"hia","7/12654":"hid hie","13/6327":"hic","2/6327":"hih","5/6327":"hig hij","151/4218":"hil","599/6327":"hik","923/6327":"hin","143/12654":"him","5/4218":"hip","1/2109":"hio","10/2109":"hir","127/12654":"hit","530/6327":"his","70/6327":"hiv hiw","1/12654":"hiu","47/12654":"hix","17/12654":"hiz","7/1406":"hiy","1/21":"yli ylo rpu tcl","5/21":"yll","2/21":"ylv","2434/4897":"hla","930/4897":"hle","30/4897":"hli","1/4897":"hlh hlm hly","862/4897":"hlo","291/4897":"hlu","347/4897":"hlw","4/7":"hma","2/2995":"yoc","48/2995":"yob","4/2995":"yod yoy","17/2995":"yof yov","40/599":"yoh","83/2995":"yok","1/2995":"yom","37/2995":"yol","858/2995":"yon","6/2995":"yop","96/2995":"yos","57/2995":"yor","11/2995":"you","179/2995":"yot","61/2995":"yox","12/2995":"yoz","7/3763":"hob","3/3763":"hoa","9/10":"ypt","18/3763":"hod","11/3763":"hoc hoo","41/3763":"hof","6/3763":"hoe hog","21/3763":"hoh","15/3763":"hoi","180/3763":"hol","86/3763":"hok","438/3763":"hon","488/3763":"hom","82/3763":"hop","201/3763":"hor hot","456/3763":"hos","3/53":"hov iak","24/3763":"hou","97/3763":"hox","10/3763":"how","37/3763":"hoz","19/3763":"hoy","7/38":"ysi","5/38":"hra","7/19":"hri","13/38":"hro","23/29":"yti","101/244":"yud","1/244":"yug yui yuz","7/122":"yuh abl","9/244":"yuk yul","57/244":"yun","9/40":"hth ska ske smo","32/5107":"hub","7/5107":"hua","17/5107":"hud","15/5107":"huc","2/5107":"huf huu huy","30/5107":"huh","3/5107":"hug hus huz","1/5107":"huj","111/5107":"hul","527/5107":"huk","919/5107":"hun","1507/5107":"hum","8/5107":"hup","218/5107":"hur","75/5107":"hut","167/5107":"huv","84/5107":"hux","81/5107":"huw","11/12":"qhi qin","337/533":"hwa","124/533":"hwe","54/533":"hwi","18/533":"hwu","24/47":"hya","3/47":"hye hyl","8/47":"hyi","5/94":"hyt","2/679":"zab zat idh","1/679":"zaa","1/1358":"zae zal","5/1358":"zah","75/1358":"zak","104/679":"zan","15/679":"zam zar","22/679":"zav","33/679":"zaw","3/1358":"zay","2/159":"iab","1/477":"iae iap","2/477":"iaj","7/159":"iam","20/477":"ial","58/477":"ian","5/477":"ias iar","17/477":"iat","14/477":"iaw","14/159":"iav","289/718":"iba","30/359":"ibe","33/718":"ibi","33/359":"ibo","1/718":"ibs ibw ibz","73/718":"ibu","95/359":"iby","128/455":"ica","32/455":"ice","23/91":"ich","24/455":"ick","3/455":"icn icr","11/817":"zeb","7/817":"zea","20/817":"zed","11/455":"ics","2/91":"icu","4/817":"zee","4/455":"icy","373/817":"zel","102/817":"zek","137/817":"zen","6/817":"zem zex","60/817":"zer","51/679":"ida","1/817":"zet zew","4/679":"idd","156/679":"ide","8/679":"idg","3/817":"zey","24/679":"idl","3/679":"idn","3/97":"ido","34/679":"ids","2/97":"idu","40/679":"idz","187/679":"idy","17/49":"que","6/49":"qui","1/195":"ieb iek iez","8/195":"ied","3/49":"quo","37/390":"ieh","1/78":"iej iew","2/49":"quu","7/78":"iel bhu","79/195":"ien","17/390":"ier","449/860":"ifa","1/860":"iff ifr","3/215":"ife","29/430":"ifi","1/172":"ifl agt","997/1085":"zha","19/860":"ifo","2/215":"ift","7/20":"ifu","11/1085":"zhi","12/1085":"zho","26/133":"iga","23/266":"ige","26/1085":"zhu","8/1085":"zhw","51/266":"igi","15/133":"igh","1/133":"igl igu","24/133":"ign","1/1075":"zib zia","3/1075":"zid","12/1075":"zih","10/133":"igw","58/1075":"zil","7/2150":"zik","38/1075":"zin","1/2150":"zio","19/2150":"zir","829/2485":"iha","1/430":"zit","213/2150":"zis","4/215":"ziv ziw","57/2485":"ihe","1/2485":"ihg ihn iht ihw","51/1075":"ziy","377/2485":"ihi","629/2485":"ihl","18/355":"iho","66/355":"ihu","2/25":"iik rvo","6/35":"ija","24/35":"iji","2311/8510":"ika","123/1702":"ike","799/8510":"iki","287/8510":"ikh","61/370":"iko","1/8510":"iks","349/1702":"iku","1337/8510":"ikw","869/4811":"ila","52/4811":"ild","2888/4811":"ile","1/4811":"ilh ilj ilm ilt","211/4811":"ili","58/4811":"ill","11/4811":"ilk","419/4811":"ilo","4/4811":"ils","2/4811":"ilv","115/4811":"ilu","99/4811":"ilw","20/4811":"ily","613/3311":"ima","657/3311":"imb","326/3311":"ime","16/473":"imf","608/3311":"imi","178/3311":"imh","1/3311":"imk imv","2/3311":"imm imr","337/3311":"imo","1/940":"zob zoa zog zok zop zoo zou","278/3311":"imp","188/3311":"imu","6/235":"zol","623/940":"zon","1/470":"zom","1/11911":"inb inz","1504/11911":"ina","990/11911":"ind","174/11911":"inc","14/11911":"inf","9/235":"zov","1220/11911":"ine","268/11911":"inh","2079/11911":"ing","26/11911":"inj","1046/11911":"ini","4/11911":"inl","1359/11911":"ink","21/11911":"inn","117/11911":"ino","7/11911":"inq","761/11911":"int","4/277":"ins reg rex","3/11911":"inv","112/11911":"inu","102/11911":"inx","363/11911":"inw","714/11911":"iny","2/135":"ioc","1/135":"iod iof ioi iok iou jip jiw","11/270":"iog","1/90":"iom ios","13/270":"iol iov","179/270":"ion","1/45":"iop jit","1/270":"ior iow","7/270":"iot","14/1437":"rab","9/958":"raa","5/958":"rad","23/2874":"rac","5/2874":"raf","27/479":"rae","71/2874":"rah","2/1437":"rag rax","2/863":"ipb ipd ipr","1/1437":"raj","1/479":"rai","89/863":"ipa","40/1437":"ral","3/863":"ipc ipl","11/479":"rak","121/863":"ipf","80/1437":"ran","29/863":"ipe","19/1437":"ram","8/1437":"rap","366/863":"iph","7/1437":"rar","1/2874":"raq","131/863":"ipi","23/958":"rat","173/2874":"ras","19/2874":"rav","5/1437":"rau","4/863":"ipp","61/2874":"raw","59/863":"ipo","13/1437":"raz","25/1437":"ray","24/863":"ipt","7/863":"ips","12/863":"ipu","10/39":"rbe","8/39":"rbo","15/89":"iqi","1/330":"aac aag aah aat aay","1/39":"rbu","57/89":"iqo","1/165":"aai","16/33":"aak","14/89":"iqu","17/165":"aam","29/330":"aal","23/330":"aan","4/165":"aap","1/66":"aas","19/330":"aar","13/18":"rch","1/55":"aav","1/36":"rci rki jes","95/3742":"ira","1/72":"rcl rcs rcu rcz rkr rku","2/1871":"ird","1/3742":"irc irj irt irv","22/1871":"ire","1286/1871":"irh","2/183":"abb","53/1098":"aba","452/1871":"iri","1/1871":"irl irr","1/1098":"abc abh","5/3742":"irm","32/549":"abe","3/1871":"irp","21/1871":"iro","265/1098":"abi","9/3742":"irs","1/549":"abn abs","4/1871":"iru","26/111":"rda rde","34/549":"abo","85/1098":"abr","1/111":"rdb rdf rdp rdt","1/183":"abv ruc rue ruh ruk ruu","7/183":"abu","5/111":"rdi","1730/4557":"isa","19/549":"abw","1/1302":"isc","65/183":"aby","421/4557":"ise","1/9114":"isd isp","16/111":"rdo","997/3038":"isi","5/651":"ish","4/111":"rds","3/268":"acc acr","1/1519":"isk","5/67":"ace","2/1519":"ism","38/4557":"isl","424/4557":"iso","1/3038":"isn","1/898":"zub zue","75/268":"ach","1/651":"iss","2/449":"zud","39/268":"ack","85/4557":"isr","29/1519":"ist","9/268":"aco","73/3038":"isw","1/4557":"isy","11/277":"rea","41/831":"red","113/898":"zul","8/831":"rec","82/449":"zuk","5/831":"ref rev","59/898":"zun","10/449":"zum","61/831":"ree","33/268":"act","1/831":"reh rez","6/449":"zur","720/3623":"ita","17/831":"rel","44/831":"rek","1/3623":"itf itm","1/449":"zuv","130/831":"ren","7/277":"rem","284/3623":"ite","7/831":"rep","117/3623":"ith","53/898":"zux","31/831":"rer","920/3623":"iti","46/831":"ret","233/3623":"itl","7/649":"add","6/649":"adc","200/831":"res","2/831":"reu","40/649":"ade","392/3623":"ito","1/649":"adj adm adp adw","28/3623":"itr","200/649":"adi","5/3623":"itt itz","10/649":"adl","739/3623":"its","54/3623":"itu","31/649":"ado","60/3623":"itw","2/649":"adr","19/3623":"ity","4/649":"ads","9/649":"adu","64/649":"adz","197/649":"ady","1/44":"iuf iui iuv","1/327":"aea aee aef","29/44":"ium","7/327":"aeg","13/90":"zwa","7/44":"ius","2/327":"aem","19/90":"zwe","167/327":"ael","16/327":"aeo","39/109":"aen","5/47":"rga","29/45":"zwi","1/109":"aer aet","15/94":"rge","3/94":"rgh rgs","931/2256":"iva","59/376":"ive","49/2256":"ivh","92/595":"afa","131/752":"ivi","6/595":"aff","11/94":"rgu","107/2256":"ivo","31/1190":"afi","49/282":"ivu","1132/5771":"rha","388/595":"afr","1/595":"aft","485/5771":"rhe","87/595":"afu","2850/5771":"rhi","4291/5574":"iwa","335/2787":"iwe","659/5771":"rho","13/86":"aga","290/2787":"iwi","1/5771":"rhr","85/344":"age","1/86":"agd","1/344":"agg agh agm agn","45/5771":"rhw","17/5574":"iwo","1/5574":"iwn iwv","9/172":"agi","5/2787":"iwu","1/1858":"iww","75/344":"ago","127/11038":"rib","85/11038":"ria","8/5519":"rid","7/344":"agr","71/5519":"ric","51/5519":"rif","63/344":"agu","73/11038":"rie","211/11038":"rih","21/344":"agw","33/11038":"rig","7/11038":"rij","1/5519":"rii","215/451":"ixa","259/5519":"ril","533/5519":"rik","845/11038":"rin","1/451":"ixe ixl","155/11038":"rim","43/5519":"rip","11/11038":"rio","113/11038":"rir","13/11038":"riq","182/451":"ixi","1733/3435":"aha","220/5519":"rit","656/5519":"ris","339/11038":"riv","16/1145":"ahe","2/5519":"riu","86/5519":"rix","35/451":"ixo","1633/11038":"riw","3/11038":"riz","97/3435":"ahi","79/11038":"riy","1141/3435":"ahl","1/3435":"ahm ahr","14/451":"ixu","244/3435":"aho","139/3435":"ahu","499/1673":"iya","246/1673":"iye","2/207":"aia","790/1673":"iyi","1/1673":"iyk","26/207":"aid","5/207":"aig","134/1673":"iyo","3/1673":"iyu","6/23":"ain","31/95":"iza","13/95":"ize","5/72":"rks","17/56":"aje","18/95":"izo","9/28":"aji","1/1190":"afé","1/56":"ajo ajw","43/95":"rld","5/56":"aju","12/95":"rlo","4580/9929":"aka","591/9929":"ake","385/9929":"aki","2/5771":"rhô","113/9929":"akh","2/9929":"akl","489/9929":"ako","3/9929":"akr","3556/9929":"aku","7/60":"rme","182/9929":"akw","6/5993":"alb alc alg alv","2473/5993":"ala","10/5993":"ald","4/5993":"alf","1759/5993":"ale","2/5993":"alh","1/5993":"alj aln alp alr alz","417/5993":"ali","46/5993":"all","7/5993":"alk","1/461":"alm","20/181":"rna","711/5993":"alo","14/5993":"alt","62/181":"rne","1/181":"rnd rnu","12/5993":"als","150/5993":"alu","83/5993":"alw","27/5993":"aly","3/181":"rno","604/2811":"ama","7/181":"rns","456/937":"amb","343/5622":"ame","1/2811":"amd amy","1/5622":"amg aml amr amw","2/2811":"amf","72/937":"ami","5/2811":"amh","1/1874":"amk","7/2811":"amm","26/2811":"amo","13/110":"rob","3/1210":"roa","20/937":"amp","13/605":"rod","9/1874":"ams","19/1210":"roc rov","9/242":"rof","314/2811":"amu","1/1210":"roe","4/605":"roh","23/1210":"rog","5/242":"roj","1/242":"roi","19/605":"rol rop","6/605":"rok","179/1210":"ron","31/1210":"rom roo","2/9983":"anb","3/605":"ror roy","5119/19966":"ana","57/1210":"rot","1230/9983":"and","84/9983":"anc","36/605":"ros","16/605":"rou","1343/19966":"ane","9/1210":"rox","399/9983":"anh","3/121":"row","3103/19966":"ang","19/19966":"anj","1595/9983":"ani","1/19966":"anl anv","177/19966":"ank","49/19966":"ann","567/19966":"ano","1/9983":"anq","505/19966":"ant","212/9983":"ans","116/9983":"anu","5/19966":"anx","129/9983":"anw","9/19966":"anz","403/9983":"any","11/42":"rpl","5/42":"rpo","1/42":"rps","1/160":"jad jat","7/80":"jac","41/160":"jah","3/160":"jai jap jav jaz","113/749":"apa","21/160":"jak","33/160":"jan","76/749":"apf","23/160":"jam","141/749":"ape","12/107":"aph","3/80":"jar","7/107":"api","2/749":"apl","1/749":"apm apt apw apy","11/749":"app","20/749":"apo","27/749":"apr","4/73":"rre car","6/749":"aps","212/749":"apu","24/73":"rri","19/73":"rro","3/200":"rsb rse","1/50":"rsa rsl","1/200":"rsd rsh","13/200":"rsi","1/100":"rso","11/2205":"arb arr","311/4410":"ara","19/2205":"ard","11/100":"rst","47/4410":"arc","1/4410":"arf arw ará","13/882":"are","943/2205":"arh","1/630":"arg","31/90":"ari","5/882":"arl","8/735":"ark art","11/4410":"arn","1/245":"arm","4/2205":"arp","127/4410":"aro","1/158":"rtb rtk rtz","11/158":"rte","11/490":"ars","1/735":"arv","8/2205":"aru","21/79":"rth","3/245":"ary","3/158":"rtm rto","4/79":"rtl","284/3087":"asa","9/79":"rts","5/3087":"asc","1/3087":"asb asd asv asy","184/3087":"ase","7/158":"rty","46/147":"asi","4/441":"ash","1/343":"ask","2/3087":"asm","43/3087":"aso","17/183":"rua","4/3087":"asp","40/3087":"ass","4/183":"ruf","2/63":"asu aur","83/3087":"ast","433/1029":"asw","5/54":"jec","1/108":"jee jet jey","11/183":"rum","11/108":"jel","4/4459":"atc","59/183":"rus","17/54":"jen","216/4459":"ate","111/4459":"ath","1998/4459":"ati","61/637":"atl","1/4459":"atn atm atx","5/108":"jew","150/4459":"ato","3/4459":"atr","19/4459":"att","685/4459":"ats","66/4459":"atu","4/25":"rvi","15/4459":"atw","2/189":"auc auj","8/189":"aub aug","1/189":"auf","4/189":"auk auw","5/27":"aul","11/189":"aun","29/189":"aut","10/189":"aux","2765/4981":"ava","33/293":"ave","61/4981":"avh","650/4981":"avi","1/4981":"avn","29/293":"avo","3/4981":"avv","444/4981":"avu","33/58":"jha","12/29":"jhe","20/79":"awa","3/2923":"awb awn","64/2923":"awe","4/2923":"awd awh","105/2923":"awi","6/2923":"awk","189/2923":"awo","1/2923":"aws awt","1794/2923":"awu","71/387":"axa","23/166":"ryt","9/166":"rys","11/27":"jik","3/166":"ryu","64/387":"axe","1/387":"axh axu","200/387":"axi","14/135":"jis","7/135":"jiy","239/1098":"aya","1/2196":"ayb aym ayw","217/1098":"aye","83/244":"ayi","137/732":"ayo","2/549":"ays","23/1098":"ayu","128/265":"aza","27/265":"aze","14/53":"azi","1/265":"azo","22/265":"azu","2/265":"azz","28/69":"joh","7/69":"jon jos ssa","2/5757":"saa","1/1919":"sac","8/5757":"sab","5/5757":"sad","26/5757":"sag","4/5757":"saf","2/1919":"sai sap","4/1919":"sah","242/1919":"sak","92/5757":"sam","233/5757":"sal","1/5757":"sao saq","463/5757":"san","52/5757":"sas","87/1919":"sar","21/1919":"sau","343/5757":"sat","44/5757":"saw","467/5757":"sav","17/1919":"say","31/1257":"bab","3/838":"baa","2/1257":"bad bag","2/419":"bac","1/419":"baf","11/19":"sbu","1/1257":"bah baw","1/2514":"baj bai","109/838":"bal","83/2514":"bak","177/838":"ban","13/2514":"bam bav","25/119":"sca","34/1257":"bar","13/1257":"bat","10/119":"sce","227/2514":"bas","3/119":"sci scu","1/838":"bax","55/119":"sch","17/2514":"baz","5/838":"bay","1/119":"scl","11/119":"sco scr","72/89":"bbe","1/113":"sea","7/2260":"sec","1/452":"see","3/2260":"sed seh","1/2260":"seg sej sex","53/2260":"sef","1/1130":"sei","491/2260":"sek","11/226":"sem","541/2260":"sel","61/452":"sen","11/2260":"sep","5/452":"ses","153/2260":"ser","19/2260":"seu","11/1130":"set","9/565":"sev","3/43":"jud jut jus","10/1759":"beb","2/43":"jui jum","9/3518":"bea","6/43":"jul","13/1759":"bed","3/3518":"bec","11/3518":"bee","1/3518":"beg bem","9/1759":"bej","5/3518":"bei","213/1759":"bel","81/1759":"bek","133/3518":"ben","124/1759":"ber","66/1759":"bet","3/1759":"bes","2/1759":"bev bez bey","8/1759":"bex","48/1759":"bew","4/1139":"shb","309/2278":"she","285/2278":"shi","1/2278":"shk shv","9/2278":"shm","81/1139":"sho","208/1139":"shu","239/2278":"shw","22/6555":"sia","4/6555":"sic sie","1/2185":"sib siz","112/6555":"sid","2/6555":"sig","8/6555":"sih","34/437":"sik","71/2185":"sim","84/2185":"sil","2/1311":"sio","159/2185":"sin","17/2185":"sip","653/6555":"sis","41/1311":"sir","2/2185":"siu","35/234":"bhe","1657/6555":"siw","42/2185":"siv","21/2185":"siy","5/39":"bhi","1/6555":"six","31/78":"bho","1/234":"bhn","11/1027":"bib bit","9/1027":"bia","1/2054":"bid bic bim","5/2054":"bie big","48/1027":"bih","1/1027":"bij","119/1027":"bil","7/2054":"bik","267/2054":"bin","7/1027":"bio","154/1027":"bir","4/1027":"biq biz","527/2054":"bis","229/2054":"biw","9/2054":"biy","81/113":"sla","5/113":"sle","23/113":"sli","4/113":"slo","39/97":"bla","23/194":"ble","59/194":"bli","29/194":"blo","5/194":"blu","44/1895":"soc","8/1895":"sob","2/1895":"soe sof sos","13/1895":"sod","1/1895":"sog","4/1895":"soh sov","37/1895":"sok","9/1895":"som sop","21/1895":"sol","611/1895":"son","18/1895":"sor","62/1895":"sou","121/1895":"sot","5/379":"sow","4/51":"spe","8/51":"spi","1/777":"bob bop","11/51":"spr","3/259":"boa boo","13/777":"bod bon","5/777":"bof","172/777":"boh","2/777":"boi bov boy","24/259":"bol","40/777":"bok","16/777":"bom","16/259":"bor","53/777":"bot","13/259":"bos","11/777":"bou","26/777":"box","16/20079":"kaa","1/6693":"kac kab kad kax","1/20079":"kag kaf kaš","7/20079":"kai","181/6693":"kah","404/20079":"kak","10/20079":"kaj","1064/20079":"kam","77/6693":"kal","923/20079":"kan","8/6693":"kap","25/2231":"kas","64/873":"kar","2/20079":"kau","401/20079":"kat","5/20079":"kaw","62/20079":"kav","21/2231":"kay","175/178":"sra","4/20079":"kaz","1/178":"srk","10/69":"sse","121/221":"bra","18/221":"bre","27/221":"bri","32/221":"bro","24/127":"sta","1/635":"stf stn stm stw","23/221":"bru","251/635":"ste","1/127":"sth","34/635":"sti","9/635":"stl sty","7/127":"sto","52/635":"str","4/635":"stt","14/635":"sts","1/2468":"suc suz","9/1234":"sub","1/617":"sud","1/1234":"sui","145/2468":"suh","1/3468":"kec keb keu","631/2468":"suk","1/1734":"kee kef kez","28/617":"sum","3/1156":"ked kei","21/1234":"sul","335/1234":"sun","13/2468":"sup","137/2468":"sus","26/867":"kek","5/1234":"sur","1/867":"kem kev","14/617":"sut","302/867":"kel","3/1234":"suv","33/1156":"ken","13/1156":"kep","5/3468":"kes kew","169/1734":"ker","311/3468":"ket","1/578":"key","25/36":"svd","7/1931":"bub","1/1931":"bud buf buh bug","17/1931":"buc","4/1931":"bui bup","237/1931":"bul","58/1931":"buk","23/1931":"bun","35/1931":"bum","3951/14908":"swa","158/1931":"bur","417/14908":"swe","26/1931":"but","46/1931":"bus","8567/14908":"swi","1/14908":"swh","39/1931":"buw","3/1931":"buz","59/1931":"buy","493/3727":"swo","443/1911":"kha","40/637":"khe","15/637":"khi","1/1911":"khl","857/1911":"kho","356/1911":"khu","89/1911":"khw","1/2354":"kia kii kih kij kip","3/2354":"kid","1/214":"kik kix","7/1177":"kim","359/2354":"kil","28/1177":"kin","343/2354":"kis","15/1177":"kir","1/1177":"kiu kiy","43/2354":"kit","45/214":"kiw","17/2354":"kiz","303/670":"bya","441/2680":"bye","809/2680":"byi","1/1340":"byl","187/2680":"byo","1/2680":"bys byu","16/35":"kle","1/32":"kma","1/6949":"koa koc kof koy koz","46/6949":"kob","4/6949":"koe","20/6949":"kod","9/6949":"koh","409/6949":"kok","801/6949":"kom","92/6949":"kol","2/6949":"koo kou","1279/6949":"kon","22/6949":"kop","16/6949":"kos","84/6949":"kor","611/6949":"kot","23/6949":"kow","50/6949":"kov","17/7578":"tab","5/7578":"taa tas tax taw","102/6949":"kox","1/3789":"tad","19/7578":"tac","7/3789":"taf","1/7578":"tae tau","5/2526":"tah","61/7578":"tag tam","25/7578":"tai","391/3789":"tal","9/421":"tak","673/2526":"tan","2/3789":"tap","121/7578":"tar","151/3789":"tat","37/2526":"tav","13/7578":"taz","11/2526":"tay","3/584":"cac cae cau","41/584":"cab","3/292":"cad","1/584":"cag cah","1/146":"caf","33/584":"cam","47/584":"cal","45/292":"can","59/292":"cap","11/584":"cas","25/584":"cat","19/21":"tch","24/139":"kra","16/139":"kre","87/139":"kri","1/139":"kro","11/139":"kru"}}