{"language":"SWAHILI","ngrams":{"1/195":"cca cci ccu mct","3/10":"ksi oxe yca ype éle rbi sbl","2/25":"ksh ldi","1/10":"tds kyu xia oxf léb lég lén lét lév ycl psi psp psw hna ypo élo rbe rbu rby","1/585":"ccb","8/585":"cce","11/50":"kso","1/50":"kss ksw kyo kyr ldd ldo lds ldr ldw ohe ack kse","2/585":"ccj cct","509/585":"ccm","3/50":"kst lda lde","1/45":"cco","1/3336":"teb teh teo","61/1668":"tea","5/834":"ted","7/3336":"tec","34/585":"ccr","1/1112":"tef","5/1668":"tee","45/1112":"teg","3/278":"tej","1/1668":"tei tex","53/81":"kta","27/1112":"tel","71/1112":"tek","335/1668":"ten","53/1112":"tem","11/3336":"tep","145/3336":"ter","1/11":"cda cdn cds dco dso fle axc axm sno","4/139":"tet","43/3336":"tes","3/1112":"tev","121/3336":"teu","2/417":"tew","20/81":"kto","41/1668":"tez","8/37":"tfa","1/74":"tfc hts","57/74":"tff","845/24503":"kua","373/24503":"kuc","1119/24503":"kub","401/24503":"kue","145/24503":"kud","154/24503":"kug","1014/24503":"kuf","14/255":"cea","637/24503":"kui","653/24503":"kuh","3/85":"cec","712/24503":"kuk","1/255":"ceb ced cep","909/24503":"kuj","2/255":"cee","1227/24503":"kum","1051/24503":"kul","562/24503":"kuo","869/24503":"kun","1319/24503":"kup","1233/24503":"kus","1044/24503":"kur","13/85":"cem","962/24503":"kuu","5/51":"cel","2827/24503":"kut","2/85":"ceo","5093/24503":"kuw","41/255":"cen","124/24503":"kuv","92/24503":"kuy","3/7":"tga tgn lry","1/15":"ces wsp tég tér gna gnt hli hlé mée méd mér","7/255":"cer","424/24503":"kuz","4/255":"cet","6/7":"cfa lge wur","1/7":"tgu cfh lgi ebi wnl fma oel xti xtu yrg yro yru éta éte éth","124/891":"tha","1/891":"thb thd thé","16/99":"the","115/297":"thi","3472/4261":"kwa","38/891":"thm","742/4261":"kwe","2/297":"thl slo","2/81":"tho","46/4261":"kwi","4/891":"thr","25/891":"thu","1/297":"tht slu","1/1":"cgg cnd cqu lch ôte ljo lne lqu hôt lza dvo éée vcc ínc vgk vji iös öhl rès vpa rín vre equ vvu vwa öse wdo fdb são nwa wji wma xan oqu xer gda xfo köh tèm xmi gmi çoi xus xxu côt pme yfr yhe pzi ège ème yth ère hvi yzs hzo zba zfa éas zja zls zma zro zst équ zye nço sge bft bge squ für kbe svi bvm kno oût","1/8522":"kwo","590/8837":"tib","549/8837":"tia","2/8837":"tid tiu","178/8837":"tic","33/8837":"tif","19/8837":"tie","88/8837":"tih","8/8837":"tig","21/8837":"tij","22/8837":"tii","128/8837":"til","3072/8837":"tik","161/8837":"tin","424/8837":"tim","116/8837":"tip","82/8837":"tio","26/8837":"tir","12/8837":"tiq","4458/9301":"cha","81/8837":"tit","1/9301":"chc chf chl chz ché","276/8837":"tis","13/8837":"tiv","848/9301":"che","109/8837":"tiw","316/8837":"tiz","7/8837":"tiy","1948/9301":"chi","4/9301":"chn","7/9301":"chm","8/71":"cho","21/9301":"chr","875/9301":"chu","17/50":"kya","65/9301":"chw","2/5":"kye hél iét gne yce rba élé rpo sbu sde","13/51":"cia","11/102":"cie","1/102":"cim civ","5/102":"cil cin","2/51":"cio","4/17":"cip rch","3/34":"cis nmb","2/17":"cit nma rci","1/3":"cjd tpc tra djo dle dmu nbi nhi wbu nve wli ggi gka gko pco hch hcr hhe hhh hst ébu éog rpr rzi jji bha bhi bhk bti tcl cbc","2/55":"tla tly","1/55":"tle tlt mvs flu fly","1/71":"cka ckb ckf ckl cko ckt","39/55":"tlp","8/55":"tls","7/71":"cke","2/71":"cki","10/13":"tma","9/71":"cks","1/13":"tme crd cré pdc pdd gst gsv ixt","4/71":"cky","2/13":"tmk cri","1/8837":"tié","1/2":"pér pét cpa lhr cwt cww dna dnn dzi dzo ièg ièr ech nfo wka wko wwi xim cél cés pfo hke hku hsu yve éda édi éfe éfi véa rfl rho évi évé sfi bmi bmt kcm kcu kfa kkk kkt kmk","7/176":"cla","125/176":"cle","3/88":"cli llb","4/9":"tna tne dla ege rge","5/176":"clo","1/9":"tnb dba dbl dll dlu nhu exc exi oit pcb pcm rga ési","7/88":"clu eel","2/515":"cmc","1/515":"cmi cmp cmt","1/51":"cié rca rck","75/4802":"tob","81/686":"toa","1/4802":"tod","2/2401":"toc","97/2401":"tof","17/4802":"toe","13/4802":"toh","25/4802":"tog","5/2401":"toj toi","128/2401":"tol","782/2401":"tok","95/4802":"ton","11/2401":"tom","39/4802":"top","11/4802":"too","54/2401":"tor","235/2401":"tot","62/2401":"tos","6/2401":"tov tou","33/4802":"tow","9/4802":"toz","5/4802":"toy","1/6":"tpa dja dje dji nba nbc nbb nbo vsk nvo gga gge ggr dép hse cbr cbt","1/12":"tpd cyn cyr dfi lyo nvg hyd hyt hys hyu rgi rgu rgy rli","32/599":"coa","2/599":"coc cop","16/599":"cob","3/599":"cod coo","297/599":"com","8/599":"col","103/599":"con","12/599":"cos","11/599":"cor","14/599":"cou","9/599":"cot","1/599":"cow cov hee heg hey","127/7941":"lab","5/599":"cox","508/7941":"laa","29/7941":"lad","11/7941":"lac","8/2647":"laf","136/7941":"lah","7/2647":"lag","10/7941":"laj","37/7941":"lai","94/2647":"lal","284/2647":"lak","331/7941":"lan","434/7941":"lam","4/7941":"lap","22/7941":"lao","10/2647":"lar","4/2647":"lat","6/2647":"las","1/2647":"lav","40/7941":"lau","11/2647":"law","271/7941":"laz","87/2647":"lay","29/76":"tre","11/29":"lba jkt","29/228":"tri","7/58":"lbe lso","1/38":"trl égo égr égy bst","7/114":"tro","11/58":"lbi","1/114":"tru tré","3/58":"lbo lsa mye","3/76":"try","13/58":"lbr","1/58":"lbu lsb lsc lsi","1/89":"tsa tsi fsa","3/89":"tse sku","2/89":"tsh tsn tso tsu éen","5/26":"cra rri","1/78":"cre cru","10/89":"tsw","30/47":"tta","1/39":"cro","16/141":"ttc","1/141":"ttb ttm ttr tty cue cus cur cuz mnd pli","8/141":"tte","6/47":"tto","48/5657":"tub","340/5657":"tua","6/5657":"tud tuc","1/33":"csr dcm dcp vet iua bdo","21/5657":"tuf","28/5657":"tue","79/5657":"tuh","4/5657":"tug tuv","10/5337":"leb","39/5657":"tuj","9/5657":"tui","184/1779":"lea","2/1779":"led lex ley","208/5657":"tul","26/5337":"lec","265/5657":"tuk","2/5337":"lef","600/5657":"tun","14/1779":"lee","1083/5657":"tum","8/5337":"leh","76/5657":"tup","14/5337":"leg","222/5657":"tuo","11/5337":"lej","232/5657":"tur","1/69":"cta ctu gho ryo","20/5337":"lei","95/5337":"lel","120/5657":"tut","90/5657":"tus","245/5337":"lek","433/5337":"len","5/69":"cte","5/5657":"tuu","89/5337":"lem lev","5/5337":"lep","38/5657":"tuw","154/1779":"leo","56/5657":"tuz","34/5337":"ler","3/5657":"tuy","20/69":"cti","184/5337":"let","86/5337":"les","1/1779":"leu","22/69":"cto","437/5337":"lew","4/69":"ctr","226/1779":"lez","2/69":"cts ryt","11/34":"lfa","1/17":"lfe lfi fco","1/228":"trè","1/22":"tvp tvs lhi dsm mva nre ydc ydr","2/141":"cub cup cut","124/141":"cuf","3/17":"lfr fcf","6/17":"lfu","1/47":"cul mng plu sce","1/157":"twb","275/314":"twa","5/157":"twe","27/314":"twi","5/11":"lha bbc","99/21038":"lib","570/10519":"lia","85/21038":"lid","303/21038":"lic","177/10519":"lif","1/5657":"tué","159/21038":"lie","83/21038":"lih","56/10519":"lig","86/10519":"lij","193/21038":"lii","475/21038":"lil","3/35":"tys vat oea","772/10519":"lik","743/21038":"lin","1865/21038":"lim","895/21038":"lip","17/314":"lio","19/10519":"lir","19/21038":"liq","553/21038":"lit","2499/21038":"lis","194/10519":"liv","69/21038":"liu","3/10519":"lix","869/21038":"liw","453/10519":"liz","1011/21038":"liy","1/24":"cyc llo pti déb déc déf dél dér dét dés hye rlo géo gér","2/3":"lka dmi vma fgh wly pro ébr éon jja","5/18":"lki","1/18":"lks lyc ego ggo ggy gta rgr ése éso rmo","7/24":"lla","9/44":"lle","49/264":"lli","1/132":"lls qub quo qun ssy","1/264":"llv","9/88":"lly","11/14":"lma","9/70":"lme","1/35":"lmi nke oig hno","1/21038":"liè lié","1/140":"lms oek","1/5":"hév iée iés fwi xic gnp léo ych hda hdr éli rva rve rvi sbi","1/1350":"lob","2/675":"loa loh loi lov","1/270":"lod boy","1/225":"loc loy cab cah cay caz","2/135":"lof","1/675":"loe loq","1/150":"log loo eyc eym eys eyu","7/225":"loj cas cat","37/675":"lol","29/1350":"lok","2/75":"lon cal","8/225":"lom","14/675":"lop","11/450":"lor","7/135":"lot","23/1350":"los","17/1350":"lou","1/3575":"uaa uae","19/675":"low","13/450":"loz","86/3575":"uac uaj","3/3575":"uab uaz","19/3575":"uad","14/715":"uag","16/3575":"uaf","14/3575":"uai","21/3575":"uah","203/3575":"uam","261/3575":"ual","126/715":"uan","4/45":"lph iuk ium","9/3575":"uap","61/3575":"uas","82/3575":"uar","1/88":"llé eee","241/3575":"uat","18/3575":"uaw","4/3575":"uav","2/3575":"uay","428/1765":"uba","34/1765":"ube","1/1765":"ubg ubm","184/1765":"ubi","21/1765":"ubl","137/1765":"ubo","11/6100":"dab dae","23/1220":"daa","13/610":"dad","3/1220":"dac","3/610":"daf","277/1765":"ubu","3/1525":"dah","1/3050":"dag","668/1765":"ubw","32/1525":"daj","291/6100":"dai","84/1525":"dal","101/6100":"dak","621/6100":"dan","211/6100":"dam","3/1277":"uca","43/6100":"dap","33/6100":"dao","1/1277":"ucc uci","659/6100":"dar","2/1277":"uce uck","87/6100":"dat","1/1525":"das","7/1525":"dav","63/6100":"dau","2/7":"lra lri nla nle éti été","103/6100":"daw","1258/1277":"uch","3/3050":"daz","327/6100":"day","4/1277":"uct","6/1277":"ucy","191/651":"uda","1/651":"udd","11/651":"ude","131/1302":"udh","2/217":"udg","1/1302":"udj udz udy","67/217":"udi","14/29":"lse","1/217":"udp","25/1302":"udo","2/651":"udr","1/186":"uds","271/1302":"udu","1/29":"lss","1/388":"uee uek odb odl","1/776":"ued uef uei uet uez","7/776":"ueg","5/138":"lta ltd","1/138":"ltc lth lto lts ltu ryv","1/46":"lte wom rya rys","11/776":"uem ues","209/776":"uel","319/776":"uen","58/69":"lti","11/194":"uep","1/136":"ddc","1/68":"dde ddl dds ddy","1/34":"ddi nmc nmi nmy bce bci","823/1705":"ufa","14/17":"ddr","1/1705":"uff ufr uft","1/341":"ufe ufy","4/99":"lub dhu sso","1/99":"lua roh","206/1705":"ufi","8/693":"lud lup","4/231":"luc eco","2/1705":"ufm","3/77":"luh","202/693":"lug","17/2181":"deb","35/2181":"dea","4/727":"ded det","1/21":"lul lvo var mru nky wum wul yni ynn ynt","26/2181":"dec","20/693":"luk","5/727":"def","2/77":"lun","16/2181":"dee","523/1705":"ufu","190/693":"lum","1/2181":"deh dep","43/2181":"deg","2/2181":"dei","17/693":"lut","266/727":"del","32/693":"lus","21/727":"dek","76/2181":"den","349/2181":"dem","115/586":"uga","1/693":"luw","13/2181":"deo","79/2181":"der","27/293":"uge","194/2181":"des","1/586":"ugg","5/2181":"dev","8/2181":"deu","2/21":"lva vam vaz","17/1172":"ugi","7/2181":"dew","103/293":"ugh","14/2181":"dez","5/21":"lve","143/1172":"ugo","13/21":"lvi","257/1172":"ugu","3/1172":"ugw","407/1565":"uha","11/12":"dfr","33/1565":"uhe","13/14":"lwa","373/1565":"uhi","1/1565":"uhl","28/1565":"uho","1/14":"lwi wne wni hne bya bye","2/19":"dga dgs hré sti tcc","2/1565":"uht uhs","14/19":"dge","718/1565":"uhu","28/559":"uia","1/19":"dgr hre égi bsh","15/1118":"uic","61/1118":"uib","3/559":"uie yoc","5/559":"uid yoo","1/26":"uig mic","23/1118":"uif","3/1118":"uii uih uir","17/559":"uik","2/559":"uij uiu","79/1118":"uim","9/559":"uil uiw","29/1118":"uio","277/1118":"uin","1216/2277":"dha","35/1118":"uip","13/86":"uis","10/2277":"dhe","40/559":"uit","9/1118":"uiv","21/559":"uiy","940/2277":"dhi","6/559":"uiz","13/2277":"dho","113/514":"uja","30/257":"uje","1/8":"lya nfa nfi wra wri gbc gbé xpl hbe hbs ymo hyp hyw rha rhe éry sfr sre","733/1542":"uji","7/72":"lyd","7/514":"ujo","5/2763":"dib","5/72":"lyi pta","254/2763":"dia","7/2763":"did","19/5526":"dic","1/5526":"dif dih diq dix","1/72":"lyn oyc ptl pto pty pté","43/5526":"die","133/771":"uju","1/514":"ujw","2/2763":"dig diu","1/2763":"dij","4/921":"dii","523/5526":"dil","311/5526":"dik","131/5526":"din","3/614":"dim","23/1842":"dip","765/3478":"uka","1/36":"lyw pts ptu rgo","116/2763":"dio","3/307":"dir","25/5526":"dit","57/3478":"uke","133/1842":"dis","22/2763":"div","383/1739":"uki","1/3478":"ukh ukl ukt","11/307":"diw","55/5526":"diz","61/1842":"diy","223/1739":"uko","5/3478":"uks","3/1739":"ukr","615/1739":"uku","197/3478":"ukw","136/1247":"ula","1/3741":"uld ulg uln ulm","181/1247":"ule","802/1247":"uli","17/3741":"ull","11/3741":"ulk","5/1247":"ulo","4/3741":"ulr","40/1247":"ult","9/1247":"uls","155/3741":"ulu","2/3741":"ulw uly","866/6335":"uma","23/6335":"umc","1157/6335":"umb","929/6335":"ume","18/6335":"umd","39/6335":"umf","1062/6335":"umi","16/6335":"umh","8/1267":"umk","17/6335":"umj","29/1267":"umm","21/905":"uml","282/6335":"umo","4/1267":"umn","83/6335":"ump","17/1267":"ums","16/1267":"umr","131/1267":"umu","69/6335":"umt","16/905":"umw","2/905":"umv","53/905":"umz","1/5959":"unb unh unk","1493/5959":"una","651/5959":"und","6/5959":"unc","5/5959":"une","2168/5959":"ung","102/5959":"unj","699/5959":"uni","4/5959":"unn uns","13/5959":"uno","20/5959":"unt","231/5959":"unu","2/5959":"unw","7/101":"unz","110/5959":"uny","12/953":"uoa","1/1906":"uoe uor","19/1906":"uog","6/953":"uoh uok uov vuj","57/1906":"uom","10/953":"uol","355/953":"uon","1/953":"uop uou vuh vui","3/1906":"uos","7/1906":"uot","2/953":"uoz vub","751/2119":"upa","12/2119":"upd","3/2119":"upc uph upr","239/2119":"upe","726/2119":"upi","8/2119":"upp","193/2119":"upo","168/1681":"doa","57/1681":"dod","3/1681":"doc","6/1681":"doe","135/2119":"upu","16/2119":"upw","268/1681":"dog","2/1681":"doj doy","21/2119":"upy","105/1681":"dol","120/1681":"dok","73/1681":"don","106/1681":"dom","1/1681":"dop","9/1681":"doo dou","20/1681":"dor dow","48/1681":"dot","14/1681":"dos","62/1681":"dov","823/19287":"maa","169/19287":"mac","272/19287":"mab","458/19287":"mae","547/19287":"mad","350/19287":"mag","253/19287":"maf","56/2143":"mai","51/2143":"mah","733/19287":"mak","767/19287":"maj","283/6429":"mam","676/19287":"mal","226/19287":"mao","105/2143":"man","377/19287":"map","1279/19287":"mas","254/6429":"mar","89/19287":"mau","995/19287":"mat","197/19287":"maw","70/19287":"mav","3/3055":"urb urn ury","29/6429":"may","7/19287":"max","1037/3055":"ura","3/47":"urd sch","1/611":"urc wid","115/6429":"maz","25/611":"ure","4/3055":"urg","817/3055":"uri","1665/3031":"mba","53/3055":"urk","416/3031":"mbe","2/3055":"urp","2/611":"uro","1/3055":"urr","103/1299":"mbi","1/9093":"mbl","11/3055":"urt","101/3055":"urs","132/611":"uru","181/1299":"mbo","20/9093":"mbr","36/433":"mbu","59/373":"usa","82/9093":"mbw","71/1865":"use","3/3730":"usd usk","1/3730":"usg usl usn","919/3730":"usi","544/1865":"ush","77/1865":"uso","19/196":"dra","11/3730":"usp","64/65":"mch","5/196":"drc dro","5/746":"uss","19/28":"dre","567/3730":"usu","59/1865":"ust","21/3730":"usw","15/98":"dri","1665/4744":"uta","1/4744":"utc","1/196":"dru","427/4744":"ute","47/4744":"uth","6/113":"mda","485/4744":"uti","9/113":"mde","18/113":"mdh","2/113":"mdg kot","719/2372":"uto","3/2372":"utr","1/113":"mdi","59/4744":"utt","1/44":"dsc dse dsj","493/4744":"utu","53/2372":"utw","71/113":"mdo","1/2372":"uty","4/113":"mdu","33/1852":"uua","3/1852":"uuc uuh","1/926":"uub uud uui uuj uur uuw uuv","1/1852":"uue","25/1852":"uug uum","7/926":"uuf","388/4735":"mea","5/1852":"uuk uuo","194/4735":"mec","73/4735":"meb","81/4735":"mee","21/926":"uul","248/4735":"med","38/4735":"meg","189/1852":"uun","133/4735":"mef","111/4735":"mei","7/1852":"uup","33/4735":"meh meu","3/926":"uus","97/947":"mek","23/947":"mej iof ios","276/4735":"mem","6/463":"uut","96/4735":"mel","97/4735":"meo","374/4735":"men","187/4735":"mep","381/4735":"mes","123/4735":"mer","89/1852":"uuz","232/4735":"met","201/4735":"mew","24/4735":"mev","11/947":"mey","2/4735":"mex","28/367":"uva","3/367":"uvc","77/4735":"mez","5/367":"uve","122/259":"mfa","56/367":"uvi","1/367":"uvm uvr","1/1111":"dub dut","5/259":"mfi","65/1111":"dua","15/1111":"dud rin","9/1111":"duc dui","3/1111":"duf dus duw","2/1111":"due","271/367":"uvu","76/1111":"dug","45/1111":"dul","58/1111":"duk","206/1111":"dun","132/259":"mfu","251/1111":"dum","8/1111":"dup","458/515":"uwa","12/1111":"dur","602/5665":"uwe","3/1133":"uwi","61/413":"mga","113/1111":"duz","17/413":"mge","6/5665":"uwo","1/413":"mgh","4/5665":"uwt","302/413":"mgo","30/413":"mgu","29/85":"mha","7/85":"mhe","9/170":"mhi","303/320":"dwa","3/80":"dwe","7/170":"mho","1/80":"dwi","79/170":"mhu","4/23":"uya whe","1/320":"dwo","86/481":"mia","1/222":"mib bue","11/962":"mie","3/962":"mid","55/5772":"mig","379/575":"uyo","35/2886":"mif","21/481":"mii","1/962":"mih","13/111":"mik","53/5772":"mij","35/1443":"mim","96/575":"uyu","136/1443":"mil","133/5772":"mio","163/1924":"min","20/1443":"mip","125/1443":"mis","29/1443":"mir","35/5772":"miu","61/1443":"mit","85/2886":"miw","7/2886":"miv","1/1443":"miy","418/2447":"uza","383/5772":"miz","48/2447":"uze","21/107":"mja","1654/2447":"uzi","41/321":"mje","114/2447":"uzo","6/23":"dya who sya","178/321":"mji","1/23":"dyd dyv dyu écl écu épl syr tbc tbu","154/2447":"uzu","2/321":"mjo","53/2447":"uzw","1/2447":"uzz","35/321":"mju","263/1851":"mka","63/617":"mke","34/1851":"mki","5/1851":"mkh","4/1851":"mkm","455/1851":"mko","1/1851":"mkr","293/617":"mku","19/1851":"mkw","106/153":"mla","14/153":"mle","28/153":"mli","5/153":"mlo","269/662":"mma","29/331":"mme","5/331":"mmi","145/331":"mmo","1/662":"mmp mmw","3/662":"mmu","29/662":"mmy","55/94":"mna","1/282":"mne mnh","1/94":"mni sck scs scr","22/141":"mno","7/141":"mnu plo","13/94":"mny","6/899":"moa","5/899":"moc","5/2697":"mob","8/2697":"mod","1/2697":"mog moo mop mov mox","2/2697":"moi","23/899":"moh","101/2697":"mok","386/899":"moj","2/899":"mom","10/2697":"mol","52/2697":"mon","27/899":"mos","64/2697":"mor","13/2697":"mou","52/899":"mot","19/899":"moy ask","43/210":"vaa","1/210":"vac vas vau bok","1/899":"moz","1/42":"vae","1/70":"vai hni hns bov","312/1117":"mpa","8/105":"val","11/210":"van","283/1117":"mpe","3/1117":"mph","111/1117":"mpi","1/1117":"mpl mpé","54/1117":"mpo","4/1117":"mpr mpw","5/1117":"mpt","168/1117":"mpu","169/1117":"mpy","33/2479":"eac","15/2479":"eab","4/2479":"ead eak","12/2479":"eag","1/2479":"eaf eai eao eav","34/2479":"eah","9/2479":"eaj","58/2479":"eam","3/2479":"eal eau","166/2479":"ean","5/2479":"eap","8/2479":"eas","6/2479":"ear","29/2479":"eat","100/357":"mra","5/17":"mre","124/287":"eba","113/357":"mri","44/287":"ebe","4/357":"mro","11/287":"ebo","19/287":"ebr","1/287":"ebt ebs","37/287":"ebu","233/1138":"msa","8/287":"ebw","39/1138":"mse","5/231":"eca","195/569":"msi","271/1138":"msh","1/569":"msk","37/462":"ece","51/569":"mso","2/231":"eci eck","47/1138":"msu","19/569":"mst","3/1138":"msw","1/165":"vea vec vei vez iuj iup brt bré","1/231":"ecu","19/462":"ect","2/165":"veh ywo iuf","18/59":"mta","4/165":"vel","6/55":"ven","18/55":"vem","103/1062":"mte","7/1062":"mth","1/689":"edb edm edy","38/165":"ver","22/689":"eda","44/531":"mti","5/689":"edd","4/55":"ves ywe","35/689":"ede","274/689":"edh","2/689":"edg eds edu","191/1062":"mto","177/689":"edi","1/531":"mtv","55/177":"mtu","4/689":"edo edr","5/354":"mtw","246/4535":"mua","14/689":"edw","1/907":"muc","1/4535":"mub","11/907":"mue","277/4535":"mud","8/4535":"mug","3/4535":"muf","1/220":"eea eed eeg eep","104/4535":"mui","249/4535":"muh","13/4535":"muk","148/4535":"muj","121/4535":"mum","30/907":"mul","64/4535":"muo","1/440":"eef eej eer eew eez ihy","159/4535":"mun","3/440":"eek","66/4535":"mus","16/4535":"mur","13/220":"eem","168/4535":"muu","73/4535":"mut","5/907":"muw","31/220":"een","4/4535":"muy","288/4535":"muz","1/110":"eet mve mvo mvw","5/22":"mvi rik","106/351":"efa","1/117":"eff","1/351":"efe efr","38/351":"efi","73/110":"mvu","2/351":"efo","64/117":"efu","2041/3317":"mwa","4/351":"efy","712/3317":"mwe","115/432":"ega","518/3317":"mwi","1/3317":"mwk","1/108":"egg egy oyi","43/3317":"mwo","23/432":"egi egr","1/432":"egh egw","2/3317":"mwu","42/3049":"vib","30/3049":"via","45/3049":"vid","35/3049":"vic","76/3049":"vif","5/48":"egu","40/3049":"vie","7/3049":"vih","67/3049":"vig vim","216/3049":"vij","1/3049":"vii","302/3049":"vil","120/3049":"vik","248/3049":"vin","135/3049":"vip","324/3049":"vio","50/3049":"vir","10/177":"eha","1/354":"ehd eht","494/3049":"vit","113/3049":"vis","16/3049":"viv","27/3049":"viu","145/177":"ehe","186/3049":"viw","143/3049":"viz","3/59":"ehi","2/177":"eho","7/177":"ehu","21/58":"mya","6/443":"eia eig","2/443":"eic eiu","23/443":"eib","1/443":"eie eij eiw eiy","8/443":"eid eio","46/443":"eif","12/443":"eik","19/443":"eim","14/443":"eil","97/443":"ein","7/443":"eip","11/443":"eis","10/443":"eir","20/443":"eit","3/443":"eiv eiz","109/343":"mza","6/49":"mze","239/686":"mzi","117/460":"eja","44/115":"eje","45/686":"mzo","77/230":"eji","89/686":"mzu","1/98":"mzw","3/115":"eju","834/2677":"eka","716/2677":"eke","204/2677":"eki","1/2677":"ekl","151/2677":"eko","20/2677":"ekn","7/2677":"eks","4/2677":"ekr","479/2677":"eku","4/43":"rée","121/2677":"ekt","137/2677":"ekw","2/43":"rég","19/43":"rép","1/3209":"elb elh elk elq ely","150/3209":"ela","6/3209":"eld elv elu","7/43":"rés","2/3209":"elc","14/3209":"elf","2154/3209":"ele","682/3209":"eli","33/3209":"ell","4/3209":"elm","3/3209":"elp els elw","16/3209":"elo","5/3209":"elt","2894/4477":"ema","12/4477":"emc emh","480/4477":"emb","383/4477":"eme","1/4477":"emd emj eml emv","2/4477":"emg emr emz","6/4477":"emf","65/4477":"emi","13/4477":"emk","41/4477":"emm","261/4477":"emo","3/4477":"emn","23/4477":"emp","24/4477":"ems","8/67":"vod","9/134":"voc","172/4477":"emu","26/4477":"emt","32/4477":"emw","1/134":"vog vom","5/4477":"emy","51/134":"voi","2/67":"vol","1/67":"von éna","12/67":"vor","18/709":"ena","7/67":"vot","2141/7799":"end","38/7799":"enc","1/7799":"enf enp","7/134":"vou","513/7799":"ene","1732/7799":"eng","41/7799":"enj","618/7799":"eni","49/7799":"enk","18/7799":"enn","5/7799":"enm","72/7799":"eno","10/7799":"enr","180/7799":"ent","16/7799":"ens","2/7799":"env","51/7799":"enu","464/7799":"enz","1537/7799":"eny","4/1193":"eoa eok eol","1/1193":"eob eos eot","5/1193":"eod","2/1193":"eog eof","8/1193":"eom","97/1193":"eon","13/1193":"eop eor","3/1361":"nab","249/25859":"naa","258/25859":"nad","362/25859":"nac","902/25859":"naf","6/43":"réé sée","186/25859":"nae","10/1361":"nah","29/25859":"nag","238/25859":"naj","201/25859":"nai","271/842":"epa","306/25859":"nal","408/25859":"nak","829/25859":"nan","567/25859":"nam","103/842":"epe","32/421":"eph","524/25859":"nap","840/25859":"nao","60/25859":"nar","47/842":"epi","1/842":"epl epp","605/25859":"nat","858/25859":"nas","207/25859":"nav","119/25859":"nau","114/421":"epo","623/25859":"naw","348/25859":"naz","818/25859":"nay","35/842":"ept","1/421":"eps","44/421":"epu","4/1561":"nca nco","1/1561":"ncd ncs","34/1561":"ncc","48/1561":"nce","1425/1561":"nch","5/2348":"erb erv","29/1561":"nci","52/587":"era","3/2348":"erd","3/1561":"ncl","2/1561":"nck","9/2348":"erc","1/1174":"erf erk erz","409/2348":"ere","3/1174":"erg erm","246/587":"eri","1/587":"erl erp","6/587":"ern","41/1174":"ero eru","15/1174":"err","10/1561":"ncy","13/587":"ert","67/2348":"ers","2439/7354":"nda","15/2348":"erw","23/1174":"ery","1331/7354":"nde","1/3677":"ndd ndé","237/2792":"esa","932/3677":"ndi","3/3677":"ndh","55/2792":"esc","3/7354":"ndj ndl ndy","3/1396":"esb","37/698":"ese","881/7354":"ndo","21/349":"esi","5/7354":"ndp","597/1396":"esh","1/2792":"esk","7/7354":"nds","13/7354":"ndr","5/2792":"esm","373/7354":"ndu","39/2792":"eso","301/7354":"ndw","7/2792":"esp","46/953":"vua","69/1396":"ess","17/2792":"esu","99/2792":"est","4/953":"vug vus","1/1396":"esy","35/2602":"nea nej","32/953":"vul","7/2602":"ned","16/953":"vuk","55/1301":"nec","1/1301":"nef neu","130/953":"vun","17/2602":"nee","67/953":"vum","3/1301":"neg","6/1805":"etb","85/953":"vur","211/1805":"eta","5/2602":"nel","148/953":"vut","1/1805":"etc etl","97/1301":"nek","15/953":"vuv","105/2602":"nen","13/2602":"nem","477/1805":"ete","1/2602":"nep","3/95":"eth rwh","331/2602":"neo","14/1301":"ner","3/953":"vuy","257/1805":"eti","29/2602":"net","70/1301":"nes","2/1805":"etn","27/2602":"nev","22/1301":"new","22/361":"eto","12/1805":"etr","42/1301":"nez","9/2602":"ney","1/361":"ett ets","464/1805":"etu","13/1805":"etw","34/301":"eua","6/301":"eub eus nse","1/301":"eue eui euv eux nsc nsf nss","3/301":"eug eum nsp","2/301":"euf euw nsk nsn","18/301":"euk","1/4":"nfr npi wfp gba gbo gbs xpr yma yvo yvy zhe rfi rfu éra rhy sfo sra kff kfr","62/301":"eul","17/301":"eun","10/301":"eup","15/301":"eur","5/301":"eut","1/10798":"ngb ngm","2375/10798":"nga","101/301":"euz","812/5399":"nge","1/5399":"ngh ngk","57/248":"eva","2593/10798":"ngi","63/10798":"ngl","27/248":"eve","1857/10798":"ngo","3/5399":"ngr","23/62":"evi","9/5399":"ngt","2/5399":"ngs","827/5399":"ngu","1/62":"evo ace","417/10798":"ngw","47/248":"evu","2/9":"nhc nho rme","5/62":"evy bwe","179/314":"ewa","1/1256":"ewb ewk ewj ewm","225/628":"ewe","9/1256":"ewi","1/628":"ewl ewo","115/303":"vya","29/1256":"ews","9/628":"ewu","97/2727":"vye","2/13577":"nib","1048/13577":"nia","27/13577":"nid","24/13577":"nic","69/13577":"nif niw","68/13577":"nie","8/13577":"nih","74/13577":"nig","57/101":"vyo","9/13577":"nij","1/27":"exa exx sli","86/13577":"nii","302/13577":"nil","453/13577":"nik","354/13577":"nin","101/13577":"nim","2/101":"vyu","99/13577":"nip","1/2727":"vyw","12/13577":"nio","5/13577":"nir niv","3/13577":"niq","91/13577":"nit","405/13577":"nis","11/13577":"niu","1/13577":"nix niy niè","8/27":"exp","10/13577":"niz","4/27":"ext","343/951":"nja","232/951":"nje","53/150":"eya","206/951":"nji","103/300":"eye","32/951":"njo","1/300":"eyi","4/317":"nju","23/150":"eyo","125/951":"njw","2/15":"nka tél éma émi","52/105":"nki","1909/3601":"eza","21/10798":"ngé","621/3601":"eze","2/35":"nko oho oib","2/105":"nkr nku","424/3601":"ezi","1/248":"evé obt","454/3601":"ezo","1/3601":"ezr ezz","16/3601":"ezu","165/3601":"ezw","3/14":"nld nli wns oen","12/17":"nme wtz","4/49":"nna","1/245":"nnc nnu","186/245":"nne","24/245":"nni","6/245":"nno","4/245":"nny","5/1666":"nob nom","2/833":"noa noc now","3/833":"nod noo","1/1666":"nof noh","3/1666":"nog nou","12/833":"nol","83/1666":"non","15/1666":"nor","19/1666":"not","1/833":"nos wav","19/833":"nov","410/44149":"waa","314/44149":"wac","225/44149":"wab","82/44149":"wae","227/44149":"wad","358/44149":"wag","363/44149":"waf","178/44149":"wai","71/6307":"wah","3700/44149":"wak","22/2597":"waj","1705/44149":"wam","309/6307":"wal","551/44149":"wao","4822/44149":"wan","725/44149":"wap","127/6307":"was","115/44149":"war","79/44149":"wau","2258/44149":"wat","320/44149":"waw","2/2597":"way","44/2597":"waz","3/4543":"fab fac faw","19/649":"faa","72/4543":"fad","54/4543":"faf","2/4543":"fae","134/4543":"fah","1/4543":"fag fax fay","5/4543":"faj","160/4543":"fai","4/649":"fal","5/413":"fak","2007/4543":"fan","5/7":"nqu xtr","23/649":"fam","4/4543":"fap","9/4543":"fao","130/4543":"far","8/4543":"fat","362/4543":"fas","201/4543":"fau","3/22":"nra nri ydo","7/22":"nro ydi","4/11":"nry zza bba sna sni","23/301":"nsa","11/301":"nsh nst","4/7":"nsi yri","13/301":"nso","4/301":"nsu","5/6144":"wea weh weu wey","1/3072":"web wef wei","1/1536":"wee","1/768":"wed","65/6144":"weg","21/466":"nta","23/384":"wek","3/2048":"wej","89/3072":"wem","36/233":"nte","105/2048":"wel","1/2048":"weo","1169/3072":"wen","149/466":"nti","4/233":"nth","103/3072":"wep","11/3072":"wes","3/512":"wer","433/6144":"wet","9/466":"nto","19/3072":"wew","29/466":"nts","37/466":"ntr","283/1536":"wez","15/466":"ntu","1/466":"nty","212/811":"nua","83/811":"nuf","19/811":"nue","1/811":"nuh nut","17/433":"feb","3/811":"nui","18/811":"nul","259/433":"fed","1/433":"fec feh fei","44/811":"nuk","193/811":"nun","3/433":"fee","3/4":"wfu wre ogo xce hbc zha","6/811":"num nuo","13/811":"nur","12/433":"fel fer","10/433":"fek","46/811":"nus","4/433":"fen","2/433":"fem","41/811":"nuz","106/433":"fes","5/12":"nvi","4/31":"ffa","2/93":"ffe","10/93":"ffi","1/93":"ffo ffr","5/93":"ffu","11/23":"whi","2/23":"why sys tbl","6/611":"wia","1/1833":"wic wif","2/1833":"wib","35/1833":"wig","134/1833":"wik","4/1833":"wij","92/1833":"wim","473/1833":"wil","242/1833":"win","292/1833":"wis","5/611":"wir","1/233":"nté","54/611":"wit","7/1833":"wiw wiv","122/1833":"wiz","1614/5065":"nya","362/1013":"nye","29/1306":"fia","981/5065":"nyi","15/653":"fid","16/653":"fic","4/653":"fif","5/1306":"fie fij fim","2/653":"fig","123/5065":"nyo","1/653":"fii fiq fiv","53/1306":"fil","1/5065":"nys","621/1306":"fik","21/1306":"fin","366/5065":"nyu","156/5065":"nyw","31/653":"fir","103/1306":"fit","271/1306":"fis","846/1597":"nza","3/1306":"fiw","69/3194":"nze","1135/3194":"nzi","1/3194":"nzh","205/3194":"nzo","42/1597":"nzu","7/3194":"nzw","1/43":"séc sém","32/43":"sén","32/55":"fla","16/55":"flo","34/37":"bén","1/1306":"fié","1/368":"woa woh wou","2/37":"bér hti","1/92":"wod","13/368":"wog","3/368":"wok woo","5/46":"won","1/184":"wos woy","7/368":"wor","219/368":"wot","31/368":"wow","2/181":"foi fok","10/181":"fol","1/181":"fon fot","51/181":"fom","4/181":"foo fou","28/181":"for","8/723":"oac","25/1446":"oad","5/1446":"oag","1/723":"oai oap","5/723":"oah","47/1446":"oaj","19/723":"oam","1/241":"oal","245/1446":"oan","37/1446":"oas","11/1446":"oat kaa","7/1446":"oaz","67/124":"oba","1/124":"obc obl obw","21/124":"obe","9/124":"obi","13/124":"obo","5/248":"obu","6/337":"oca","11/337":"occ","14/337":"oce ocr","5/337":"ocd","13/245":"fra","9/337":"oci","252/337":"och","7/337":"ock","23/245":"fre","3/337":"oco","142/245":"fri","12/337":"oct","67/245":"fro","27/194":"oda","11/388":"odf","17/388":"ode","69/388":"odh","1/194":"odg","127/388":"odi","65/388":"odo","88/89":"fsi","5/194":"odu","3/388":"odw ody","3/140":"oeb","3/280":"oed","37/280":"oef","25/31":"fta","2/31":"fti","1/280":"oep oev","1/56":"oes yla yli","1/31":"fto fts","19/70":"oez","449/1077":"ofa","5/1077":"off ofl","101/1077":"ofe","98/359":"ofi","138/1421":"fua","4/1421":"fuf","31/1421":"fug","1/1077":"ofr oft ofy","1/203":"fuj","1/1421":"fui fus","66/1421":"ful","47/1421":"fuk","799/2842":"fun","163/2842":"fum","56/359":"ofu","39/1421":"fup","1/2842":"fuo fuv fuw","173/2842":"fur","187/2842":"fut","15/1421":"fuu","12/151":"oga","8/1421":"fuz","1/302":"ogb rsf rsu","31/604":"oge","1/604":"ogd ogy","1/151":"ogi rsd rso jus","2/151":"ogh rsi","35/604":"ogr","15/604":"ogu","3/302":"ogw jut","57/175":"oha","1/350":"ohd ohh","7/50":"ohi","4/25":"ohn","4/5":"fwe","99/350":"ohu","4/315":"oia oij oim","1/63":"oic oiw bom","2/315":"oid oii bou","16/315":"oif","8/315":"oik","1/315":"oil","1/105":"oio oiu","4/21":"oin","11/315":"oip","52/315":"ois","6/35":"oir","213/266":"oja","5/266":"oje","142/145":"fya","83/532":"oji","5/798":"ojo","3/145":"fyi","1/57":"oju adu tcp tcu","1/1596":"ojw","1315/3037":"oka","628/3037":"oke","79/3037":"oki okr","264/3037":"oko","5/3037":"oks piw","552/3037":"oku","61/3037":"okt","51/3037":"okw","1/3037":"oky pii","119/978":"ola","3/326":"old","5/978":"olf","73/163":"ole","1/978":"olj olk olw","45/163":"oli","2/163":"oll","101/978":"olo","1/489":"olv","1/326":"olu","2/489":"oly","260/1381":"oma","3/1381":"omc omk","1091/2762":"omb","88/1381":"ome","1/2762":"omd omj omy","12/1381":"omf","26/1381":"omi","1/1381":"omh oml omn omr","123/2762":"omm","101/1381":"omo","69/2762":"omp","17/2762":"oms","43/1381":"omu","15/2762":"omt","49/2762":"omw","9/1381":"omv","5/2762":"omz","461/4590":"ona","83/918":"ond","7/4590":"onc","1/4590":"onf onk onv onw oné","167/2295":"one","1639/4590":"ong","56/2295":"onj","839/4590":"oni","8/2295":"onn","26/765":"ono","1/90":"ont","7/918":"ons","1/306":"onu","2/765":"onz","127/2295":"ony","1/128":"ooa ooo iio iip","3/128":"ood oor","1/256":"oog","5/128":"oof oom oos","3/256":"ook ooz","13/256":"ool","53/128":"oon","5/256":"oop","11/256":"oot","175/844":"opa","26/211":"ope","17/844":"oph","247/844":"opi","1/211":"opl","3/844":"opm opr","5/844":"opp opt","253/844":"opo","1/844":"ops opv opw opy opé","2/211":"opu","9/1298":"gaa","1/3894":"gac gav","29/3894":"gab","1/649":"gae gah bij","6/1381":"omé","5/3894":"gad gau","2/1947":"gaf","23/3894":"gai","49/3894":"gak","73/3894":"gaj","79/1298":"gam","251/3894":"gal","7/3894":"gao","625/3894":"gan","5/1947":"gap","14/1947":"gas","175/3894":"gar","24/649":"gat","35/649":"gaw","1/1298":"gay","137/547":"ora","12/547":"ord","5/1094":"orc orr","397/3894":"gaz","67/547":"ore","8/547":"org","145/1094":"ori","7/1094":"orl","2/547":"ork","3/547":"orn","9/1094":"orm","3/1094":"orp ors","170/547":"oro","23/1094":"ort","25/1094":"oru","6/547":"orw","15/547":"ory","259/1212":"osa","1/404":"osc osw","27/202":"ose","34/303":"osi","157/606":"osh","5/1212":"osm","1/1212":"osl","71/1212":"oso","1/606":"osq riz","8/101":"osp","5/606":"oss gid","9/404":"osu","43/606":"ost","11/1212":"osy","2/2507":"otb otl","279/2507":"ota","957/2507":"ote","77/2507":"oth","1/2507":"otg","98/2507":"oti","941/2507":"oto","6/2507":"otr otw","5/2507":"ott","13/2507":"ots","108/2507":"otu","12/395":"oua","1/395":"ouc ouj ouo ouw","3/395":"oub ouk","6/395":"oue","8/79":"oud","22/395":"oug","1/79":"ouf ouv ppy","4/395":"oui","56/2455":"gea","2/395":"ouh","4/2455":"gec","1/2455":"geb ged geg gex","7/395":"oum","2/491":"gee","52/395":"oul","64/395":"oun","4/491":"gef","14/2455":"gei","2/2455":"geh gev","39/395":"oup","29/395":"ous","64/2455":"gek","31/395":"our","8/2455":"gej","129/2455":"gem","46/395":"out","52/2455":"gel","18/2455":"geo","312/2455":"gen","34/2455":"gep","46/2455":"ges","2/79":"ouz ppa ppe","201/2455":"ger","92/2455":"geu","43/2455":"get","39/2455":"gew","3/2455":"gey","25/236":"ova","447/2455":"gez","12/59":"ove","5/118":"ovi","1/547":"oré","1/236":"ovs","133/236":"ovu","19/236":"ovy","114/227":"owa","78/227":"owe","1/454":"owd ows zuo zuz","4/227":"owi zua","2/303":"osé","16/227":"owo","13/454":"own","89/138":"gha","2/115":"ghe","7/690":"ghi","1/690":"ghl","17/690":"ght","98/345":"ghu","19/108":"oya","7/216":"oye","1/54":"oyd oys","1/216":"oyf oyu","59/505":"gia","1/1515":"gib giq","1/101":"gie rit","77/108":"oyo","2/1515":"gii","1/202":"gik","3/1010":"gim","109/3030":"gil","11/3030":"gio","319/1010":"gin","2/505":"gis","137/3030":"gir","7/606":"git","61/3030":"giw","125/946":"oza","32/505":"giz","2/473":"oze","703/946":"ozi","39/946":"ozo","19/473":"ozu","37/946":"ozw","8/73":"gla","4/15":"tés gni hla iki","2/73":"gle gly","54/73":"gli","7/73":"glo","5/8":"xpo ymk éri","1/3370":"goc gok gov","7/3370":"gob","13/1685":"god","37/1685":"gog","11/1685":"gof","11/3370":"goi","3/3370":"goh","8/1685":"goj","62/337":"gom","51/3370":"gol","1/1685":"goo","162/1685":"gon","7/674":"gop","37/3370":"gos","59/1685":"gor","2/1685":"gou","4/1685":"got","1/674":"gow","2/3995":"pab pao","1/337":"goy","1/85":"paa","13/3995":"pad","21/3995":"pac","347/1685":"goz","1/3995":"pae","12/3995":"pag","3/235":"paj","3/3995":"pai pav","142/3995":"pal","131/3995":"pak","687/3995":"pan","551/3995":"pam","32/3995":"pap","162/3995":"par","1118/3995":"pat","292/3995":"pas","49/3995":"pau","1/799":"paw","1/235":"paz","41/3995":"pay","57/125":"gra","23/125":"gre","11/125":"gri","33/125":"gro","1/125":"gru","11/13":"pdp","8/773":"pea","1/773":"ped","5/1546":"pec","59/773":"pel","117/1546":"pek","709/1546":"pen","141/1546":"pem","43/1546":"pep","7/1546":"peo","45/1546":"per","17/773":"pet","57/1546":"pes","2/773":"pev","1/1546":"peu pex","17/18":"gto","67/773":"pew","3/1546":"pey","163/1613":"gua","1/3226":"guc guw gué","7/3226":"gub","15/1613":"gue","9/3226":"gud","2/1613":"gug","24/1613":"guf","41/1613":"gui","71/3226":"guk","13/1613":"guj","235/1613":"gum","205/3226":"gul","20/1613":"guo","33/1613":"gun","91/3226":"gus","18/1613":"gur","17/3226":"guu","1/1613":"gut","123/3226":"guv","813/3226":"guz","13/146":"pha","9/73":"phe","1/73":"phd","17/73":"phi","390/521":"gwa","123/521":"gwe","21/146":"pho","1/146":"phn","8/521":"gwi","3/146":"phy","620/3037":"pia","57/3037":"pic","14/3037":"pie","559/3037":"pig","163/3037":"pil","110/3037":"pik","540/3037":"pin","76/3037":"pim","4/3037":"pip","2/3037":"pio piy","35/3037":"pir","579/3037":"pit","89/3037":"pis","6/3037":"piu","3/3037":"piz","5/16":"gym","3/8":"gyp","1/16":"gyz huu rla","11/141":"pla","119/141":"ple","3/2897":"pob pod","36/2897":"poa","21/2897":"poc","76/2897":"pof","5/2897":"poe","17/2897":"poh","8/2897":"pog","16/2897":"poj","61/2897":"poi","184/2897":"pol","287/2897":"pok","103/2897":"pon","52/2897":"pom","44/2897":"pop","31/2897":"poo","97/2897":"por","230/2897":"pot","71/2897":"pos","4/2897":"pov","48/2897":"pou","31/8232":"yaa","24/2897":"pow","1/1176":"yac","20/2897":"poz","2/2897":"poy","47/8232":"yab","11/16464":"yae yay","3/5488":"yad","5/5488":"yag","1/343":"yaf","13/16464":"yai yaz","3/2744":"yah","563/8232":"yak","3/1372":"yaj","4/147":"yam","179/8232":"yal","235/8232":"yao","267/5488":"yan","3/79":"ppi ppt","37/8232":"yap","55/8232":"yas","29/2744":"yar","1/2352":"yau","123/158":"ppm","1/158":"ppl","31/2352":"yat","5/158":"ppo","1/784":"yaw","5/8232":"yav","3/158":"ppr","515/18969":"hab","254/18969":"haa","877/18969":"had","37/6323":"hac","127/18969":"haf","19/18969":"hae","158/18969":"hah","845/18969":"hag","110/6323":"haj","121/6323":"hai","818/18969":"hal","1441/18969":"hak","1091/18969":"han","1264/18969":"ham","463/18969":"hap","455/18969":"hao","1141/18969":"har","1/18969":"haq","1327/18969":"hat","308/18969":"has","14/6323":"hav","116/6323":"hau","2/87":"pra pré","175/6323":"haw","94/18969":"haz","632/18969":"hay","20/261":"pre pyu","52/261":"pri","1/261":"pru prè prí pye pyr","3/11":"yde","12/3601":"yea yec yeb yev","2/3601":"yee","6/3601":"yed","4/3601":"yeg","24/3601":"yef","14/3601":"yei yeo","8/3601":"yeh","227/3601":"yek","70/3601":"yej","132/3601":"yem","49/72":"pte","21/3601":"yel","11/277":"yen","61/3601":"yep","251/3601":"yes","76/3601":"yer","11/3601":"yeu","191/3601":"yet","184/3601":"yew","142/3601":"yey","29/3601":"yez","21/643":"pub","9/643":"pua","4/643":"pug","27/2396":"heb hew","2/643":"pui pup put","33/2396":"hea","8/643":"pul","7/1198":"hed","3/2396":"hec","77/643":"puk","1/1198":"hef hep","307/643":"pun","125/643":"pum","23/2396":"heh","1/643":"puo puy","10/643":"pur","22/599":"hei","95/2396":"hel","20/643":"pus","18/599":"hek","35/599":"hen","24/643":"puu","205/2396":"hem","6/599":"heo het","525/2396":"her","42/599":"hes","1/2396":"hev","509/2396":"hez","9/10":"hfa","82/87":"pwa","5/87":"pwe","54/1001":"yia","1/91":"yie","4/1001":"yif","1/1001":"yii yiz","332/1001":"yik","71/1001":"yim","412/1001":"yin","2/1001":"yis","19/1001":"yir","38/1001":"yiw","26/29":"pya","157/12037":"hib","194/12037":"hia","329/12037":"hid","289/12037":"hic","2/261":"pyn","76/12037":"hif","21/12037":"hie","90/12037":"hih","6/12037":"hig","11/12037":"hij","384/12037":"hii","1186/12037":"hil","219/12037":"hik","1415/12037":"hin","501/12037":"him","26/12037":"hip","43/12037":"hio","827/12037":"hir","349/12037":"hit","387/12037":"his","891/12037":"hiv","74/12037":"hiw","430/12037":"hiz","1311/12037":"hiy","1/28":"yll","5/28":"ylv","3/5":"hle ypt sda","8/21":"yne","10/21":"yno","25/68":"hma","13/68":"hme","23/68":"hmi","13/24":"dém","74/6149":"yoa","5/68":"hmo","15/6149":"yob you","38/6149":"yoe","16/6149":"yod","6/6149":"yog","12/559":"yof","6/473":"yoi","53/6149":"yoh","206/6149":"yok","62/6149":"yoj","189/6149":"yom","37/6149":"yol","90/6149":"yon","249/6149":"yop","136/6149":"yos","18/6149":"yor","478/6149":"yot","118/6149":"yow","14/6149":"yov","111/6149":"yoy","3/473":"yoz","13/2195":"hob","11/2195":"hoa hov","31/2195":"hod","73/2195":"hoc","78/2195":"hof","14/2195":"hoe hoi","3/439":"hoh","3/2195":"hog","179/2195":"hoj","5/439":"hol","83/2195":"hok","104/2195":"hon","112/2195":"hom","27/2195":"hop","49/2195":"hoo","52/2195":"hor","167/2195":"hot","154/2195":"hos","18/2195":"hou","6/439":"how","24/2195":"hoz","6/2195":"hoy","5/57":"ysi","2/57":"ysh","7/57":"yso","11/38":"hrc","4/57":"yst","21/38":"hri","3/722":"yua yui","39/722":"yuk yuo","182/361":"yum","67/722":"yul","17/722":"yun","47/74":"hta","33/722":"yup","12/361":"yus","1/722":"yur yuw","1/37":"hte hto rdc rds","10/361":"yut","2/361":"yuz","7/74":"htu","7/706":"hub","129/5648":"hua","43/706":"hud","3/1412":"huc","29/5648":"huf","31/5648":"hue","71/5648":"huh","201/5648":"hug","57/5648":"huj","19/2824":"hui","121/1412":"hul","46/353":"huk","13/706":"hun","25/353":"hum","41/5648":"hup","151/165":"ywa","49/353":"huo","131/2824":"hur","6/353":"hut","397/2824":"hus","3/5648":"huv","107/5648":"huw","17/5648":"huz","115/1412":"huy","631/674":"hwa","17/337":"hwe","9/674":"hwi","5/24":"hya","19/9364":"zab zah","8/2341":"zaa","1/9364":"zae zau","15/9364":"zag","97/2341":"zaj","243/4682":"zai","105/4682":"zal","289/9364":"zak","290/2341":"zan","60/2341":"zam","367/9364":"zao","113/9364":"zar","5/9364":"zat","3/9364":"zav","12/2341":"zaw","97/4682":"zaz","1/4682":"zay","41/9282":"iac","10/4641":"iab","15/3094":"iad ial","1/663":"iag","1/546":"iaf","1/1547":"iai","22/4641":"iah","8/273":"iak","41/4641":"iaj","75/3094":"iam","1/3094":"iao","137/1326":"ian","1/714":"iap","355/4641":"ias","23/4641":"iar","9/3094":"iat","1/4641":"iay","1/9282":"iaz","1/2504":"ibb ibn","871/2504":"iba","33/2504":"ibe","48/313":"ibi","3/626":"ibl igg","47/2504":"ibo","11/626":"ibr","1051/2504":"ibu","27/2504":"ibw","5/2504":"iby","39/761":"ica","1/1522":"icb icy","12/761":"ice","13/761":"ici","1153/1522":"ich","23/1522":"ick","123/1522":"icl","9/1522":"ico","109/1149":"zea","1/1149":"zed","29/1522":"ics","20/1149":"zec","9/761":"ict","98/1149":"zee","1/383":"zeg","4/1149":"zei","2/1149":"zel","71/383":"zek","25/383":"zen","47/1149":"zem","10/1149":"zer","98/495":"ida","4/825":"idd","161/1149":"zet","50/383":"zes","1/2475":"idf idg idl idz","8/495":"ide","86/495":"idh","8/1149":"zew","1259/2475":"idi","38/825":"ido","8/2475":"idr","2/2475":"ids idy","17/2475":"idu","19/66":"qua","27/44":"que","2/33":"qui","1/794":"iec iej","7/794":"ied","3/794":"ieg","1/397":"iem afc","183/794":"iel","81/397":"ien","6/397":"iep","13/794":"ies","39/794":"ier","5/794":"iet","4/397":"iew","5/397":"iev","35/794":"iez","1309/2174":"ifa","5/2174":"iff","23/2174":"ife","56/1087":"ifi","1/2174":"ifm ify","1/1252":"ibé igr igé","81/2174":"ifo","1/1087":"ifr","294/1087":"ifu","469/1252":"iga","161/1252":"ige","217/1252":"igi","7/313":"igh","21/23":"éch","42/313":"igo","3/1252":"ign","278/8593":"zib","1/626":"igp","323/8593":"zia","86/8593":"zid","16/8593":"zic","38/8593":"zif","81/1252":"igu","22/8593":"zie","1/661":"zih","79/1252":"igw","51/8593":"zig","24/8593":"zij","7/8593":"zii","404/8593":"zil","365/8593":"zik","842/8593":"zin","536/8593":"zim","67/8593":"zip","28/8593":"zio","270/8593":"zir","151/440":"iha","248/8593":"zit","212/8593":"zis","2/8593":"ziu","21/440":"ihe","60/8593":"ziw","47/8593":"ziz","153/440":"ihi","31/440":"iho","83/440":"ihu","7/384":"iia iim","1/288":"iic iif iiw","31/1152":"iib","1/1152":"iie iii iih iir","1/66":"qué bde","1/384":"iid iiv","7/1152":"iig iil","1/144":"iik","1/576":"iij","43/576":"iin","7/192":"iis","13/288":"iit","459/1426":"ija","26/713":"ije","1/713":"ijj","815/1426":"iji","3/713":"ijo","91/1426":"iju","1/1426":"ijw","6128/12435":"ika","33/38":"éga","51/4145":"ike","11/12435":"ikh","228/4145":"iko","1/12435":"ikn iks","12/4145":"ikr","1652/12435":"iku","148/4145":"ikw","2/1369":"ilb","1361/9583":"ila","6/9583":"ild","1/9583":"ilf ilk ilv","514/9583":"ile","2/9583":"ilh","6596/9583":"ili","106/9583":"ill","108/1369":"ilo","4/9583":"ilt","10/9583":"ils ilu","8/9583":"ilw","1/1369":"ily","689/3113":"ima","7/6226":"imc","93/566":"imb","501/3113":"ime","1/6226":"imd img imv","27/6226":"imf imk","349/3113":"imi","1/3113":"imh","5/3113":"imj","3/6226":"imm imz","7/3113":"iml","271/6226":"imo","4/3113":"imn","8/2701":"zob","25/2701":"zoa","24/3113":"imp","3/2701":"zod","57/6226":"ims","1/566":"imr","24/2701":"zoc","34/2701":"zof","635/3113":"imu","2/283":"imt aig","167/2701":"zoe","31/2701":"zoh zom","197/6226":"imw","6/2701":"zog zor","12/2701":"zoj","8/3113":"imy","9/2701":"zoi zou","11/2701":"zol zoo","49/2701":"zok zoz","41/2701":"zon","89/2701":"zop","1/12027":"inb inw","3038/12027":"ina","1327/12027":"ind","257/2701":"zot","9/4009":"inc","33/2701":"zos","2/2701":"zov","5/12027":"inf inq","1042/12027":"ine","2/12027":"inh","38/2701":"zow","2411/12027":"ing","8/4009":"inj","2957/12027":"ini","4/12027":"inl ink","1/633":"inn","23/12027":"inm","77/12027":"ino","36/4009":"int","42/4009":"ins","8/12027":"inv","7/633":"inu","197/12027":"inz","3/211":"iny","7/947":"ioa","16/2841":"ioc iob ioo","2/2841":"ioe","10/2841":"iod ioz","19/2841":"iog","20/2841":"ioi","23/2841":"ioh","155/2841":"iok","52/2841":"ioj","76/2841":"iom","5/947":"iol","399/947":"ion","47/947":"iop","5/2841":"ior iov","26/2841":"iou","20/947":"iot","32/2841":"iow","137/5820":"rab","1/1455":"raa","77/2910":"rad","7/1455":"rac rag","151/5820":"raf","3/1940":"rae rap raw","10/291":"rah","64/1455":"raj","734/2453":"ipa","121/1164":"rai","7/1164":"ral","39/970":"rak","7/194":"ran","151/2453":"ipe","113/2910":"ram","1/2453":"iph ipt","1/2910":"rao","1/1940":"rar","1/5820":"raq","394/2453":"ipi","119/2453":"ipl","77/1164":"rat","16/291":"ras","11/2910":"rav","19/5820":"rau ray","128/2453":"ipp","688/2453":"ipo","2/2453":"ipr ips ipz","17/970":"raz","138/2453":"ipu","42/2453":"ipw","34/2453":"ipy","9/4904":"aaa","13/1226":"aac","29/4904":"aab","1/4904":"aae aak aav","1201/4904":"aad","17/4904":"aag","21/1226":"aaf","3/2452":"aai","11/15":"émo","3/1226":"aah","19/2452":"aaj","70/71":"iqu","609/4904":"aam","265/4904":"aal","193/1226":"aan","1/1226":"aap aay aaz","19/613":"aas","275/4904":"aar","10/51":"rce","13/2452":"aat","1/2452":"aaw","457/2531":"ira","2/2531":"ird irg irw","127/2531":"ire","1/2531":"irh irm irp irt irz","4/51":"rco","3/4084":"abb","1738/2531":"iri","434/1021":"aba","3/2531":"irl irk","33/2042":"abd","15/4084":"abc","55/4084":"abe","71/12027":"iné","1/2042":"abh abs","33/67":"éni éné","53/2531":"iro","4/2531":"irr","427/2042":"abi","52/1021":"abl","1/4084":"abn abè","98/2531":"iru","200/407":"rda","119/4084":"abo","9/4084":"abr","6/407":"rdb rde","237/1021":"abu","25/407":"rdi","693/9340":"isa","12/1021":"abw","75/407":"rdh","3/9340":"isc","1/1021":"aby","729/4670":"ise","2/407":"rdo","9/1550":"aca acr","251/1868":"isi","2233/4670":"ish","1/934":"isk","19/1550":"acc","1/407":"rdu rdw agg","9/4670":"ism","3/2335":"isl","5/467":"iso","1/9340":"isn isv isy","1/1550":"aci acs acé","3/908":"zub","37/9340":"isp","686/775":"ach","107/9340":"iss","7/2335":"isr","19/2335":"isu","32/2335":"ist","14/775":"aco","193/9340":"isw","1/908":"zug zut zuv","3/1550":"acq acu","2/1775":"reb rec","23/1775":"rea ree","61/908":"zui","15/908":"zul","61/1775":"red","15/454":"zuk","18/355":"ref","187/454":"zun","4/775":"act","27/908":"zum","6/71":"reh","62/1775":"reg","1/5401":"itb itz","1/775":"acy","123/1775":"rej","87/227":"zur","3/1775":"rei","2281/5401":"ita","2/355":"rel","2/5401":"itc","2/227":"zus","162/1775":"rek","57/1775":"ren","116/1775":"rem","30/491":"ite","12/1775":"rep","200/5401":"ith","3/23":"épe","3/71":"rer","1149/5401":"iti","1697/5073":"ada","14/1775":"ret","112/5073":"add","4/1691":"adc","13/71":"res","3/5401":"itn","42/1775":"rev","6/1775":"reu","310/5073":"ade","317/1691":"adh","13/1775":"rew","557/5401":"ito","52/5401":"itr","77/1775":"rez","17/1775":"rey","1499/5073":"adi","1/5073":"adl adv","45/5401":"itt","6/5401":"its","7/5401":"itv ité","2/5073":"adm","619/5401":"itu","19/23":"épu","79/5401":"itw","93/1691":"ado","13/1691":"adr","20/5401":"ity","7/5073":"ads","52/495":"iuc","3/1691":"ady","1/495":"iue iuh iuo iur iuw iuv","2/495":"iud","4/495":"iug","1/941":"aec aed aeg aei aek aem aet","43/495":"iul","172/495":"iun","219/233":"zwa","37/495":"ius","13/495":"iut","235/941":"ael","25/466":"zwe","640/941":"aen","3/466":"zwi","12/941":"aep","3/941":"aes","7/99":"iuz rog","31/1568":"iva","15/1568":"ive","1/1568":"ivj","237/1568":"ivi","1163/3176":"afa","1/3176":"afd afe afo","2/397":"aff","1/1588":"afg afp","9/196":"ivo","60/397":"afi","27/3176":"afl","79/784":"ivu","285/3176":"afr","1051/1568":"ivy","13/1588":"aft","89/1588":"afs","843/3176":"afu","1067/1268":"iwa","3/3176":"afw","67/1588":"afy","44/317":"iwe","11/634":"iwi","254/2035":"aga","2/2035":"agb agd agr","41/407":"age","1/3804":"iwl iwn","7/3804":"iwo","12/185":"agi","57/2035":"agh","1/2035":"agl ags agé","70/407":"ago","8/2035":"agn","361/6666":"rib","371/3333":"ria","131/6666":"rid","91/6666":"ric","109/3333":"rif","27/55":"agu","13/3333":"rie","1/6666":"rih riö","1/185":"agw","4/3333":"rig","8/3333":"rij","2/3333":"rii","5/1111":"ril","23/3333":"rim","31/3333":"rip","7/3333":"rio","53/6666":"rir","14/3333":"riq","513/1261":"aha","307/6666":"ris","5/6666":"riv","47/2522":"ahe","3/202":"riw","1/3333":"riy","562/1261":"ahi","1/2522":"ahl","23/2522":"ahm","2/11":"zzi bbl","73/2522":"aho","3/2522":"ahs","67/1261":"ahu","13/391":"iya","9/2522":"ahy","382/2737":"iye","1/2737":"iyd iyi iyp","59/4528":"aia","5/4528":"aic aii","107/4528":"aib","1/4528":"aie aiy","66/283":"aid","2250/2737":"iyo","153/1132":"aif","9/4528":"aih","123/4528":"aik","3/283":"aij","7/566":"aim","11/2737":"iyu","181/4528":"ail","7/2264":"aio","35/283":"ain","1/82":"rka","25/4528":"aip","245/1132":"ais","13/1132":"air","1/2264":"aiu","3/82":"rke","7/283":"ait","89/4528":"aiw","1/1132":"aiv","25/41":"rki","404/1539":"iza","7/4528":"aiz","13/513":"ize","1/3078":"izh","1/41":"rko rnm rno","245/1026":"izi","505/4132":"aja","4/41":"rks","227/4132":"aje","53/162":"izo","1/4132":"ajj","1527/2066":"aji","56/513":"izu","21/4132":"ajo","17/513":"izw","1/48":"rlb rls","11/24":"rle","7/48":"rld","285/4132":"aju","9/1033":"ajw","2427/6371":"aka","46/277":"ake","1/12742":"akf","1737/6371":"aki","5/12742":"akh","1/6371":"akl","202/6371":"ako","13/18":"rma","7/6371":"aks","21/6371":"akr","1/107":"néf nés","71/554":"aku","18/6371":"akt","71/107":"née","73/6371":"akw","33/107":"nég","5/6371":"aky","11/4363":"alb","1886/13089":"ala","6/4363":"ald","1/13089":"alc alv alz","14/13089":"alf","587/13089":"ale","8/13089":"alh","2/4363":"alg als","9653/13089":"ali","88/13089":"all","4/13089":"alk","1/1261":"ahé","45/4363":"alm","12/41":"rna","1/4363":"alp alr alt aly","311/13089":"alo","15/41":"rne","202/13089":"alu","2/41":"rni","477/1795":"ama","17/14360":"amc","523/1795":"amb","277/2872":"ame","3/14360":"amd amg","3/1436":"amf","791/7180":"ami","17/3590":"amh","173/14360":"amk","13/14360":"amj","1/359":"amm","31/7180":"aml amt","721/14360":"amo","11/1436":"amn","32/1089":"rob","8/363":"roa","21/718":"amp","61/1089":"rod","93/14360":"ams","5/363":"roc","17/7180":"amr","973/14360":"amu","4/33":"rof bdi","7/1089":"roe rol rov","151/14360":"amw","1/2872":"amv","8/1089":"roj","19/1089":"rok","19/14360":"amz","4/121":"ron","163/1089":"rom","1/121":"rop","5/1089":"roo","1/12046":"anb anq anç","4/1089":"ror","8253/24092":"ana","40/1089":"rot","414/6023":"and","16/1089":"ros","595/24092":"anc","1/1539":"izé","70/1089":"rou","267/24092":"ane","1/24092":"anh anm ané","1/363":"row","2443/24092":"ang","259/24092":"anj","2/1089":"roy","4435/24092":"ani","1/6023":"anl","29/24092":"ank","93/24092":"ann","297/6023":"ano","9/24092":"anr","43/12046":"ant","103/24092":"ans","315/24092":"anu","7/24092":"anw","985/12046":"anz","1871/24092":"any","25/3749":"aoa aog","8/3749":"aoc","9/3749":"aob aod aov","17/3749":"aoe","78/3749":"aof","41/3749":"aoi","26/3749":"aoh","45/3749":"aok","28/3749":"aoj","105/3749":"aom","24/3749":"aol","12/3749":"aoo","557/3749":"aon","50/3749":"aop aos","2/3749":"aor aoû","16/3749":"aou","116/3749":"aot","53/3749":"aow","29/2231":"jab","32/2231":"jaa","63/2231":"jad","21/3749":"aoz","9/2231":"jac","25/4462":"jaf","2/2231":"jae jav","11/4462":"jah","3/4462":"jag","56/2231":"jaj","9/4462":"jai jau","808/2941":"apa","58/2231":"jal","48/2231":"jak","831/4462":"jan","294/2941":"ape","14/97":"jam","59/4462":"jap","16/2941":"aph","24/2231":"jao","125/4462":"jar","526/2941":"api","1/2941":"apl","27/4462":"jat","55/4462":"jas","19/52":"rra","14/2941":"app","65/4462":"jaw","1129/2941":"apo","22/2941":"apr","47/4462":"jaz","34/2231":"jay","5/52":"rre rro","9/2941":"apt","3/2941":"aps","69/2941":"apu","1/52":"rrh khi khu","5/2941":"apw","31/2941":"apy","3/13":"rry","1/7180":"amé","93/302":"rsa","9/302":"rse","11/302":"rsh","1/3412":"arb arf arm","320/853":"ara","3/151":"rst","141/6824":"ard","7/3412":"arc","331/6824":"are","7/6824":"arg","2185/6824":"ari","7/1706":"arl","5/1706":"ark","1/853":"arn","1/1706":"arp","27/305":"rta","47/3412":"aro","3/305":"rtc rtn","3/1706":"arr","16/305":"rte","26/853":"art","1/61":"rtd rts joa jot","63/3412":"ars","5/6824":"arv arw","401/6824":"aru","181/305":"rti","4/305":"rth","23/6824":"ary","11/305":"rto","757/3596":"asa","9/7192":"asc asp","1/305":"rtr","547/7192":"ase","3/7192":"asf asn","6/305":"rty","280/899":"asi","357/1798":"ash","35/3596":"asm","3/232":"asl","161/3596":"aso","23/1611":"rub","95/1611":"rua","83/7192":"ass","56/537":"rud","1/7192":"asr","215/7192":"asu","110/1611":"ruf","115/7192":"ast","55/1798":"asw","35/537":"ruh","178/1611":"rug","20/1611":"ruj","2/1611":"rui ruw","66/1169":"jea","1/1611":"rul ruu","1/1169":"jed jei jep jez","5/1169":"jec","52/1611":"ruk","136/1611":"run","4/1169":"jee","67/1611":"rum","7/1611":"rup","2/1169":"jeh jej jev jew","1/13712":"atb atz aty","10/1611":"rur","1027/3428":"ata","4/537":"rut","25/1169":"jel","3/13712":"atc","95/537":"rus","35/1611":"ruv","359/1169":"jen","51/1169":"jem jet","221/6856":"ate","185/13712":"ath","20/1169":"jeo","25/1611":"ruz","69/1169":"jer","5799/13712":"ati","145/1169":"jes","11/1169":"jeu","1/1714":"atm","1033/13712":"ato","27/13712":"atr","5/6856":"att","15/13712":"ats","1/3428":"atv","1995/13712":"atu","57/13712":"atw","19/848":"aua","3/1696":"auc auf","1/1696":"aub aue auh auu aux","29/1696":"aud","23/1696":"aug","5/1696":"aui","7/424":"auk","9/1696":"auj","43/424":"aum","85/848":"aul","3/848":"auo aup","39/848":"aun","79/95":"rwa","11/848":"aus","15/106":"aur","11/95":"rwe","229/1696":"aut","11/1696":"auw","11/424":"auz","1/95":"rwo","34/597":"ava","7/597":"ave","89/597":"avi","1/6824":"aré","1/199":"avo","55/199":"avu","299/597":"avy","2119/3069":"awa","227/1023":"awe","1/3069":"awg awu","1/1023":"awf","232/3069":"awi","8/1023":"awo","2/1023":"awr","92/1563":"jib","197/3126":"jia","7/23":"ryl","2/1563":"jid","7/2084":"jic","28/1563":"jif","43/6252":"jie","35/6252":"jih","11/6252":"jig","409/6252":"jij","17/6252":"jii","23/521":"jil","151/6252":"jik","129/1042":"jin","143/3126":"jim","7/521":"jip","34/1563":"jio","107/3126":"jir","6/11":"axi kgs","109/2084":"jit","19/2084":"jis","25/6252":"jiv","127/6252":"jiu","43/2084":"jiw","13/6252":"jiz","927/3533":"aya","815/3533":"aye","7/3533":"ayd","6/3533":"ayi ayn","1/3533":"ayh aym ayl ayr ayv","1444/3533":"ayo","38/3533":"ays","21/3533":"ayu","3/3533":"ayw","3/3938":"azb","727/3938":"aza","113/3938":"aze","2203/3938":"azi","15/3938":"azm","303/1969":"azo","159/3938":"azu","95/3938":"azw","9/3938":"azz","1/3938":"azy","1/122":"job jok joz","1/244":"joc joe jog joy","15/61":"joh","2/61":"jon jop","11/244":"jom","3/122":"joo","7/122":"jor","57/244":"jos","3/61":"jou","103/3167":"saa","6/3167":"sac sao","337/3167":"sab","1/6334":"sae saz","71/6334":"sad","8/3167":"sag","195/6334":"saf","204/3167":"sai","113/6334":"sah","59/6334":"sak","38/3167":"saj","169/6334":"sam","543/6334":"sal","310/3167":"san","5/6334":"sap","288/3167":"sas","57/3167":"sar","39/3167":"sau","193/6334":"sat","66/3167":"saw","17/6334":"sav","47/6334":"say","395/5474":"bab","38/391":"baa","186/2737":"bad","37/5474":"bac","1/10948":"baf","3/10948":"bae bau","25/2737":"bah","1/238":"bag","22/2737":"baj","83/5474":"bai","298/2737":"bal","55/2737":"bak","5/119":"ban","16/2737":"bam","9/94":"sca","111/5474":"bap","9/238":"bao","1137/10948":"bar","5/644":"bat","79/5474":"bas","18/2737":"bav","2/47":"sci","1/391":"baw","62/2737":"baz","28/391":"bay","34/47":"sco","29/3881":"sea","16/3881":"sec","12/3881":"seb seg","2/3881":"see","3/3881":"sed sev","19/3881":"sef","50/3881":"sei","115/3881":"seh","207/3881":"sek","21/3881":"sej sel","2253/3881":"sem","89/3881":"sen","35/66":"bda","203/3881":"sep","135/3881":"ses","618/3881":"ser","10/3881":"set","1/3881":"sew sex","8/3881":"sey","10/33":"bdu","1/755":"jub","107/755":"jua","7/1510":"jud","5/302":"jue","5/151":"juh","1/1510":"jug juv","21/589":"beb","23/755":"jui","542/1767":"bea","2/1767":"bed bep","23/302":"jul","1/589":"bec beh","63/755":"juk","8/755":"jun","5/589":"bee","249/755":"jum","28/1767":"beg","3/755":"jur","7/589":"bej","41/589":"bei","226/1767":"bel","14/1767":"bek","8/93":"ben","7/1767":"bem","267/1510":"juu","88/1767":"ber","51/755":"juz","4/589":"bet","13/1767":"bes","1/1767":"bev","5/1767":"bew","9/589":"bez","14/589":"bey","4765/10331":"sha","9/10331":"shf shn","741/10331":"she","164/179":"jwa","2729/10331":"shi","1/10331":"shk shr shy","1/179":"jwe","529/10331":"sho","2/179":"jwi","51/10331":"sht","682/10331":"shu","608/10331":"shw","12/179":"jwt","641/7108":"sia","35/3554":"sic","37/7108":"sib","5/1777":"sie","27/7108":"sid","29/7108":"sig sih","25/1777":"sif","13/7108":"sii","905/7108":"sik","27/3554":"sij","519/7108":"sim","475/7108":"sil","207/7108":"sio","469/7108":"sin","79/7108":"sip","419/7108":"sis","133/7108":"sir","3/3554":"siu","66/1777":"sit","41/1777":"siw","6/1777":"siv","38/1777":"siy","5/7108":"six","10/1777":"siz","43/3245":"bib","116/649":"bia","16/295":"bid","3/3245":"bic biq","17/3245":"bif","53/3245":"bie","2/3245":"bih biv","41/3245":"big","622/3245":"bil","152/3245":"bik","461/3245":"bin","42/3245":"bim","71/178":"ska","3/295":"bio","126/3245":"bir","5/178":"ske","11/295":"bit","446/3245":"bis","6/3245":"biu","21/89":"ski","76/3245":"biw","21/3245":"biz","49/178":"sko","1/178":"skr skw sky","283/297":"sla","22/109":"sma","2/109":"sme smg sms","70/109":"smi","1/3554":"siè","3/109":"smo","212/269":"bla","6/269":"ble","1/109":"smu smw","39/269":"bli","4/109":"smz","5/269":"blo","1/269":"bly","9/1229":"soa soc","2/1229":"sod soj","21/1229":"sog","5/1229":"sof","1/1229":"soi soh soo sow sov","254/1229":"sok","537/1229":"som","22/1229":"sol","158/1229":"son","6/1229":"sop","7/1229":"sos","54/1229":"sor","39/1229":"sou","18/1229":"sot","15/79":"spa","1/237":"spf spl spt sps","14/237":"spe","2/237":"sph","154/237":"spi","16/237":"spo","4/945":"bob","16/945":"boa","17/945":"bod","1/945":"boc","1/630":"bof boi box","1/1890":"boh","2/189":"bog","31/1890":"bol","11/135":"bon","311/1890":"bor","11/945":"bot","1/189":"bos","17/1890":"bow","1/135":"boz","11/3615":"kac","292/10845":"kab","31/21690":"kae","29/2410":"kad","7/2410":"kag","49/21690":"kaf","32/10845":"kai","17/7230":"kah","29/4338":"kak","8/2169":"kaj","123/1205":"kam","791/21690":"kal","104/10845":"kao","769/10845":"kan","151/21690":"kap","46/3615":"kas","439/21690":"kar","113/21690":"kau","1579/7230":"kat","11/1205":"kaw","7/4338":"kav","13/1205":"kay","175/4338":"kaz","19/32":"sri","1/32":"srp","31/132":"ssa","23/66":"sse","1/396":"ssf ssh ssp ssé","41/396":"ssi","14/55":"bra","2/99":"ssu","23/165":"bre","14/165":"bri","67/165":"bro","91/171":"sta","1/855":"stc stj stm stè sté","17/165":"bru","62/855":"ste","1/171":"sth","1/285":"stg stl","29/285":"sto","4/171":"str","4/855":"sts","29/855":"stu","127/658":"sua","1/1316":"suc sue","125/1316":"sub","41/658":"sud","27/38":"bss","17/658":"sug","13/1316":"suf sut","3/1316":"sui suy","375/4196":"kea","11/4196":"kec","13/188":"suk","21/2098":"keb","19/329":"sum","97/4196":"kee","61/1316":"sul","3/4196":"ked","4/329":"sun sup","1/2098":"kei","2/1049":"kek kev","16/329":"sus","7/4196":"kej","31/658":"sur","1/658":"suu","43/4196":"kem","51/1049":"kel","197/4196":"keo","115/4196":"ken","141/4196":"kes","5/1316":"suz","79/4196":"ker","59/4196":"ket","63/4196":"kew","1/1049":"key","80/1049":"kez","1/444":"bub","3/74":"bua","35/3552":"bud","1/3552":"buc","1/296":"buf","55/3552":"buh","19/3552":"bug bui","1/1776":"buj","39/1184":"bul","53/592":"buk","745/3552":"bun","13/1776":"bum","239/259":"swa","205/3552":"bur","41/3552":"but","11/518":"swe","107/3552":"bus","1/1184":"buu buy","29/518":"swi","13/1184":"buz","33/52":"kha","17/104":"khe","779/868":"bwa","1/104":"kho khr khw","13/868":"bwi","1/868":"bwo bwz","844/13363":"kia","17/1909":"kic","25/1909":"kib","118/13363":"kie","13/46":"syl","242/13363":"kid","1/161":"kig","5/23":"syn tbs","262/13363":"kif","5/581":"kii","62/13363":"kih","1046/13363":"kik","290/13363":"kij","676/13363":"kim","186/1909":"kil","373/13363":"kio","1420/13363":"kin","439/13363":"kip","176/1909":"kis","162/13363":"kir","188/13363":"kiu","948/13363":"kit","1263/13363":"kiw","41/13363":"kiv","18/13363":"kiy","358/13363":"kiz","90/103":"kla","12/103":"kli","1/103":"klo","7/8":"gés","357/2825":"koa","61/2825":"koc","11/2825":"kob","3/2825":"koe koh","77/2825":"kod","1/2825":"kog kou","53/2825":"kof","1/565":"koi","4/565":"kok","9/2825":"koj","168/2825":"kom","29/2825":"kol","19/2825":"koo","336/2825":"kon","3/113":"kop","289/2825":"kos","31/2825":"kor","12/2825":"kov","4/2825":"koy","153/6134":"tab","671/12268":"taa","25/12268":"tad","3/565":"koz","31/6134":"tac","397/12268":"taf","43/6134":"tae","101/6134":"tah","19/12268":"tag","493/12268":"taj","329/6134":"tai","107/6134":"tal","1609/12268":"tak","1803/12268":"tan","557/12268":"tam","113/12268":"tap","57/12268":"tao","345/6134":"tar","689/12268":"tat","183/12268":"tas","11/12268":"tav","29/12268":"tau","1/6134":"tax","325/12268":"taw","141/12268":"taz","151/12268":"tay","9/23":"tba","2/225":"cae","1/25":"cad","1/75":"cag","2/45":"caf","22/225":"cai","38/225":"cam","41/225":"can","17/225":"cap car","25/57":"tch","118/197":"kra","7/197":"kre","67/197":"kri","1/197":"kro krs","3/197":"kry","6/25":"ksa"}}