{"language":"MAORI","ngrams":{"1/1":"åk ña úl šk ƒn ḡa 一哈 了新 但尼 体育 克体 全黑 前表 南非 哈卡 唯一 在但 奥庞 对战 尼丁 布鲁 帕奥 庞格 开场 斯布 新的 是全 曾是 泰哈 直至 育场 表演 过的 里斯 非开 马泰 鲁克 黑队","1/2":"àt ìr ùm ùt ʻt ʻw 卡战 场前 演了 演过 的哈 的唯 队在 队表","1/3":"án áo 舞卡 舞曾","1/4":"ìm îo 战南 ﬁl ﬁs ﬁx","1/5":"èn ès òh òn õk õn õr","1/6":"卡帕 卡里 卡马","1/8":"àe","1/9":"ía ík ít","1/10":"õh","1/11":"ll ço çt êh êp","1/15":"ûk ûr ût","1/16":"ºc","1/21":"ãh ãā","1/24":"ào àr","1/27":"íb íc ío ír","1/31":"ïa","1/37":"âo âw ôn ôp","1/42":"zm","1/47":"ök öu","1/61":"ée","1/74":"âi âk âp âr","1/75":"zz","1/88":"ēm","1/94":"öe öi","1/124":"ïi","1/140":"zn zs","1/141":"öa öm","1/158":"qt","1/241":"üh ül üä","1/251":"ëk","1/282":"öl","1/300":"zr zu","1/350":"zb","1/525":"zl zy","1/599":"bj","1/632":"qd qe qf qi qj qp qw","1/638":"lg","1/641":"xs xy","1/700":"zx","1/1050":"zw","1/1276":"ēo","1/1282":"xq","1/1417":"fp fy","1/1571":"äü","1/1585":"pk","1/1901":"ex","1/2100":"zf zj zk","1/2471":"jb","1/3190":"lā","1/3259":"vm","1/3480":"cw","1/3725":"dj","1/4519":"yj","1/6518":"vp vö vü","1/7085":"fb fk fā","1/7188":"bf bg bk bq bz","1/7450":"dk","1/9038":"yy","1/9152":"īv","1/11383":"ūu","1/14900":"dq","1/15554":"kä","1/15850":"pï","1/20416":"ēu ēā","1/22330":"lj lō","1/27893":"sā","1/30281":"ōū","1/36663":"kw","1/40832":"ēy ēō","1/46662":"kf kü","1/60562":"ōo ōā ōē ōō","1/76837":"gw","1/79250":"pw pì pô pù","1/85547":"kc","1/110751":"iō","1/120607":"tà tç","1/125873":"uä","1/155269":"nâ né","1/158500":"pû","1/171094":"kâ","1/183751":"wj wq wv","1/197459":"rí","1/214531":"āl āī āō","1/230511":"gv gz gí","1/239269":"mj mq má mò mо","1/240013":"oä oō","1/241214":"tx tê tô","1/256641":"kj kx kã","1/258419":"iē iī","1/361821":"té tõ","1/377619":"uj ué uì uï","1/394918":"rê rų","1/426269":"hj hv há hå hç hë","1/465807":"nè nê nï nò nô nõ nḡ","1/480026":"oq oê oē oš","1/513282":"kv kò kõ","1/697667":"eï eﬁ","1/702646":"aö aē","1/723642":"tá tì","1/1405292":"aç aï ać aƒ","2/21":"ãm ãp","2/183":"ér","2/251":"ëp","2/525":"zc","2/1417":"fc fg","2/1571":"äm","2/2175":"cb","2/2471":"jc jk jw","2/4519":"yz","2/7085":"fx fé","2/7925":"pb","2/27893":"sx sz","2/36663":"kh","2/39625":"pâ","2/40803":"iū","2/183751":"wg","2/197459":"rü","2/214531":"āā","2/230511":"gj gà gã","2/239269":"mã","2/256641":"kí kô","2/377619":"uâ uﬁ","2/426269":"hí","2/697667":"eí eē eō","2/775257":"iè iñ ić","3/4":"îk 战舞","3/5":"èr ûh","3/7":"ãt","3/11":"êt","3/31":"ïn","3/37":"ôh","3/62":"ït","3/124":"ïk","3/158":"qs","3/241":"üp","3/251":"ëm","3/632":"qm qv","3/704":"ēw","3/1282":"xl xu","3/2233":"lr","3/3259":"vh","3/5800":"cq","3/6518":"vf","3/7085":"fn","3/14900":"dz","3/15850":"pf","3/22330":"lh","3/30281":"ōī","3/39625":"pë","3/40832":"ēe","3/79250":"pn","3/85547":"kp","3/155269":"nq","3/158500":"pg pã pê","3/239269":"mà më mõ","3/241214":"tj","3/351323":"aī","3/394918":"rj rã","3/1405292":"aí","4/11":"ên","4/37":"ôr","4/47":"öt","4/175":"zi","4/241":"üa","4/525":"zh zt","4/4519":"yk","4/23331":"ky","4/76837":"gc","4/85547":"kï","4/197459":"rà","4/214531":"āg","4/230511":"gf","4/239269":"mf mï","4/258419":"iy","4/351323":"aq","4/361821":"tâ","4/426269":"hà hî hô","4/775257":"iä","5/37":"ân","5/84":"za","5/124":"ïh ïw","5/148":"âh","5/251":"ëh","5/316":"qc","5/1282":"xh","5/3259":"vs vu","5/7188":"bh bp","5/9152":"īī","5/120607":"tï","5/125873":"uz","5/197459":"rq","5/200756":"aj aō","5/230511":"gk","5/377619":"uō","5/465807":"nx","5/480026":"oū","5/697667":"ej","6/37":"ôt","6/109":"fr","6/241":"üw","6/641":"xo","6/745":"dv","6/2471":"jn","6/3725":"db","6/4519":"yb","6/11383":"ūl","6/183751":"wb wâ","6/239269":"mh mv","6/426269":"hg","7/124":"ïp","7/319":"ly","7/596":"dc","7/1160":"cs","7/2396":"bc bn","7/3259":"vc vd","7/4519":"yg","7/6518":"vl vn","7/17400":"cz","7/27893":"sg","7/40832":"ēa","7/120607":"tä","7/183751":"wō","7/214531":"āē āū","7/361821":"tû","7/377619":"uy","7/723642":"tã tí","8/11":"çn","8/241":"üm","8/745":"dg","8/7085":"fm","8/426269":"hï","9/241":"ün","9/599":"bb","9/1571":"äi äu","9/4576":"īe","9/6518":"vr","9/9038":"yv","9/22330":"lz","9/158500":"pö","9/239269":"md","9/241214":"tg","9/394918":"rë rö","9/480026":"oī","10/4519":"yw","10/11383":"ūī","10/426269":"hf","11/141":"öh öp","11/700":"zo","11/1571":"äp","11/2100":"zd zp","11/2471":"js","11/7188":"bt","11/17400":"cf cx","11/76837":"gp","11/239269":"mk","11/394918":"râ","11/426269":"hq hö","11/465807":"nj","12/2471":"jp","12/27893":"sj sv","12/183751":"wd wu","12/239269":"mô","12/426269":"hh","13/282":"ön","13/641":"xv","13/1050":"zq","13/4519":"yf","13/6340":"pp","13/7188":"bd","13/8700":"cv","13/14900":"dp","13/34329":"uī","13/76837":"gī","13/155269":"nö nī","13/183751":"wc","13/361821":"tb","13/377619":"ux","13/426269":"hz","13/480026":"oz","13/702646":"aā","15/124":"ïm","15/572":"īa","15/9038":"yh","15/183751":"wf","15/197459":"rï","15/426269":"hâ","16/13601":"ig","16/256641":"kb","16/426269":"hk","16/697667":"ez","16/775257":"ij","17/241":"ük üo","17/316":"qa","17/14900":"dt","17/39625":"pä","17/40803":"ib","17/256641":"kg","18/2471":"jh","18/239269":"mw","18/426269":"hd","19/1282":"xf","19/2100":"zg","19/11165":"ln","19/27893":"sr","19/239269":"mâ","20/27893":"sf","20/183751":"wt","20/361821":"tf","21/148":"ât","21/9038":"yu","21/214531":"āa","22/1417":"ft","22/76837":"gō","23/1282":"xb","23/17400":"cn cp","23/31700":"pü","23/230511":"gd gm","23/256641":"kr","23/775257":"iq","24/251":"ër","24/1417":"fu","24/1571":"äw","24/7085":"fs","24/239269":"mn","25/120607":"tn","25/377619":"uē","26/241":"ür","26/155269":"nv","26/183751":"wū","26/197459":"rh","26/377619":"uf","27/1417":"fl","27/1450":"cu","27/6518":"vy","27/239269":"mg","27/241214":"td","28/141":"ör","28/3725":"dl","29/1282":"xe","29/2980":"df","29/3259":"vt","29/9038":"yi","29/230511":"gb","29/256641":"kö","29/513282":"kë","30/183751":"wm","31/638":"ēh","31/2175":"cy","31/4466":"lk","31/9152":"īo","31/22766":"ūe","31/158500":"pc","31/239269":"mt","31/513282":"kt","31/723642":"tö","32/465807":"nä","34/241":"üt","34/641":"xc","34/1595":"ld","34/465807":"np","35/124":"ïr","35/241214":"tü","35/697667":"eq","36/11165":"lv","36/155269":"nb","36/426269":"hc","37/3712":"ēp","37/17400":"cd","37/76837":"gt","37/158500":"py","37/258419":"ix","37/377619":"uv","39/2396":"bs","39/11165":"lf","39/22330":"lw","39/239269":"mū","39/480026":"oj","40/258419":"iz","41/7188":"bm","41/17400":"cg","41/239269":"ml","42/1571":"är","43/14900":"dh","43/22330":"lx","43/40832":"ēi","43/426269":"hw","43/465807":"nh","43/723642":"tv","44/2471":"ji","44/465807":"nw","46/426269":"hb","47/158500":"pv","47/230511":"gâ","47/351323":"af","48/745":"da","48/4519":"ym","49/572":"īn","49/723642":"tz","50/641":"xw","50/183751":"wy","53/870":"cr","53/9038":"yp","53/14900":"dm","53/361821":"tm","53/426269":"hm","54/4519":"yd","55/641":"xt","55/361821":"të","57/572":"īp","57/22766":"ūi","58/155269":"nr","58/183751":"wl","59/9038":"yt","59/11165":"lb","59/394918":"rw","59/465807":"nū","61/2980":"dd","61/22330":"lp","61/426269":"hp","63/10403":"mē","63/11383":"ūo","63/39625":"ps","63/183751":"wr","64/465807":"nm","65/4519":"ye","65/1405292":"az","66/183751":"wk","67/1571":"äh","67/14900":"dw","67/79250":"pd","67/426269":"hs","69/1282":"xa","69/702646":"ax","73/9038":"yr","73/11165":"lm","73/426269":"hä","74/183751":"wä","74/230511":"gē","75/251":"ën","75/1198":"bu","75/100378":"ab","75/239269":"mö","75/702646":"aū","76/641":"xi","77/1282":"xp","77/230511":"gg","79/140":"ze","79/513282":"kn","80/27893":"sw","82/641":"xx","82/27893":"sn","86/4519":"yc","87/27893":"sb","88/197459":"rb","88/230511":"gy","93/697667":"eā","95/513282":"kk","97/14900":"dn","100/465807":"nf","101/4519":"yl","101/465807":"nē","103/256641":"kl","104/240013":"oā","105/1571":"än","109/745":"de","110/27893":"sy","112/30281":"ōa","113/1198":"bo","119/251":"ët","121/480026":"ox","124/230511":"gū","125/60562":"ōe","129/394918":"rp","131/361821":"tl","136/230511":"gn","137/394918":"rä","139/17400":"cc","139/22330":"lc","139/723642":"tw","141/31700":"pī","141/426269":"hl","142/125873":"uu","143/2471":"je","143/239269":"my","144/1571":"äk","153/9038":"ya","155/120607":"tk","155/258419":"if","156/11383":"ūw","157/197459":"rv","160/1571":"äo","160/27893":"sd","164/11333":"aw","165/480026":"oy","171/183751":"wē","173/6518":"vo","173/465807":"nk","175/183":"éo","175/426269":"hé","179/14900":"dy","180/1571":"ät","181/258419":"iā","187/183751":"wn","188/230511":"gs","188/465807":"nl","191/394918":"rf","196/465807":"ny","201/22766":"ūa","203/240013":"od","205/426269":"hy","205/513282":"km","208/7777":"kō","210/183751":"wī","215/256641":"kū","225/258419":"id","226/3725":"ds","226/197459":"rg","229/7085":"ff","230/2471":"ju","239/17400":"cm","239/239269":"mc","241/120607":"ts","243/39625":"pt","245/723642":"tc tp","247/9038":"yn","249/11165":"ls","257/9152":"īw","257/76837":"gr","258/27893":"sm","259/183751":"ww","272/125873":"uc","273/79250":"ph","274/27893":"sk","275/426269":"hr","284/426269":"hn","285/4576":"īk","287/11383":"ūā","289/230511":"gl","290/697667":"eb","292/239269":"mī","296/377619":"ub","307/513282":"ks","312/27893":"sq","312/239269":"mä","313/4576":"īh","328/4519":"ys","328/240013":"os","328/426269":"ht","331/394918":"rl","332/110751":"il","336/239269":"mr","337/214531":"āe","341/158500":"pm","349/377619":"ug","351/14900":"dr","359/5800":"cl","362/2175":"ch","368/697667":"ef","374/4519":"yo","380/183751":"wo","391/7085":"fa","395/40832":"ēk","397/394918":"rk","401/3480":"ca","403/22330":"lu","403/197459":"rī","409/3594":"ba","411/2030":"le","419/394918":"rm","421/480026":"ob","425/197459":"rē","435/183751":"ws","437/7188":"bi","439/230511":"gh","442/110751":"is","447/22330":"lt","449/697667":"ey","453/85547":"kī","465/197459":"rd","469/394918":"rr","470/125873":"uo","482/11383":"ūp","483/11383":"ūk","487/110751":"ie","495/60562":"ōm","500/426269":"hū","513/480026":"ov","521/14900":"do","523/2471":"jo","525/9152":"īr","527/632":"qu","530/465807":"nn","535/239269":"mp","545/9152":"īi","556/697667":"eu","565/230511":"gä","569/60562":"ōi","577/3259":"va","582/197459":"rs","587/239269":"ms","589/377619":"uā","593/239269":"mb","602/377619":"ud","611/3594":"bl","611/465807":"nz","623/7188":"by","629/377619":"ul","647/351323":"as","649/5800":"ce","657/11383":"ūh","658/240013":"og","681/11443":"un","687/14900":"du","693/197459":"rc","727/394918":"rn","739/394918":"rū","740/76837":"ge","761/7085":"fe","771/9152":"īt","785/4576":"īm","803/39625":"pō","830/258419":"iu","839/7188":"br","857/60562":"ōu","879/120607":"th","884/27893":"sl","893/39625":"pē","900/27893":"sp","919/258419":"ic","923/480026":"oc","929/1405292":"ad","971/7085":"fo","987/697667":"eg","991/465807":"nc","992/27893":"ss","999/11165":"lo","999/197459":"ry","1004/27893":"sh","1007/1405292":"ay","1008/697667":"ev","1021/17400":"ci","1036/76837":"gu","1036/361821":"ty","1037/426269":"hē","1057/426269":"hī","1060/240013":"oo","1073/240013":"ow","1113/3259":"ve","1119/27893":"sa","1135/723642":"tt","1139/17400":"ck","1143/2471":"ja","1172/27893":"su","1198/775257":"iv","1261/394918":"rt","1265/240013":"of","1270/239269":"mm","1311/158500":"pl","1315/361821":"tī","1317/1405292":"ag","1319/465807":"ns","1321/1405292":"ac","1341/27893":"sc","1361/17400":"ct","1373/697667":"ec","1385/22766":"ūn","1403/7188":"be","1404/27893":"si","1415/1405292":"av","1460/377619":"us","1516/120607":"tō","1553/480026":"ol","1632/11165":"li","1636/27893":"so","1637/214531":"ām","1656/7085":"fi","1767/60562":"ōk","1816/426269":"hō","1933/377619":"uw","1962/697667":"el","1971/20416":"ēr","2053/22766":"ūm","2133/24442":"ke","2154/697667":"ee","2177/723642":"tr","2227/17400":"co","2272/775257":"ii","2297/158500":"pr","2305/22666":"an","2347/14900":"di","2367/60562":"ōw","2377/6518":"vi","2378/27893":"se","2527/125873":"um","2656/240013":"op","2703/394918":"rō","2754/39625":"pi","2859/30281":"ōn","2914/697667":"ed","3064/697667":"ep","3097/22766":"ūr","3183/214531":"āu","3217/60562":"ōp","3292/110751":"ik","3361/60562":"ōt","3379/513282":"kē","3492/258419":"io","3531/22766":"ūt","3559/15850":"pu","3646/465807":"nt","3661/697667":"es","3691/171094":"kā","3880/240013":"oi","4006/214531":"āp","4019/214531":"āi","4313/22330":"la","4331/465807":"nd","4398/351323":"ao","4437/1405292":"al","4577/27893":"st","4586/377619":"ue","4921/60562":"ōh","5030/361821":"tū","5036/30281":"ōr","5083/79250":"pū","5127/214531":"āw","5497/697667":"ew","6202/110751":"it","6402/351323":"am","6872/775257":"im","6929/480026":"oe","7084/361821":"tā","7449/20416":"ēt","7645/697667":"em","7715/480026":"om","7838/183751":"we","8326/465807":"nā","8843/697667":"eo","8849/230511":"go","9198/183751":"wi","9317/214531":"ār","9435/155269":"no","9545/465807":"nō","10283/239269":"mi","10586/465807":"ni","10651/697667":"eh","10653/158500":"pe","10659/214531":"āk","10712/775257":"ip","10852/377619":"uh","10927/158500":"pā","11319/239269":"mu","11763/183751":"wā","12166/240013":"ou","12467/214531":"āh","12515/197459":"rā","12979/426269":"hā","14268/697667":"ek","14347/197459":"ru","14458/239269":"mō","14650/240013":"oh","14826/214531":"āo","14845/377619":"up","14933/40832":"ēn","15505/697667":"et","15674/775257":"iw","15761/158500":"po","16420/230511":"gi","17200/256641":"ku","17911/775257":"ih","18027/1405292":"aa","19066/214531":"ān","19277/240013":"on","19727/377619":"uk","20865/241214":"ti","20939/723642":"tē","21666/125873":"ua","22185/239269":"mo","23222/214531":"āt","23953/351323":"ah","24217/480026":"ok","24680/377619":"ui","25730/240013":"or","28295/377619":"ut","28491/155269":"na","29397/480026":"ot","30453/1405292":"ap","30517/697667":"en","30685/1405292":"ae","30988/239269":"mā","31097/465807":"nu","31483/361821":"tu","32215/480026":"oa","34050/697667":"ea","34090/197459":"ri","36007/361821":"to","36227/775257":"ir","37141/426269":"hu","38707/377619":"ur","40428/239269":"me","40855/426269":"ho","41661/183751":"wa","42879/702646":"ar","44907/702646":"ai","46015/697667":"er","47782/465807":"ne","48610/775257":"in","48933/158500":"pa","51319/702646":"at","61971/394918":"ro","62415/697667":"ei","62815/230511":"gā","68890/775257":"ia","74357/155269":"ng","78296/426269":"he","79711/394918":"re","84797/513282":"ko","88871/1405292":"au","93263/256641":"ka","99159/239269":"ma","108122/183751":"wh","109969/394918":"ra","110087/426269":"hi","124827/1405292":"ak","128005/513282":"ki","132397/230511":"ga","137663/426269":"ha","186827/723642":"ta","258805/723642":"te"}}