{"language":"LATIN","ngrams":{"1/6":"ᴀᴄ œn ør ým","1/2888":"yš yč","1/60937":"qɜ qʒ qf qg qx qy qå qě","4/9":"ąs","3/10108":"yū yễ yá","3/7106":"zō zö zú","1/9":"ąz ǝd ǝg ǝk ǝs ǝt řá ýc ąc","1/7106":"ző zǐ zâ zä zē zı","1/3":"ᴀᴛ ᴛᴀ ẓl ᴀʀ ĵa ḷa ḷu ḷī ɪs ội îl ṯm","1/20216":"yű yž yǎ yǒ yệ yß yà yâ yì yó yć","1/28":"ṭå ðb ðh ṭṭ ṭb ṭe ṭn","2/7":"ṭā ęd ţc ôt","2/55":"ća ık ıu ıy","1/6761":"wǒ wǝ wɔ wq wà wâ wè wë wó wú wł wš","1/55":"će ći ćk ın ıt ıv ığ ış","5/586441":"uș uṣ uç už","1/607770":"sə sḏ sṓ sx sò sù są sĕ sŏ ső sœ","2/586441":"uț uë uï uţ","3/548":"āī āg","1/2":"ʔa ʕn ᴄᴇ ʕu ᴄᴄ ườ ɑl ŋb ǐc ǐn ẹg ẹm ǒu œu ếu ɡa ệt ṃs ṗṗ ịc ůl ṗy űr ṛt","1/550600":"rʌ rʕ rẹ rĕ rė rğ rĵ rś rş rš rţ rű rſ rǝ rȝ","1/652816":"tɐ tɒ tɔ tɛ tḥ tị từ tự të tò tą tĕ tė tő tš tǎ","1/14":"ṭī ðr ðá öt ṭr","1/10108":"yǔ yú yă yī ył","1/1":"ĉe ᴅᴀ ȝe ᴘᴛ ħa ĳs ʱɑ ấn ẩu ľu ᴏʀ ật ằn ɒn ɓe ẽs ễn ỏa ốc ũn ɢɪ ǰl ṓt ờn ɻu ṟu ʟᴇ ɾǝ ữn ʌt","1/548":"āū āǧ āḥ āḫ āṭ āp āu","1/586441":"uɻ uḷ uṟ uṯ uế uố uâ uå uì uò uû uý uþ uÿ uē uğ uġ uĭ uň uō","1/5":"ᴇᴘ đu ĕr ėd ėt ĕŏ ġi ᴇs ảm ảo ᴇɢ őn şa şt ọb ọl ża żn żu","13/77":"ča","1/154":"čd čá","26/77":"če","6/77":"či","1/22":"čk ḥr ḥw ḥā øe øk øl øs ſa","3/154":"čn ču čí","1/77":"čo","1/27":"șa ğc ğq ğu ğā","1/54":"șc","11/108":"șe","5/54":"și","1/108":"șl","1/10":"đe ĕd đư ġn ġū õt đạ đả để độ","7/108":"șo","1/274":"ăș āḍ āḷ āj āo āw āz ăe ăh","2/137":"ăț āṇ āq","7/18":"șt","5/77":"čë","6/43":"ța","9/43":"țe","3/148":"ēa","7/43":"ți","1/74":"ēb ēd ēx","1/148":"ēe ēh","2/43":"țo","5/148":"ēg","3/74":"ēl","3/43":"țu","7/148":"ēm","35/148":"ēn","2/37":"ēr śl śu św","33/148":"ēs","11/148":"ēt","1/37":"ēu śc śe śk śr śv","3/10":"ĕl","1/43":"țâ","2/5":"ėj ży","5/43":"ță","3/221":"īḥ īḻ","1/221":"īḫ īc īi īj īu īš","4/7":"ęb ạm","1/7":"ęs ḍl ḍi ḍs ḍī ại ạn ạt ŏv ţa ði ôm ṭa","2/13":"ěi ěn īn əc əl ən ər ùn ùs","5/13":"ěj","1/13":"ěk ěs ěš ńń","1/4":"ơn ḏh ầu ňk ňo ǎn ɔn ɛt ɛç ện ỉb ṅk ỉn ỉr ỉw ṛṣ ɛɪ ṛg ÿe ÿs","4/27":"ğa ğr","2/27":"ğd","2/9":"ğl ğı řo ąb","2/3":"ᴛᴏ ẓa ĵu ře ộn ṯr","3/5":"ġa ải ḻa ʀᴇ ồn","3/7":"ḍa","1/12":"ḏd ḏm ḏū œc œd œp åb æl","5/12":"ḏr","4/221":"īb","8/221":"īd īr","2/221":"īf īg īk īq īv īz","7/221":"īl","15/221":"īm","6/221":"īp īt","2/17":"īs ñe","11/221":"īy","1/8":"ưa ưn ĭn ĭt ǎi ǎl ǎo ǎq ǎr şi åk år ŭa ŭd ŭl ŭn þa þh þi þj þs þu þy þæ","3/16":"ĭc ĭq ål","1/16":"ĭd ĭg ĭl ĭu ĭī ĭŭ šč åf ås","1/11":"ıl ɜw îc","4/55":"ım ıs","8/55":"ır","3/4":"ần ṅg ão","1/205":"ōṗ ōa ōh ōl ōq ōw ōþ ōā","1/44":"ḥb ḥi ḥt ḥs ḥq ḥō ḥɜ šo ãz","9/44":"ḥa","11/46":"ºc","5/44":"ḥm ḥu","3/46":"ºf","4/19":"ła ḫa","1/38":"łe łé ïe ïn","9/38":"ło","1/19":"łs ḫm ḫr łę ṇi ṇu ìa ìd ìg ïl ïq ït úb úr","5/38":"łu","2/19":"ły ṇḍ ṇṭ ṇo ṇú ìn ìx ïs","3/44":"ḥī","11/13":"ńs","3/19":"łó ïa","8/19":"ḫā","14/205":"ōb ōr","3/205":"ōc ōg ōj","4/205":"ōd","2/205":"ōk ōu ōy ōz","1/41":"ōm ōp","28/205":"ōn","21/205":"ōs","7/205":"ōt","2/21":"ŏb ţe","1/21":"ŏf ŏn ţă ôp","5/21":"ŏl ţi","4/21":"ŏp ŏr","1/24":"œl","2/11":"ɜt","1/867559":"aḍ aṅ aé aö aü aÿ ać aġ aŋ aō aţ aʕ","3/867559":"aḏ aî aô ađ aț","13/867559":"aḥ","2/867559":"aḫ aṃ aẓ aó aī ań aŭ","1/123937":"aṇ aș","1/78869":"aṣ","1/48":"åṭ åe åg åt","4/867559":"aṭ aú až aſ aǧ","6/37":"śa","1/85344":"fḍ fè fí fò fõ fú fē fő fŭ","3/37":"śn ść","4/37":"śo","1/130795":"bả bằ bộ bë bî bø bē bı bō bş bſ bǎ bʱ","3/387817":"cầ cj cw cà câ cã cò","2/130795":"bọ bq bx bò bô bě bɜ","1/96445":"hḗ hầ hậ hệ hỏ hữ hì hĕ hě hı hœ hǎ hǝ","1/387817":"cộ cî cö cü cĭ","1/321061":"iḥ iṅ iū","3/20":"şe","1/215504":"dị dã dč dĭ dŏ dŭ dž də dʒ","1/80":"şg şk şo şu","1/40":"şm","2/963183":"iḻ iệ iä iò iô ił iǧ","3/96445":"hṛ hả hq hã hæ hû hē","9/19":"ṇa","9/37":"śā","8/963183":"iṣ iž","29/176":"ša","1/963183":"iṭ iế iọ iã iê iî ið iù ią ię iœ ių iǎ iǰ iɔ","13/88":"še","19/176":"ši","17/88":"šk","1/88":"šm šp šr ší","1/176":"šn šw šë šć šī šū šɜ","3/88":"št šā","3/176":"šu","7/176":"šv","4/96445":"hạ hò hơ","3/11581":"kṛ kç kò kû","1/422604":"mḥ mạ mẩ mỹ mã mê mõ mý mĕ mœ mž mǎ mț","7/11581":"kṣ kc kø kī kū","2/15":"ǧa ǧd","1/15":"ǧi ǧl ǧr ǧu ǧí ǧǧ","1/177":"ßa ßj ßk ßo ßp ßw","4/59":"ßb","4/177":"ßd","49/177":"ße","1/59":"ßf ßi ßr ßt âc","10/177":"ßh","1/19289":"hồ hí hó hă","8/177":"ßl","5/177":"ßm","3/59":"ßn","2/177":"ßs ßu","1/505596":"oḍ oṣ oṭ oạ oẽ oà oé oî oā oē oī oň oř oɑ oɡ","2/305607":"lṭ lì lý lǎ lə","1/102":"àc àg ài àl","1/204":"àk àm àq àt àu àx","1/17":"àn ṣf ṣy","1/68":"ào","5/204":"àr às","3/563":"áb áo","11/563":"ác","1/3668":"jọ jf jx jã jé jñ jò jõ ją jė jǐ","8/563":"ád áe","5/563":"ág ák","7/563":"ái","28/563":"ál","10/563":"ám","97/563":"án","9/563":"áp","1/563":"áq áç áč áš","52/563":"ár","3/80":"şı","18/563":"ás","14/563":"át","1/300894":"nṣ nṯ nî nô ně nĭ nı nŭ","12/563":"áv áz","1/118":"âd âh âu âv","2/59":"âg","7/118":"âl âm","31/118":"ân","7/59":"âr","33/118":"ât","4/15":"ǧā","6/431":"äb","16/431":"äc äf äg","17/431":"äd","3/431":"äe äp äv äy","8/431":"äh äk","27/431":"äi","2/431":"äj äß","28/431":"äl äu","31/431":"äm","48/431":"än","1/431":"äo äz","68/431":"är","21/431":"äs","35/431":"ät","1/601788":"nỉ nå nì nő nś nů nǝ nə nɜ","411/867559":"aa","25604/867559":"ab","28271/867559":"ac","28008/867559":"ad","95818/867559":"ae","1811/867559":"af","12878/867559":"ag","1317/867559":"ah","6406/867559":"ai","7/48":"ån","279/867559":"aj","1033/867559":"ak","4619/78869":"al","56758/867559":"am","580/4151":"an","535/867559":"ao","19282/867559":"ap","236/78869":"aq","76908/867559":"ar","28933/867559":"as","115625/867559":"at","1037/45661":"au","12823/867559":"av","460/867559":"aw","335/78869":"ax","1258/867559":"ay","1087/867559":"az","1/156":"æb æe æh æn æo æu æþ","5/52":"æc","7/156":"æd","20186/130795":"ba","1/78":"æf æm æv","727/130795":"bb","1/39":"æg","97/130795":"bc","56/18685":"bd","1/26":"æi","4435/26159":"be","13/18685":"bf","36/130795":"bg","216/130795":"bh","4/51":"ṣṇ ṣe ṣm ṣā","17774/130795":"bi","34/130795":"bj","3/18685":"bk bá","1/52":"æp æq æð","5574/130795":"bl","118/130795":"bm","5/156":"ær","272/130795":"bn","3/52":"æs","8118/130795":"bo","17/156":"æt","13/130795":"bp","3/586441":"uḥ uà uê uî uż","12704/130795":"br","4076/130795":"bs","513/130795":"bt","5616/26159":"bu","87/130795":"bv","48/130795":"bw","4/586441":"uḫ uṭ uó uſ","3/166":"ūb ūo ūp","153/26159":"by","8/130795":"bz bí bī","1/83":"ūc ūl ūz ūš","3/83":"ūd","1/202590":"sṭ së sì sô","63/134":"ça","1/166":"ūg ūh ūi ūk","4/67":"çe","2147/13373":"ca","31/387817":"cb","10144/387817":"cc","343/387817":"cd","2/67":"çi çà","9/166":"ūm","32748/387817":"ce","1/51":"ṣṣ ṣẹ ṣn ṣt ṣū","21/166":"ūn","454/387817":"cf","32/387817":"cg","20181/387817":"ch","63094/387817":"ci","1/134":"çn çü çə","19/166":"ūr","13/67":"ço","25/83":"ūs","1341/387817":"ck","7/166":"ūt","5/51":"ṣṭ ṣi","9119/387817":"cl","233/387817":"cm","289/387817":"cn","71566/387817":"co","17/387817":"cp cv","3/134":"çu çõ","164/387817":"cq","496/13373":"cr","189/387817":"cs","1243/13373":"ct","49064/387817":"cu","28/387817":"cx","1069/387817":"cy","93/387817":"cz","11/434":"èc","5/217":"èd","1/434":"èe èj","17495/215504":"da","113/215504":"db","15/434":"èg","143/215504":"dc","10/431":"ää","289/53876":"dd","2/217":"èi","3275/13469":"de","201/107752":"df","18/13469":"dg","1/217":"èl","811/107752":"dh","6/217":"èm","33981/107752":"di","17/434":"èn","67/215504":"dj","11/107752":"dk dè dī","353/215504":"dl","5/434":"èq","479/53876":"dm","59/53876":"dn","171/434":"èr","121/434":"ès","7689/107752":"do","1/62":"èt žj žk žy","49/53876":"dp","7/13469":"dq","10/217":"èv","1705/107752":"dr","801/215504":"ds","53/26938":"dt","9727/107752":"du","9/434":"èz","857/215504":"dv","87/107752":"dw","1/53876":"dx dř","377/215504":"dy","21/53876":"dz","13/777":"éa","9/518":"éb","50/777":"éc","71/1554":"éd","13/259":"ée","14027/883572":"ea","1/777":"éf","7025/441786":"eb","65/1554":"ég","37/867559":"aß","21835/441786":"ec","5/1554":"éh éi éu","4163/147262":"ed","1109/883572":"ee","5/867559":"aâ","5/777":"éj","6491/883572":"ef","5/518":"ék","9529/441786":"eg","23/518":"él","217/147262":"eh","73/1554":"ém","3296/220893":"ei","101/1554":"én","119/883572":"ej","3/123937":"aç","16/777":"éo","3/8":"ŭs","86/220893":"ek","13/518":"ép","35591/883572":"el","1/518":"éq","54851/883572":"em","34/259":"ér","14481/147262":"en","25/777":"és","288/867559":"aë","2488/220893":"eo","107/1554":"ét","3239/147262":"ep","2/123937":"aí ağ","974/220893":"eq","41/777":"év","793/5078":"er","26/867559":"aï","54929/441786":"es","2/777":"éx","6/867559":"að ał","71971/883572":"et","27/867559":"añ","2739/294524":"eu","1/326408":"tấ tå tî tø tù tč tě","20/777":"éz","6917/883572":"ev","185/294524":"ew","19147/883572":"ex","89/73631":"ey","43/73631":"ez","2/23":"êc ên ór","25/168":"fa","5/21336":"fb","1/46":"êg êl êo","55/28448":"fc","6/130795":"bà bæ","43/28448":"fd","14435/85344":"fe","1/26159":"bâ","4541/85344":"ff","89/85344":"fg","16/130795":"bä","1/2032":"fh","1/23":"êm êr","1931/10668":"fi","1/3556":"fj","25/85344":"fk","12/130795":"bè bă","1963/42672":"fl","6/23":"êq","15/28448":"fm","15/26159":"bé","13/21336":"fn","5/46":"ês","4559/42672":"fo","1/28448":"fp få","4/23":"êt","1/21336":"fq fx fá fë fó fī","2/78869":"ač","2509/21336":"fr","5/4064":"fs","199/85344":"ft","1943/14224":"fu","1/10668":"fv fz fö","3/28448":"fw","11/130795":"bó","31/85344":"fy","52/130795":"bö","6/587":"ëa","1/587":"ëb ëd ëf ëo ëp ëx ëz","4/130795":"bú","93/130795":"bü","12728/112851":"ga","25/37617":"gb","3/587":"ëg","7/134":"çã","55/112851":"gc","299/112851":"gd","2/587":"ëi ëk ëu","25/387817":"cá","21023/112851":"ge","52/112851":"gf","9/130795":"bā","52/12539":"gg","44/587":"ël","5/387817":"cä cı","716/112851":"gh","38/587":"ëm","24559/112851":"gi","8/112851":"gj gă","9/387817":"cæ có","35/587":"ën","41/112851":"gk gv","6/387817":"cè cī cœ","4886/112851":"gl","26/387817":"cé","529/112851":"gm","225/587":"ër","1281/12539":"gn","41/587":"ës","652/12539":"go","17/112851":"gp","139/587":"ët","13/387817":"cí","2/112851":"gq gí gø gù gû għ gō gū","20/587":"ëv","13499/112851":"gr","36/12539":"gs","236/112851":"gt","11699/112851":"gu","47/112851":"gw gé","4/112851":"gx gâ gā gł gŏ","14/387817":"cô","815/112851":"gy","11/112851":"gz","2/387817":"cù cý cŏ cư cș","12/387817":"cú","23438/96445":"ha","78/96445":"hb","14/96445":"hc hg","11/215504":"dà","37/96445":"hd","3/53876":"dá","15471/96445":"he","3/215504":"dâ dì dû dě","38/387817":"cā","23/96445":"hf","9/215504":"dä dă","1/9019":"că","9/19289":"hh","20859/96445":"hi","5/215504":"dæ dē","21/96445":"hj hè","44/96445":"hk","818/96445":"hl","37/107752":"dé","439/96445":"hm","981/96445":"hn","1/107752":"dë dò dô dą dı dũ","19176/96445":"ho","11/96445":"hp","21/215504":"dí","3054/96445":"hr","217/96445":"hs","681/96445":"ht","5906/96445":"hu","27/96445":"hv hā","15/215504":"dó","164/96445":"hw","4/387817":"cē cū","1663/96445":"hy","4/19289":"hz","31/215504":"dö","31/146":"ía","3/292":"íb","7/215504":"dú","2/73":"íc ík","1/146":"íe íu íx íñ","9/107752":"dü","88289/963183":"ia","1/292":"íf íj íp íř","27986/963183":"ib","7/146":"íg","10/867559":"aś","3/294524":"eß eō","77578/963183":"ic","6715/321061":"id","5/441786":"eá eț","11292/321061":"ie","19/215504":"dā","1929/321061":"if","20/867559":"aş","13216/963183":"ig","2/220893":"eä","3/146":"íl","776/963183":"ih","1/441786":"eå eí eć eň","7/292":"ím ír","16/867559":"aš","7053/321061":"ii","45/292":"ín","289/963183":"ij","1/883572":"eç eé eò eţ eż","11/292":"ío ív","604/963183":"ik","2222/74091":"il","34681/963183":"im","137827/963183":"in","6/73":"ís","5/883572":"eë eč eś ež","62089/963183":"io","5/292":"ít","4783/321061":"ip","4714/963183":"iq","15671/963183":"ir","1/220893":"eï eā eŏ eť","115081/963183":"is","1/294524":"eð eğ","104080/963183":"it","11/441786":"eñ","14731/321061":"iu","1268/74091":"iv","1/147262":"eó","74/963183":"iw","2263/963183":"ix","118/963183":"iy","3/130795":"bœ","1051/963183":"iz","915/3668":"ja","3/3668":"jb jv","1/917":"jc jæ jí jō","1/33":"îh în îs ſp ſæ","5/1834":"jd jh","115/917":"je","1/7112":"fä","2/33":"îm îp ød ſo ſu","135/1834":"ji","1/524":"jj jø","1/131":"jk","5/3668":"jl já","1/3048":"fé","3/917":"jm","11/1834":"jn jr","415/1834":"jo","23/3668":"jp","3/11":"ît","33/3668":"js","1/18685":"bū","11/3668":"jt","8/387817":"cō","477/3668":"ju","2/917":"jy jū","3/38":"ïc ïd ïm ïx","9/14224":"fü","2087/11581":"ka","27/11581":"kb","6/11581":"kd kå","5/112851":"gá gå","1701/11581":"ke","5/85344":"fā","26/11581":"kf kä","25/11581":"kg","1/42672":"fă fō fœ fū","2/12539":"gä","234/11581":"kh","1/26938":"dł","1643/11581":"ki","13/11581":"kj","90/11581":"kk","1/12539":"gè","299/11581":"kl","404/11581":"km","1/112851":"gê gð gô gī gĭ gŭ gǝ gʷ","97/11581":"kn","1088/11581":"ko","24/11581":"kp","1/11581":"kq kæ kþ kē kł kś kə kɜ kʌ","325/11581":"kr","343/11581":"ks","7/107752":"dō","115/11581":"kt","460/11581":"ku","22/11581":"kv ké","50/11581":"kw","3/12539":"gó","254/11581":"ky","2/11581":"kz kš","58/112851":"gö","3/28":"ða ṭi","3/14":"ðe","34/112851":"gü","18511/101869":"la","509/101869":"lb","1463/305607":"lc","7/96445":"hà hū","766/101869":"ld","29/96445":"há","13992/101869":"le","6/19289":"hâ","607/305607":"lf","2122/305607":"lg","52/96445":"hä","263/305607":"lh","2/96445":"hå hç hî hø hŏ hư","88916/305607":"li","18/101869":"lj","90/101869":"lk","29419/305607":"ll","57/96445":"hé","604/101869":"lm","5/548":"āṣ āf","539/305607":"ln","8713/101869":"lo","2345/305607":"lp","5/28":"ðu","8/101869":"lq","39/101869":"lr","13/215504":"dū","632/101869":"ls","9640/305607":"lt","23287/305607":"lu","2195/305607":"lv","67/305607":"lw","2/37617":"gē","12/96445":"hô","59/305607":"lx","1811/305607":"ly","84/96445":"hö","58/101869":"lz","29/85":"ña","1/85":"ñc ñá ñé ñú ñā ñē","8/96445":"hú","47/96445":"hü","5813/46956":"ma","5923/422604":"mb","1/24697":"iß","71/105651":"mc","2/74091":"ià","59/105651":"md","4/85":"ñi","59/963183":"iá","16787/211302":"me","5/963183":"iâ iţ","17/140868":"mf","9/294524":"eş","1/10836":"mg","55/422604":"mh","13/883572":"eš","4679/46956":"mi","1/60372":"mj mū","19/963183":"iæ","2/321061":"iç iú iē","28/85":"ño","8/105651":"mk","1/2709":"ml","145/963183":"iè","55/963183":"ié","3893/140868":"mm","4573/422604":"mn","4/963183":"ië iī iń iś iş","14641/211302":"mo","8345/211302":"mp","2/85":"ñu ñí","3041/422604":"mq","89/422604":"mr","703/422604":"ms","92/105651":"mt","4/321061":"iñ iö","13963/211302":"mu","283/422604":"mv","31/422604":"mw","15/321061":"ió","1/15652":"mx","5/1806":"my","1/70434":"mz","1/49":"òc òf òp òu","17775/200596":"na","731/601788":"nb","2/49":"òg òl òs","2393/50149":"nc","1/1834":"jà jè jč ję jī","31013/601788":"nd","56489/601788":"ne","4/74091":"iā","3629/601788":"nf","2795/100298":"ng","5/294524":"eſ","6/917":"jä","105/100298":"nh","78955/601788":"ni","5/49":"òn","137/601788":"nj","145/150447":"nk","46/963183":"ić","197/200596":"nl","38/150447":"nm","4/49":"òr","36323/601788":"nn","15511/150447":"no","3/18236":"np","2/19289":"hī","115/50149":"nq","32/963183":"ič","23/18236":"nr","9200/150447":"ns","23285/150447":"nt","7795/150447":"nu","3889/601788":"nv","13/3668":"jó","5/27354":"nw","397/601788":"nx","157/100298":"ny","9/1834":"jö","221/300894":"nz","6/299":"ób óg ói ól","3/299":"óc ód óq","9/3668":"jú","15/3668":"jü","199/36114":"oa","2/299":"óf","2005/126399":"ob","24685/505596":"oc","8173/252798":"od","12/11581":"ká","2935/168532":"oe","1679/252798":"of","5/299":"ók ót óv","4619/252798":"og","361/126399":"oh","10/299":"óm óp","461/126399":"oi","108/299":"ón","55/168532":"oj","121/84266":"ok","2777/36114":"ol","42701/505596":"om","29721/168532":"on","22/299":"ós","433/168532":"oo","9931/252798":"op","2141/505596":"oq","78731/505596":"or","15/299":"ów","2500/42133":"os","28/96445":"hō","14837/505596":"ot","515/84266":"ou","1/299":"óz óð","1177/42133":"ov","5/11581":"kó kı","839/505596":"ow","389/126399":"ox","165/168532":"oy","47/72228":"oz","203/11581":"kö","34/11581":"kü","14361/115939":"pa","9/11581":"ký kō","10/115939":"pb pä","43/231878":"pc","6/101869":"là","429/231878":"pd","14/101869":"lá lí","44079/231878":"pe","8/305607":"lâ","103/231878":"pf","11/11581":"kā","45/231878":"pg","11/101869":"lä","10581/231878":"ph","19377/231878":"pi","1/231878":"pj pà pò põ pü pė pī pı pś pſ pǝ pɜ pɪ","16/63":"ôn","2/101869":"læ","1/101869":"lç lê lô lē","22/115939":"pk","52/305607":"lè","9797/231878":"pl","37/231878":"pm","101/305607":"lé","97/231878":"pn","1/63":"ôs ôw ôþ","3/101869":"lë lı","16557/115939":"po","4291/115939":"pp","1/305607":"lî lõ lø lù lą lĕ lĭ lś lš lſ lɓ lɛ","19435/115939":"pr","2196/115939":"ps","16/963183":"iō","12119/231878":"pt","9069/115939":"pu","5/305607":"lò","19/231878":"pv","3/115939":"pw pâ","41/305607":"ló","5/231878":"px pæ pí","633/115939":"py","9/231878":"pz pá","47/305607":"lö","1/150447":"nº næ","17/305607":"lú","4/305607":"lû","4/5":"õe","89/305607":"lü","57/60937":"qa","3/60937":"qc qs","2/60937":"qd qh qj qū","1/211302":"mà më mø mı","11/60937":"qe qq","10/105651":"má","35/305607":"lā","5/211302":"mâ mī","20/305607":"lă","11/140868":"mä","1/140868":"må mġ mō","51/60937":"qi","5/321061":"iš","5/422604":"mæ","6/60937":"ql","1/46956":"mè","11/30186":"mé","4/60937":"qn qt qv","7/60937":"qo qā","1/30186":"mí","5/60937":"qr qw qī","60591/60937":"qu","4/105651":"mó","29/211302":"mö","1/854":"öa öx","11/854":"öb ök öv","1/23478":"mú","8/427":"öc","59/854":"öd","3/854":"öe","11/32508":"mü","11516/68825":"ra","9/427":"öf","10329/550600":"rb","10/427":"ög","1881/68825":"rc","1/100298":"nà nò nū","9/122":"öh","7279/550600":"rd","9/854":"öi","25/300894":"ná","77051/550600":"re","1/200596":"nâ nê ný nœ nſ","37/422604":"mā","1911/550600":"rf","5/601788":"nã","7501/550600":"rg","1/27354":"nä","7/963183":"iſ","11/422604":"mă","86/427":"öl","2149/550600":"rh","18/427":"öm","54047/275300":"ri","11/110120":"rj","57/427":"ön","5/54708":"nç","333/275300":"rk","1/18236":"nè","19/427":"öp","1667/550600":"rl","25/150447":"né","1083/55060":"rm","113/854":"ör","3999/275300":"rn","39/854":"ös","8201/110120":"ro","2543/550600":"rp","25/601788":"ní","5/101869":"lī","79/137650":"rq","2079/137650":"rr","3/427":"öw","3157/137650":"rs","24719/550600":"rt","1/122":"öy","2639/27530":"ru","4/427":"öz","2403/275300":"rv","3/200596":"nó nţ","103/275300":"rw","1/105651":"mē mə","131/550600":"rx","1413/550600":"ry","5/300894":"nö","151/275300":"rz","1/54708":"nú","7/300894":"nü","12607/303885":"sa","142/101295":"sb","1/9723":"oß","11119/303885":"sc","377/202590":"sd","1/252798":"oá oç oí oñ où oÿ oſ oț","9805/121554":"se","31/601788":"nā","11/20259":"sf","1/168532":"oã oô","49/883572":"eș","7/20259":"sg","35/601788":"nă","559/202590":"sh","11729/121554":"si","1/22510":"sj","83/60777":"sk","1/84266":"oè oş ož","703/303885":"sl","2273/607770":"sm","187/303885":"sn","41/84266":"oë","2167/67530":"so","3/17":"ṣa","3343/202590":"sp","2192/303885":"sq","7/601788":"nč nț","53/121554":"sr","1/126399":"oï oü","12088/303885":"ss","7/305607":"lō lū","45518/303885":"st","1277/20259":"su","344/303885":"sv","181/607770":"sw","1/13677":"nē","359/101295":"sy","3/168532":"oö oș","11/67530":"sz","7/66":"øb øy ſc ſe ſſ","5/505596":"oû oč oś","2/51":"ṣr","93149/652816":"ta","1/66":"øf øj øp øt øv ſm","89/652816":"tb","337/652816":"tc","7/163204":"td","19195/163204":"te","77/326408":"tf","87/326408":"tg","3723/163204":"th","1/115939":"på pĕ pł pō","5/66":"øm","112939/652816":"ti","3/22":"øn","29/652816":"tj","75/652816":"tk","7/231878":"pè pā pă","191/163204":"tl","71/231878":"pé","161/326408":"tm","3/231878":"pê pë pö pē př","165/652816":"tn","34625/652816":"to","135/652816":"tp","7/200596":"nī","1403/326408":"tq","8319/163204":"tr","589/326408":"ts","3119/326408":"tt","95705/652816":"tu","111/652816":"tv","2/115939":"pó pú pū","79/326408":"tw","9/326408":"tx","1073/326408":"ty","157/163204":"tz","34291/586441":"ua","10189/586441":"ub","10429/586441":"uc","12742/586441":"ud","1/72228":"oğ","22225/586441":"ue","1050/586441":"uf","4871/586441":"ug","166/586441":"uh","3/13":"ùm","32873/586441":"ui","99/586441":"uj","332/586441":"uk","40870/586441":"ul","126888/586441":"um","53972/586441":"un","12125/586441":"uo","6496/586441":"up","65/586441":"uq","54727/586441":"ur","119546/586441":"us","17/601788":"nō","24138/586441":"ut","3993/586441":"uu","2077/586441":"uv","55/586441":"uw","11/62":"ža že","3657/586441":"ux","162/586441":"uy","272/586441":"uz","4/285":"úa új út","1/95":"úc úl úz úñ","2/285":"úd úg úm úw","6/31":"ži","15046/108063":"va","23/108063":"vb","1/12007":"vc vī","1/275300":"rß rã rž rư rș","3/110120":"rà","16/108063":"vd ví","1/285":"úi úp úu","53/550600":"rá","11905/36021":"ve","1/110120":"râ rå rð","5/36021":"vf","5/62":"žn","3/31":"žo","10/108063":"vg vt","4/36021":"vh vê","9/137650":"rä","2/150447":"nš","44668/108063":"vi","2/95":"ún","5/108063":"vj","7/137650":"ræ","1/55060":"rç rē rı","13/108063":"vk","3/62":"žs","21/275300":"rè","15/12007":"vl","2/36021":"vm","5/31":"žu","253/550600":"ré","31/108063":"vn","3/137650":"rê rú rč","12/19":"ús","6389/108063":"vo","3/550600":"rì rî rœ rǧ","65/108063":"vp","9/110120":"rí rā","11/285":"úv","52/36021":"vr","32/36021":"vs","400/12007":"vu","7/550600":"rò","2/427":"öö","10/36021":"vv","2/108063":"vw vå vē vě","29/550600":"ró rī","1/108063":"vx væ vë vì vė vĭ vō vş vš vũ","11/550600":"rô","46/108063":"vy vé","127/550600":"rö","2/68825":"rø","1/29":"ûd","13/66":"ſi","21/110120":"rü","1737/6761":"wa","14/6761":"wb","16/6761":"wc wm","2/303885":"sà sû sı sō","11/6761":"wd","19/303885":"sá","1178/6761":"we","24/6761":"wf","11/607770":"sâ sè","6/29":"ûk","8/6761":"wg wā","2/101295":"sã sø","14/963183":"iș","5/29":"ûl ût","1/60777":"sä","6/68825":"ră","184/6761":"wh","1/303885":"så sî","1/19446":"oš","11/963183":"iț","1341/6761":"wi","7/303885":"sæ să","4/29":"ûn","32/6761":"wk","92/6761":"wl","8/33":"ſt","8/60777":"sé","3/29":"ûr ûs","195/6761":"wn","608/6761":"wo","10/6761":"wp","4/303885":"sí","113/6761":"wr","152/6761":"ws","69/6761":"wt","84/6761":"wu","2/29":"ûz","5/6761":"wv wé wī","7/607770":"só sł","47/6761":"ww","81/6761":"wy","17/607770":"sö","10/253":"üb","8/303885":"sú","27/253":"üc","9/253":"üd","5/253":"üe","13/303885":"sü","829/16486":"xa","5/759":"üf üi üy üü","19/32972":"xb","13/759":"üg","235/8243":"xc","5/32972":"xd","7/81602":"tà","31/253":"üh","5/81602":"tá tā","3137/32972":"xe","1/81602":"tâ","29/607770":"sā","23/8243":"xf","1/163204":"tã tê","1/16486":"xg xú","4/253":"ük","167/32972":"xh","21/326408":"tä","3/23":"ül ün","20/759":"üm","1904/8243":"xi","3/326408":"tæ","1/759":"üp üv üz üç","5/326408":"tè","57/32972":"xl","7/32972":"xm xr","101/652816":"té","1/8243":"xn xī","35/253":"ür","41/759":"üs","1725/32972":"xo","80/759":"üt","513/8243":"xp","33/652816":"tí tē","35/32972":"xq","2/759":"üw üö","1/137650":"rĭ","1223/32972":"xs","761/8243":"xt","679/32972":"xu","217/16486":"xv","17/32972":"xw","3/81602":"tó","1/67530":"sē","265/32972":"xx","53/16486":"xy","7/326408":"tö tü tō","35/163204":"tú","3/652816":"tû tĭ tŏ","253/5054":"ya","103/10108":"yb","117/2527":"yc","31/586441":"uß","109/5054":"yd","24/586441":"uá uš","69/2888":"ye","31/20216":"yf yh","127/10108":"yg","23/652816":"tă","59/10108":"yi","11/586441":"uæ","5/5054":"yj","17/10108":"yk","10/586441":"uè","523/10108":"yl","36/586441":"ué","1685/20216":"ym","227/5054":"yn","74/2527":"yo","1263/20216":"yp","1/5054":"yq","1/101295":"sī","13/586441":"uí","292/2527":"yr","2005/20216":"ys","8/586441":"uð uñ uş","9/275300":"rō","377/5054":"yt","11/1064":"yu","4/2527":"yv","15/10108":"yw","37/20216":"yx","13/10108":"yy","15/1064":"yz","1883/7106":"za","7/646":"zb","14/3553":"zc zm","4/108063":"và vâ","37/7106":"zd zw","32/108063":"vá","543/3553":"ze","9/3553":"zf zv","19/586441":"uā","25/7106":"zg","7/36021":"vä vă","48/3553":"zh","65/418":"zi","3/3553":"zj zá zè","1/209":"zk","1/36021":"vè vč","49/7106":"zl","15/3553":"zn","419/3553":"zo","15/7106":"zp","1/646":"zq zā","9/652816":"tī","9/586441":"uč","4/3553":"zr zó","1/68825":"rū","21/3553":"zs","26/3553":"zt","15/418":"zu","5/418":"zy","2/12007":"vö","125/3553":"zz","11/108063":"vā","18/6761":"wä","6/586441":"uī","7/202590":"sū","28/6761":"wö","4/759":"üß","17/6761":"wü","1/32972":"xá xã xä xí xõ xĩ","3/16486":"xé","39/652816":"tū","19/548":"āb ām","5/274":"āc ăm","15/548":"ād","17/548":"āh","1/137":"āi ăp","3/274":"āk ăb ăg","7/274":"āl","27/274":"ān","15/20216":"yè","17/274":"ār ău","31/548":"ās","15/274":"āt","7/548":"āv","11/548":"āy","3/20216":"yò yö yı","5/10108":"yü","2/3553":"zà ză","29/20216":"yā","31/7106":"zé","1/3553":"zê zë zì zô zù zą zę zī","2/6761":"wō","13/274":"ăc ăd","13/7106":"zü","9/274":"ăi","12/137":"ăl","35/274":"ăn","25/137":"ăr","17/137":"ăs","23/274":"ăt","11/274":"ăz","5/20216":"yń","11/20216":"yō"}}