{"language":"ESPERANTO","ngrams":{"1/11":"ąg ąs ąz țc țe ți țo ęd ęp ǔd ǔg ǔr ǔs ǔt ǔx ˠo ˠu śr śv ˠə ôl þu","2/39425":"yś yé yí yö","1/2793932":"oʔ oﬂ oṃ oṣ oṭ oá oä où oû oü oē oľ oń oż","1/4169":"qə qŭ qǐ","1/39425":"yš yż yǒ yǔ yḥ yê yì yð yû yē","2/11":"ąt ʒɔ þe þi þæ","1/833":"āñ āô āņ āū āḳ āḷ āu","2/7885":"yū yü","2/875427":"mˠ mì mò mõ mû mă mš","2/104195":"zō zx zö zĵ","1/104195":"ző zǐ zɛ zê zë zô zû zē","2/3":"ɾˠ ḫa ʀn ức ÿo","59/104195":"zŝ","1/1856639":"rɛ rṇ rạ rć rė rġ rő rś rš rũ rů rȯ","2/833":"āč āś āḍ āṭ āq","1/14":"ʃɑ ır ız ľa ľk ľn ɛḳ ɛṣ ɛd ɛf œc ɛl ɛn œk ɛs ṛn ża","6/104195":"zŭ","4/25":"ṭā șt ạn ṭh ṭi","1/59":"ća će ću","1/26692":"wǒ wʲ wã wæ wî wę wĝ wį wŏ","3/26692":"wǔ wà","3/118":"ći","2/241363":"uș","1/482726":"uț uò uč uğ uń uś uǐ","4/1743663":"sə sì sú","1/19":"ʔa ʔi ʔv ʔæ ʔí ēk ēy ﬁv ﬁb","4/19":"ʔe ʔų ﬁr","2/1743663":"sɨ sˠ sˤ sê sœ sť sų sǐ","1/1743663":"sɪ sḥ sṭ sử sà sç sï só sô sù sć sč sē sę sĳ sŏ sũ sſ sǒ","1/7945":"xǐ xq xé xí xó xø xĉ xč xū xŭ","1/36":"ṣɛ ṣḥ ṣe ṣn ṣk ṣv ṣu ṣy ṣâ ṣū","1/25":"ṭī și ạẓ ạd ạb ạm ạz ðd ði ðm ðu ðɛ ṭe ṭr","1/983236":"tɔ tə tɨ tʰ tế tå tç tì tõ tę tł","1/3":"ʕa ʕi ċe ċi ğa ğl ậd ậi ậz ḫp ịa ịn ɨk ɨt ǫn ño ɾi ýc ýv ÿe","5690/35207":"ĉa","44/105621":"ĉb","3/35207":"ĉc","908/105621":"ĉd","1/965452":"uɑ uɔ uʔ uṯ uế uố uⁿ uà uâ uæ uë uì uć uě uŋ uţ uż uǎ","11029/35207":"ĉe","5/35207":"ĉf","4/35207":"ĉg","1/5559":"ĉh","3/833":"āš āḥ āw","41197/105621":"ĉi","2/6213":"ĉj","97/105621":"ĉk","12/35207":"ĉl","62/35207":"ĉm","13/105621":"ĉn","1966/35207":"ĉo","40/35207":"ĉp","79/105621":"ĉr","21/35207":"ĉs","53/105621":"ĉt","2524/105621":"ĉu","25/105621":"ĉv","3/983236":"tʃ","1/35207":"ĉy","1/581221":"sʰ så sơ","1/22":"ąć ąž ńc śn àt äu ąb ąc ąd","2/31":"ăş ăs ăt","3/1966472":"tʲ tò tø tő tū","1/455577":"vɹ về vq võ vü vē vė vş vš","2/19":"ʔú ēl ēs ﬁt ﬁk şi","2/7":"ſʒ ňo ḷa ṛṣ","23/97":"ča","26/97":"če","13/97":"či","4/97":"čk ču","2/97":"čn čo čp čí","5/97":"čt","3/22":"ąż","1/105621":"ĉĉ ĉĝ ĉĥ","2/25":"șa ạo ða ðe ðo ṭṭ","6/25":"șe ại","2/47":"đa đô đă åd đứ","1/97":"čá","6/47":"đe","11/25":"șo","1/31":"ăț úa úd új úm ăl ău ăz","5/47":"đi đo","1/47":"đm đì đư ås đề đị","3/47":"đu đà åg","7/11":"ța","1/38":"ēd ēg ēi ēm ēt ēō","3/38":"ēn","5/38":"ēr","1/1":"ĕv ḏr ĩn ḑr ḗr ất ần ºg ǃx ẫu ņu ặn ḻu ểu ṁh ễn ꞑa ǥu ỏi ɬn ɤɑ ům ờn ŷr ợn ừa ɹə ṯa","1/12":"ėd ğı ǐh ǐn ǐy ṣṇ","1/6":"ėn ės ﬂa ﬂi ﬂe ʰˤ ḥi ŏh ṅk ɨw àn ɨə","2/33":"ęb ài","4/33":"ęc ęs ôm","1/33":"ęg ęz ęś ęż äc ää","5/33":"ęt","2/29":"ěb ěk ěl ěř ës ùg ùj ùr ùs","1/29":"ěd ěi ěm ěs ěš çã ùb ùm ùt ùy","4/29":"ěn ěz","3/29":"ět çe","25636/162073":"ĝa","198/162073":"ĝb","33/162073":"ĝc","576/162073":"ĝd","17105/162073":"ĝe","155/162073":"ĝf","31/162073":"ĝg","44/162073":"ĝh","79605/162073":"ĝi","7/9":"ơn","95/162073":"ĝj","387/162073":"ĝk","442/162073":"ĝl","158/162073":"ĝm","60/162073":"ĝn","32855/162073":"ĝo","306/162073":"ĝp","1/9":"ơu ơⁿ ők šk ṣṭ ýs","233/162073":"ĝr","4/3953":"ĝs","371/162073":"ĝt","76/3953":"ĝu","97/162073":"ĝv","1/162073":"ĝw ĝĵ","12/162073":"ĝz","1/48":"ğe ğä ğü šč","1/16":"ği ûd ûm","2/13":"ườ ḍp ḍā ŋŭ ện","1/13":"ượ ḍd ḍr ưa ưn ưu ře","1/24":"ğr ğu","1/2":"ḇe ħa ﬂo ḳu ết ɣy ṇa ţa ɣə","1/1936707":"aꞑ aḍ aḑ aẖ aâ að aɪ aʀ","7/8":"ġa","54/162073":"ĝĉ","234/889":"ĥa","2/2667":"ĥd","7/162073":"ĝŝ","122/889":"ĥe","1/2667":"ĥf","166/889":"ĥi","5/2667":"ĥk","4/889":"ĥl ĥs","47/2667":"ĥm","10/889":"ĥn","40/127":"ĥo","4/2667":"ĥp","41/2667":"ĥr","1/10":"ʲa ʲi ʲə ʲɪ ḥm ḥu ən ųk õi õl õr","52/2667":"ĥt","7/381":"ĥu","7/13":"ḍa","1/8":"ġā ɡə ɡʷ ûr ûs ût","1/5":"ʲt ạc ɑm ǒn ũf ũn ũô õn ųł","1/4":"ʷa ʷi ʷo ĭn ếu ţe ǧu ốc ồn ǧǧ ủn ủy ûn ʌl","1/178":"īa īf īh īi īk īp īw īʔ","1/89":"īb īd īz öc","17/178":"īl","3/89":"īm īy","25/178":"īn","2/89":"īq īś","7/178":"īr","5/178":"īs","3/178":"īt","11/178":"īv","3/7":"ẓā ſs","1/30":"ḥạ ḥk ḥt ḥq əc əl əɣ","1/126":"ıb ıd ıf ıy ıç ıü","4/63":"ık","1/18":"ıl őd őf ői ṣā","11/126":"ım","5/126":"ın","1/42":"ıo ış ñj","1/63":"ıp ığ øe øg øh øi øl øm øt øv","2/63":"ıs ıt øj øk","3/19":"ﬁn ﬁe ﬁc","337/11255":"ĵa","81/45020":"ĵb","19/45020":"ĵc","15/4502":"ĵd","406/11255":"ĵe","193/45020":"ĵf","9/9004":"ĵg ĵh","67/11255":"ĵi","3/22510":"ĵj","229/45020":"ĵk","28/11255":"ĵl","211/45020":"ĵm","29/45020":"ĵn","37037/45020":"ĵo","64/11255":"ĵp","129/45020":"ĵr","109/22510":"ĵs","38/11255":"ĵt","2541/45020":"ĵu","123/45020":"ĵv","1/9004":"ĵz","5/13":"ươ ệm ệt","8/13":"ản","4/13":"ảo","1/11255":"ĵĝ","1/45020":"ĵŝ","11/30":"ḥa","1/7":"ľu ňj ḷe ḷo ḷu ɛm ɛv ḷā ɪf ɪl ɪn ṛh ʃi że ſc ſt","1/1065504":"dﬂ dṛ dồ dê dą dč dĭ dł dň dũ dů dǎ dǫ dɛ dʌ","1/2893605":"eﬂ eḇ eḻ eṣ eã eë eö eø eþ eć eň eź eſ eǔ eɬ eʔ","1/964535":"eﬁ eľ eż ež eș","1/183281":"fﬁ fë fî fù","88/159":"ła","2/159":"łc łi łk łę łł","1/53":"łe łh ły","1/159":"łm łą","23/159":"ło","4/159":"łs","3/53":"łu","1/15":"ḥā ɔs əm əs əw","1/66":"ńk àr","17/33":"ńs","1/682347":"iﬁ iṭ iç","7/159":"łó","1/1109060":"nﬂ nà nî nò nû","4/21":"ǎi ǎo","10/21":"ǎn","2/21":"ǎx","1/1396966":"oﬁ oó oā oč ož","3/13":"ŋk že ži","2/15":"ɔh","9/46":"ṇḍ","3/244":"ōa ōb ōc ōz","3/122":"ōd ōi ōr","1/244":"ōe ōf","5/122":"ōg","1/61":"ōh","23/244":"ōj","3/61":"ōk","1/122":"ōl ōo ōs","5/244":"ōm ōw ōy","7/61":"ōn","15/244":"ōt","1/46":"ṇṇ ṇẽ ṇh ṇo ṇu ṇā îd îf îr üm","3/5":"ǒu","5/6":"ŏn ṅg","5/18":"ős","5/11":"ˠa","9/14":"œu","1/137":"âṇ âd âi âj âs âu âw âⁿ âê","1/3873414":"aḏ aṁ aṛ aº aà aá aä aæ aþ aÿ ař aţ ať aū aż aɡ aʊ","4/5":"ền","4/1936707":"aḥ aṭ","1/317256":"bḕ bṭ bạ bả bộ bê bì bø bú bă bč bē bė bę bœ bǐ bɑ bə bɛ","1/1291138":"aḷ aṣ aì aô","7/1291138":"aṃ aí","11/3873414":"aṅ ağ","5/1291138":"aṇ","1/26":"řa ři","1/115":"ūṭ ūc ūg ūs ūw ūy","7/44":"śa","1/44":"śc śo śŭ àu äd äf äh äm","5/88":"śi śy ść","3/88":"śl","2/2893605":"eḷ eß eà eç eé eí eń eř eɪ","1/88":"śu śī","7/88":"św","3/35":"ṃd","1/35":"ṃh ṃk ṃy","9/35":"ṃg","6/35":"ṃv ṃs","1/398153":"cả cổ cç cü cē cʔ","19845/57086":"ŝa","27/57086":"ŝb","1/57086":"ŝc ŝì ŝŝ ŝŭ","7/28543":"ŝd ŝg","15/26":"řá","1347/57086":"ŝe","77/57086":"ŝf ŝh","14085/57086":"ŝi","22/28543":"ŝj","282/28543":"ŝk","487/28543":"ŝl","213/28543":"ŝm","23/2482":"ŝn","3625/57086":"ŝo","486/28543":"ŝp","5/26":"ří","155/28543":"ŝr","43/57086":"ŝs","5903/28543":"ŝt","829/28543":"ŝu","509/57086":"ŝv","5/57086":"ŝx","18/95":"şa","14/95":"şe","6/95":"şk şı","1/95":"şl şs şu şâ şä şç şö şş","2/95":"şm","7/95":"şt","1/1364694":"iṃ iể iæ ië ið iü iţ iū iə","1/2729388":"iṅ iạ iế iâ iã iä iø iù iı iŏ iř iť iż iſ iơ iǒ","2/23":"ṇi îm","13/88":"śā","1/366562":"fẹ fq fô fú fē fĝ fı fō fő fū fɪ fɾ fʕ fˠ","7/2729388":"iṣ iș","13/144":"ša","1/144":"šc šp šq šv šy ší šā šū","11/72":"še št","23/144":"ši","1/72":"šn šo","5/144":"šu","1/1817909":"lḥ lạ lủ lå læ lç lë lì lõ lû lý lő lǎ lǐ lǔ lə lʔ","6/167671":"hạ hà hù","3/167671":"hả hố hồ hç hø hú hư","2/167671":"hấ hå hæ hë hû hă hı","1/454898":"iẓ ič iń iǎ","3/57086":"ŝĉ","1/223193":"kṛ","1/669579":"kṣ kà kå kæ kí kř kš","1/167671":"hệ họ hỏ hủ hừ hữ hę hě hŝ hǒ hǔ","1/448293":"gủ gữ gí gò gă gē gĵ","1/40":"ßc ßd ßi ßl ßn ßw","21/40":"ße","3/40":"ßk","3/44":"śū äg äl","1/909796":"iề iê iö iú iğ iň iś iț","4/35":"ṃś","1/227449":"iệ iş","1/132":"àa àb àf àj àm àz äj äo","1/875427":"mṛ mẫ mè mē mę mġ mľ mư mǎ mǐ mə","7/132":"ào äs","2/5":"ťa","1/714":"áa áu áí áñ áʕ","1/51":"áb","4/119":"ác","25/714":"ád ák ás","2/119":"áe áv āc","1/238":"áf áľ","1/102":"ág","1/900275":"pḗ pâ pã pç pî pē pė pę pĝ pī pĳ pš pū pŷ","5/714":"áh áy","5/238":"ái áz áč","2/357":"áj","22/357":"ál","1/34":"ám áp ìo ìp ìt ìz","76/357":"án","1/357":"áo áw áx áš","12/119":"ár","3/119":"át","7/2793932":"oṇ oñ oł","2/137":"âb âh ây","11/137":"âc","4/137":"âg âz","1/23":"ṇī ūm îs","10/137":"âl","8/137":"âm","31/137":"ân","5/137":"âr","44/137":"ât","4/875427":"mạ","2/81":"ãi ãs","1/81":"ãj","22/27":"ão","1/264":"äb äe äk äx","5/132":"äi","1/2218120":"nặ nõ nú ną nđ nĕ nė nĭ nų nɔ nə nɡ","41/264":"än","31/264":"är","43/264":"ät","3/94":"åb","363/645569":"aa","20323/1936707":"ab","17127/1291138":"ac","1/1966472":"tḗ tḥ tṛ tả tứ tæ tù tğ tũ tư","117701/3873414":"ad","3302/1936707":"ae","7631/1936707":"af","5/94":"åk","10619/1291138":"ag","19/94":"ål","4477/3873414":"ah","9365/3873414":"ai","9/94":"ån","524219/3873414":"aj","11868/645569":"ak","53706/645569":"al","119209/3873414":"am","4/47":"år","230552/1936707":"an","235/133566":"ao","1/94":"åt åð åœ","9404/645569":"ap","119/1291138":"aq","266059/3873414":"ar","323381/3873414":"as","2636/66783":"at","1931/1291138":"au","28682/1936707":"av","1987/3873414":"aw","701/3873414":"ax","2168/1936707":"ay","14888/1936707":"az","1/98":"æc æi æl æv æð","5/14":"æd ṛt","6085/39657":"ba","1/49":"æf æg æo æp æu","1001/317256":"bb","179/79314":"bc","773/317256":"bd","31705/317256":"be","431/317256":"bf","73/158628":"bg","85/39657":"bh","3/98":"æm æn ær","1374/13219":"bi","951/105752":"bj","271/158628":"bk","4387/26438":"bl","509/105752":"bm","103/39657":"bn","3/49":"æs","58235/317256":"bo","15/98":"æt","479/158628":"bp","11/317256":"bq bí","3/965452":"uḥ uè uā uđ uŭ","40733/317256":"br","3911/158628":"bs","827/79314":"bt","3193/52876":"bu","389/317256":"bv","29/105752":"bw","1/26438":"bx","689/317256":"by","29/317256":"bz","2/115":"ūd ūj ūq ūz","67/232":"ça","33021/398153":"ca","503/398153":"cb","3/115":"ūk ūō","212/56879":"cc","1/232":"çh çk çá çë çõ çā","9/115":"ūl","146/56879":"cd","3/116":"çi çu ëa ëd","74044/398153":"ce","12/115":"ūn","733/398153":"cf","372/398153":"cg","7/115":"ūp","16356/398153":"ch","145948/398153":"ci","4/115":"ūr","83/398153":"cj","45/116":"ço","5192/398153":"ck","34/115":"ūt","3741/398153":"cl","204/56879":"cm","510/398153":"cn","84080/398153":"co","1677/398153":"cp","219/398153":"cq","3607/398153":"cr","2068/398153":"cs","5073/398153":"ct","1/241363":"uṇ uß uê uł už","2929/398153":"cu","544/398153":"cv","73/398153":"cw","7/1856639":"rầ rã rç","1075/398153":"cy","181/398153":"cz","2/307":"èb èi","4/307":"èc","7/307":"èd","43267/355168":"da","1391/1065504":"db","23/307":"èg","63/88792":"dc","839/532752":"dd","147573/355168":"de","299/266376":"df","625/532752":"dg","8/307":"èl","2633/1065504":"dh","14/307":"èm","11969/88792":"di","25/307":"èn èv","461/1065504":"dj","1657/1065504":"dk","601/266376":"dl","9/307":"èq","6407/1065504":"dm","108/307":"èr","1505/1065504":"dn","52/307":"ès","87529/532752":"do","3/307":"èt","829/355168":"dp","13/532752":"dq","5/965452":"uṣ uš","13595/1065504":"dr","1141/266376":"ds","29/44396":"dt","1/307":"èy èz","41207/532752":"du","1069/532752":"dv","623/1065504":"dw","13/355168":"dx","864/28205":"ŭa","1057/1065504":"dy","889/141025":"ŭb","267/141025":"ŭc","521/177584":"dz","3648/141025":"ŭd","17/484":"éa","5009/141025":"ŭe","2/1856639":"rị rî rÿ rą rę rş","43/1936":"éb","829/141025":"ŭf","7/176":"éc","2438/141025":"ŭg","79/1936":"éd ém","33/28205":"ŭh","467/28205":"ŭi","135/1936":"ée","26002/2893605":"ea","5/1936":"éf","93/141025":"ŭj","26783/2893605":"eb","49/1936":"ég","579/141025":"ŭk","73912/2893605":"ec","2/645569":"aß aś","7/1936":"éh éq","2312/141025":"ŭl","12197/578721":"ed","7/484":"éi","496/141025":"ŭm","3548/964535":"ee","1/242":"éj éx","19/5641":"ŭn","10552/964535":"ef","5/968":"ék éâ","598/141025":"ŭo","15144/964535":"eg","97/1936":"él","74/152295":"eh","753/141025":"ŭp","11228/2893605":"ei","2/455577":"vṛ và vã vý vč vı vĵ","101/1936":"én","3161/28205":"ŭr","46484/2893605":"ej","3/645569":"aç aé","25/968":"éo","677/28205":"ŭs","5294/87685":"ek","47/1936":"ép","8012/141025":"ŭt","11948/192907":"el","738/141025":"ŭu","34233/964535":"em","241/1936":"ér","624/141025":"ŭv","97421/578721":"en","3/141025":"ŭw","17/1936707":"aë","81/1936":"és","24718/2893605":"eo","2/141025":"ŭx","27/484":"ét","1766/152295":"ep","1/484":"éu","224/2893605":"eq","5/3873414":"aî aú","9/242":"év","873/28205":"ŭz","335603/2893605":"er","4/645569":"aï","8312/74195":"es","28751/964535":"et","1/968":"éy","10/645569":"añ","3934/2893605":"eu","15/968":"éz","2809/192907":"ev","3416/2893605":"ew","761/964535":"ex","5/4047":"ey","48566/2893605":"ez","1/67":"êb êd êp ês êz","2/1936707":"aü ać aī až aǔ","36501/183281":"fa","195/366562":"fb","345/366562":"fc","5/317256":"bà bâ bō","148/183281":"fd","31/317256":"bá","22269/183281":"fe","1090/183281":"ff","249/183281":"fg","1/39657":"bä","4/67":"êl","69/366562":"fh","1/158628":"bå bò bô bľ bǎ","7/67":"êm","36581/183281":"fi","9/67":"ên","37/183281":"fj","439/366562":"fk","1/79314":"bè bī bū","11346/183281":"fl","2/67":"êq","53/317256":"bé","429/183281":"fm","123/366562":"fn","879/1291138":"aĉ","1/105752":"bë bě","34679/183281":"fo","23/67":"êt","35/26183":"fp","3/67":"êv","5/1936707":"ač","14615/183281":"fr","969/366562":"fs","7/965452":"uả","7358/183281":"ft","20535/366562":"fu","7/3873414":"ađ","239/366562":"fv","19/183281":"fw","19/317256":"bó","15/366562":"fx fá","67/183281":"fy","3/52366":"fz","9/105752":"bö","1/58":"ëb çı","7/317256":"bù","11/158628":"bü","27221/149431":"ga","1/116":"ëf ëg ëz","145/149431":"gb","232/448293":"gc","2632/645569":"aĝ","320/149431":"gd","34/398153":"cá","36841/448293":"ge","23/317256":"bā","1/56879":"câ","439/448293":"gf","2/398153":"cã cè cê cî","202/149431":"gg","23/116":"ël","4550/448293":"gh","123406/448293":"gi","3/398153":"cæ cö cĥ","8/29":"ën","30/149431":"gj","11/19491":"gk","598/1936707":"aĥ","3902/149431":"gl","40/398153":"cé","2572/448293":"gm","9/116":"ër","22/39657":"bĉ","18056/448293":"gn","50093/448293":"go","5/116":"ët","20/6497":"gp","4/56879":"cí","35/448293":"gq","68743/448293":"gr","1408/448293":"gs","476/149431":"gt","16499/448293":"gu","4030/149431":"gv","17/398153":"có","265/448293":"gw","8/149431":"gx","11/398153":"cô","13/5037":"gy","50/149431":"gz","20288/1936707":"aĵ","1/17":"ìa ād āy","5/232":"çü","4/398153":"cú cœ","52404/167671":"ha","205/167671":"hb","4/39657":"bĝ","249/167671":"hc","1/532752":"dà dã dì dø dă dř dư","564/167671":"hd","5/532752":"dá","30470/167671":"he","1/266376":"dâ dæ dë dô dē dı dő dū","15/398153":"cā","173/167671":"hf","103/167671":"hg","1/133188":"dä","143/167671":"hh","19/3873414":"ał","26009/167671":"hi","2/9863":"hj","5/34":"ìn","41/3873414":"ań","186/167671":"hk","25/158628":"bĥ","1/88792":"dè dó","794/167671":"hl","115/1065504":"dé","1009/167671":"hm","27/398153":"cĉ","2319/167671":"hn","2/17":"ìs","27084/167671":"ho","31/23953":"hp","3/177584":"dí","5/23953":"hq","5/1065504":"dî","2154/167671":"hr","668/167671":"hs","2132/167671":"ht","6449/167671":"hu","1/355168":"dò dû dĥ dź dž dʒ","114/167671":"hv","445/167671":"hw","5/167671":"hx hò hŭ","201/23953":"hy","1/96864":"dö","48/23953":"hz","101/317256":"bĵ","83/426":"ía","1/213":"íb íe íž","4/213":"íc","1/177584":"dú dě dĵ","5/426":"íd","9/355168":"dü","65967/909796":"ia","1/142":"íf íč","37537/2729388":"ib","5/398153":"cĝ","5/213":"íg íl","23777/1364694":"ic","1/426":"íh íu íx íy íð","68003/2729388":"id","4/2893605":"eá eï","4697/3873414":"aŝ","26522/682347":"ie","1/48432":"dā","14735/1364694":"if","5/645569":"aş aš","8/213":"ík","77317/1364694":"ig","157/682347":"ih","1/1936":"éé","1/222585":"eå eś","2/213":"ím ír","3951/454898":"ii","13/71":"ín","373/1364694":"ij","4/71":"ío","18519/454898":"ik","11402/227449":"il","1891/71826":"im","83/532752":"dĉ","21712/227449":"in","47/426":"ís","98005/1364694":"io","1/71":"ít íz","368/35913":"ip","3/23942":"iq","3/142":"ív","5627/227449":"ir","387109/2729388":"is","13847/143652":"it","2/222585":"eñ","30340/682347":"iu","2297/66783":"aŭ","67951/2729388":"iv","4/578721":"eó","6/398153":"cı","161/2729388":"iw","181/682347":"ix","195/909796":"iy","8080/682347":"iz","9/398153":"cĵ","37059/1144009":"ja","1036/1144009":"jb","7/177584":"dĝ","90/1144009":"jc","44/60211":"jd","161/317256":"bŝ","20150/1144009":"je","129/141025":"ŭĉ","333/1144009":"jf","155/1144009":"jg","5/183281":"fä","7/46":"îl ît","125/1144009":"jh","10/398153":"cł","3/366562":"få fæ fê fă","99/60211":"ji","11/46":"în","153/1144009":"jj","716/1144009":"jk","2/183281":"fè fī","142/60211":"jl","59/366562":"fé","147/60211":"jm","5008/2893605":"eĉ","166125/1144009":"jn","32218/1144009":"jo","3343/1144009":"jp","3/183281":"fí fā","3/1144009":"jq jà jì jô jú jū","5/355168":"dī","2/578721":"eč","2171/1144009":"jr","1186/1144009":"js","5564/1144009":"jt","5/105752":"bŭ","14590/1144009":"ju","457/1144009":"jv","17/366562":"fó","23/1144009":"jw","1/1144009":"jx jå jê jí jù ją jĥ jĭ jĵ jś jǐ jʲ","25/1144009":"jy","4/183281":"fö","41/141025":"ŭĝ","644/1144009":"jz","1/43":"ïb ïe ïv","10/43":"ïd","33/183281":"fü","59188/223193":"ka","563/1339158":"kb","1/141025":"ŭĥ","11513/2893605":"eĝ","4610/223193":"kc","2/448293":"gà gâ gã gê gø gù gę gı gő gʷ","3817/1339158":"kd","7/448293":"gá gĝ","79/398153":"cŝ","66847/1339158":"ke","905/1339158":"kf","4/43":"ïk ïr","4/11747":"kg","5/448293":"gä gå gë gł","9/43":"ïl ïs","1186/669579":"kh","174263/1339158":"ki","61/446386":"kj","659/669579":"kk","398/2893605":"eĥ","14/448293":"gè","40087/1339158":"kl","11/833":"āṃ","65/448293":"gé","2035/1339158":"km","13/366562":"fĉ","7127/1339158":"kn","256085/1339158":"ko","2/43":"ït","967/1339158":"kp","13/833":"āṇ","1/208390":"zạ zà zç zè zí zî zú ză zą","56897/1339158":"kr","17751/446386":"ks","5/266376":"dō","109025/1339158":"kt","47546/669579":"ku","1139/39387":"kv","4/39425":"yễ yù ył","1/19491":"gó","367/1339158":"kw","7/669579":"kx","3/149431":"gô","371/669579":"ky","133/448293":"gö","9453/446386":"kz","113/964535":"eĵ","4/448293":"gú","11/149431":"gü","700108/1817909":"la","4483/1817909":"lb","1444/1817909":"lc","21400/1817909":"ld","108/167671":"há","47/266376":"dŝ","146830/1817909":"le","36/167671":"hâ","22/448293":"gā","12949/1817909":"lf","9/167671":"hã","8962/1817909":"lg","31/167671":"hä","3396/1817909":"lh","2/964535":"eł","307135/1817909":"li","2049/1817909":"lj","21781/1817909":"lk","20/167671":"hè","18259/1817909":"ll","141/167671":"hé","12803/1817909":"lm","3/25":"ðr","4/833":"āṣ āf āz","4/167671":"hê hì hó hē hǎ","4/149431":"gĉ","2437/1817909":"ln","191704/1817909":"lo","20056/1817909":"lp","15/167671":"hí","31/1817909":"lq","2850/1817909":"lr","19261/1817909":"ls","61644/1817909":"lt","5/133188":"dŭ","64467/1817909":"lu","9664/1817909":"lv","327/1817909":"lw","2/23953":"hô hū","19/1817909":"lx","2205/1817909":"ly","58/167671":"hö","250/1817909":"lz","8/183281":"fĵ","3/28205":"ŭŝ","67/168":"ña","1/84":"ñc ñá","5/168":"ñe ñi","50/167671":"hü","30365/125061":"ma","10088/291809":"mb","5/2729388":"iß ią iŋ iž","439/291809":"mc","7/1364694":"ià","1343/875427":"md","25/2729388":"iá","842/2893605":"eŝ","48171/291809":"me","128/167671":"hā","880/291809":"mf","4/964535":"eş eš","446/875427":"mg","437/875427":"mh","109433/875427":"mi","325/875427":"mj","1426/875427":"mk","1/56":"ñp","33/909796":"iè","1156/875427":"ml","43/2729388":"ié","3695/875427":"mm","676/291809":"mn","50384/291809":"mo","3607/41687":"mp","1/168":"ñu ñé ñó","2/125061":"mq","1525/875427":"mr","4183/875427":"ms","1859/875427":"mt","17/1364694":"iñ","643/263055":"eŭ","56566/875427":"mu","664/875427":"mv","13/909796":"ió","122/291809":"mw","29/875427":"mx","1205/875427":"my","64/875427":"mz","4/37":"òa","1/37":"òc òl","144297/2218120":"na","227/221812":"nb","1409/48220":"nc","141557/2218120":"nd","8/1144009":"já jā","23/183281":"fŝ","124429/2218120":"ne","5/1364694":"iā","2764/277265":"nf","10931/443624":"ng","1/60211":"jä","6177/2218120":"nh","153521/2218120":"ni","8/37":"òn","867/554530":"nj","7947/221812":"nk","4/1144009":"jè jë","25/682347":"ić","993/443624":"nl","11/1144009":"jé","2641/1109060":"nm","2/37":"òr","247/110906":"nn","3923/1364694":"iĉ","187173/2218120":"no","4767/2218120":"np","3/37":"òu","12/167671":"hī","7/110906":"nq","3623/2218120":"nr","81841/2218120":"ns","1/149431":"gō","60957/443624":"nt","5/366562":"fŭ fǎ","18/1144009":"jñ jī","8346/277265":"nu","1414/277265":"nv","13/1144009":"jó jō","81/554530":"nw","79/2218120":"nx","189/221812":"ny","22/1144009":"jö","388/277265":"nz","9/1144009":"jø","9/367":"ób","8/367":"óc óm","3/909796":"ię iō","7/367":"ód","15/1144009":"jü","1060/698483":"oa","2/367":"óf óh óy","21399/2793932":"ob","3/367":"óg ój ót","2467/143652":"iĝ","21335/2793932":"oc","42757/2793932":"od","4/367":"ói óv óż","1/39387":"ká","100/448293":"gŝ","4787/2793932":"oe","1/446386":"kâ kô ký","20175/1396966":"of","17/367":"ók","1/645569":"aș","30563/2793932":"og","7/1339158":"kä kĥ","10/367":"ól óz","2255/1396966":"oh","3593/2793932":"oi","144/367":"ón","228371/1396966":"oj","4/669579":"kç kë kū","17/454898":"iĥ","65283/2793932":"ok","16/367":"óp ós","110017/2793932":"ol","10/669579":"ké kō","122265/2793932":"om","1/1339158":"kê kî kõ kú kē kę kş kɔ kʰ","32/367":"ór","67/1144009":"jĉ","112779/698483":"on","6471/2793932":"oo","23355/1396966":"op","83/2793932":"oq","69605/698483":"or","28/367":"ów","32869/1396966":"os","52/167671":"hō","39673/2793932":"ot","10/149431":"gŭ","9117/2793932":"ou","77031/2793932":"ov","3/223193":"kó","811/698483":"ow","1275/2793932":"ox","1409/2793932":"oy","103/1339158":"kö","13659/2793932":"oz","17/2729388":"iĵ","1/99":"ôa ôd ôf ôh","2/99":"ôb ôi ôs ôy","2/1144009":"ję","1/70482":"kü","104174/900275":"pa","224/900275":"pb","4/99":"ôg ôp","1111/900275":"pc","110/1144009":"jĝ","6/1817909":"là","631/900275":"pd","65/1817909":"lá","124683/900275":"pe","7/1817909":"lâ","31/1339158":"kā","282/900275":"pf","303/900275":"pg","27/1817909":"lä","168/36011":"ph","2/682347":"ił","40372/900275":"pi","63/900275":"pj","20/99":"ôn","92/180055":"pk","29/1817909":"lè lĥ","130672/900275":"pl","177/1817909":"lé","168/180055":"pm","263/1339158":"kĉ","11/1817909":"lê","99/180055":"pn","243571/900275":"po","16/99":"ôt","2221/900275":"pp","11/900275":"pq pá","38/1817909":"lí","2/1817909":"lî lú lþ lă lė lĩ lō lŷ lɔ","7165/36011":"pr","4411/900275":"ps","20158/900275":"pt","31934/900275":"pu","14/1817909":"lò","409/900275":"pv","42/900275":"pw","28/1817909":"ló","3/1817909":"lô lą lū","13/900275":"px pä","346/900275":"py","16/1817909":"lö","13/180055":"pz","4/1817909":"lø lē","3/10":"õe","42/1817909":"lü","327/4169":"qa","31/4169":"qb","26/4169":"qc qo","11/669579":"kĝ","5/875427":"mà mô","12/4169":"qd qh qv","29/4169":"qe","46/875427":"má","293/454898":"iŝ","30/1817909":"lā","19/4169":"qf qr","20/875427":"mâ","1/291809":"mã mî mø mě mʲ","10/4169":"qg","11/875427":"mä mŭ","17/875427":"må","23/2729388":"iš","419/4169":"qi","5/4169":"qk qx","5/379":"ql qs","2/379":"qm","136/875427":"mé","4/4169":"qn","785/1817909":"lĉ","7/4169":"qp","4/291809":"mí","2/223193":"kī","3/56":"ññ","37/4169":"qq","30/4169":"qt","29/2729388":"iŭ","2445/4169":"qu","16/4169":"qw","5/669579":"kı kĵ","5/291809":"mó mĝ","2/4169":"qy qì qı qū","8/4169":"qz","4/125061":"mö","5/623":"öb","1/125061":"mú mı","74/623":"öd ön","85/875427":"mü","304332/1856639":"ra","5/84":"ñā","9/623":"öf","23350/1856639":"rb","15/623":"ög ök","901/1817909":"lĝ","17971/1856639":"rc","40/623":"öh","35100/1856639":"rd","1/623":"öi öj öö öş","41/1144009":"jŝ","3/110906":"ná","284465/1856639":"re","29/291809":"mā","7459/1856639":"rf","1/554530":"nã nô nö","20417/1856639":"rg","3/1109060":"nä në nč nē nı","38/623":"öl","1236/1856639":"rh","25/623":"öm","274424/1856639":"ri","1/443624":"næ ně nō nț","532/1856639":"rj","127/2218120":"nç","33429/1856639":"rk","1/221812":"nè","44/623":"öp","12415/1856639":"rl","163/2218120":"né","67085/1856639":"rm","10/89":"ör","20/125061":"mĉ","31141/1856639":"rn","37/623":"ös","318157/1856639":"ro","11170/1856639":"rp","103/623":"öt","17/1817909":"lī","27/2218120":"ní","154/1856639":"rq","3/623":"öv","5929/1856639":"rr","2/623":"öw öß öğ","34589/1856639":"rs","95758/1856639":"rt","12/623":"öy öz","5/1144009":"jŭ","60446/1856639":"ru","20340/1856639":"rv","3/443624":"nó","12/1817909":"lı","679/1856639":"rw","126/1856639":"rx","5491/1856639":"ry","660/1856639":"rz","105/1817909":"lĵ","21/2218120":"nü nŭ","67258/1743663":"sa","591/581221":"sb","5/1396966":"oß","6151/581221":"sc","3/2793932":"oà oç oö","4931/1743663":"sd","11/70482":"kŝ","121906/1743663":"se","5/221812":"nā","4682/1743663":"sf","11/2793932":"oã","238/581221":"sg","2938/581221":"sh","144373/1743663":"si","143/1743663":"sj","15871/581221":"sk","2285/581221":"sl","9/2793932":"oé oś","13162/1743663":"sm","1499/554530":"nĉ","371/581221":"sn","23/2793932":"oë","24174/581221":"so","2/9":"ṣa","67564/1743663":"sp","10/875427":"mī","110/581221":"sq","2113/1743663":"sr","13/2793932":"oï","10258/1743663":"ss","160075/581221":"st","1/367":"óõ","5/446386":"kŭ","88339/1743663":"su","1306/581221":"sv","265/581221":"sw","7/36":"ṣi","7/581221":"sx sã","1403/1743663":"sy","239/1743663":"sz","8/875427":"mĵ","1/21":"ød øy","3/28":"żi żn","299225/983236":"ta","1631/1966472":"tb","1986/277265":"nĝ","1293/1966472":"tc","1/28":"żl żo żu üs żā żę","399/983236":"td","1307/1817909":"lŝ","282309/1966472":"te","677/491618":"tf","1269/1966472":"tg","14895/1966472":"th","3/900275":"på pö pł","388037/1966472":"ti","8/63":"øn","29/900275":"pæ","143/491618":"tj","3/277265":"nĥ","3745/1966472":"tk","22/900275":"pè","5255/1966472":"tl","99/900275":"pé","809/245809":"tm","2/900275":"pê pô pü pĥ pĵ pľ pō pə","26/63":"ør","3271/2793932":"oĉ","3567/1966472":"tn","5/63":"øs","162901/983236":"to","2253/983236":"tp","7/900275":"pí pó","3/14":"ży","7/1966472":"tq tô tă","1/277265":"nī","45301/491618":"tr","1571/491618":"ts","2/291809":"mō mū","3181/983236":"tt","21/1817909":"lŭ","77927/1966472":"tu","789/491618":"tv","861/1966472":"tw","6/245809":"tx","2899/983236":"ty","227/491618":"tz","19/554530":"nĵ","12/900275":"pú","10171/241363":"ua","31901/965452":"ub","3949/482726":"uc","4399/2793932":"oĝ","34143/965452":"ud","6/698483":"oğ","157/875427":"mŝ","5189/482726":"ue","8/180055":"pā","1348/241363":"uf","1827/241363":"ug","141/241363":"uh","19333/965452":"ui","6/29":"ùn","48683/965452":"uj","59/698483":"oĥ","38819/965452":"uk","23159/241363":"ul","28179/482726":"um","18/900275":"pĉ","162931/965452":"un","20137/965452":"uo","29013/965452":"up","131/965452":"uq","117703/965452":"ur","54533/965452":"us","21791/482726":"ut","353/965452":"uu","960/241363":"uv","85/482726":"uw","5/39":"ža","261/965452":"ux","3/2218120":"nő","223/965452":"uy","18243/482726":"uz","1/39":"žd žk","65/2793932":"oĵ","10/93":"úb","2/93":"úc út úv úx","144455/455577":"va","49/151859":"vb","182/455577":"vc","1/93":"úh úk úp úñ","4/1856639":"rà rë ră","214/151859":"vd","4/93":"úi","50/1856639":"rá","509/1109060":"nŝ","32353/151859":"ve","9/1856639":"râ ræ rø","6/4169":"qā qī","95/455577":"vf","78/151859":"vg","11/93":"úl","22/1856639":"rä","97/455577":"vh","14/1856639":"rå","124174/455577":"vi","4/31":"ún ús","1070/455577":"vj","2/39":"žs žą","320/455577":"vk","38/1856639":"rè","192/151859":"vl","4/39":"žu","252/1856639":"ré","340/455577":"vm","10/1856639":"rê","3/31":"úr","286/455577":"vn","65996/455577":"vo","5/1856639":"rì rž","293/455577":"vp","82/1856639":"rí","1333/151859":"vr","862/455577":"vs","6/1856639":"rð rđ","319/455577":"vt","8722/455577":"vu","134/455577":"vv","6/151859":"vw ví","6/900275":"pı","44/1856639":"ró","11/1856639":"rô rú rū","20/455577":"vx","256/455577":"vy","98/1856639":"rö","13/151859":"vz","3/1856639":"rù rý rč","15/2793932":"oř","67/1856639":"rü","3059/13346":"wa","113/26692":"wb","71/13346":"wc","40/6673":"wd","28/1743663":"sá","3343/2793932":"oŝ","872/6673":"we","2/581221":"sâ sî","42/1856639":"rā","26/6673":"wf","55/26692":"wg","14/1743663":"sä sø","1103/26692":"wh","25/2793932":"oš","1112/6673":"wi","11/26692":"wj wz","38/6673":"wk","10/1743663":"sè","285/26692":"wl","139/26692":"wm","146/1743663":"sé","2935/1856639":"rĉ","181/6673":"wn","2569/26692":"wo","25/6673":"wp","13/26692":"wq","4/581221":"sí","259/13346":"wr","207/6673":"ws","135/13346":"wt","115/2793932":"oŭ","76/6673":"wu","21/13346":"wv","153/13346":"ww","3/13346":"wx wá","197/26692":"wy","6/581221":"sö sĵ","1/322":"üa","25/322":"üb","31/644":"üc","19/644":"üd ük","5/322":"üe","26/1743663":"sü sā","604/7945":"xa","3/644":"üf","93/7945":"xb","15/644":"üg","194/7945":"xc","5863/1856639":"rĝ","13/322":"üh","2/1135":"xd","13/983236":"tà tō","1/644":"üi üj üp üß üé üğ üş","78/900275":"pŝ","3/245809":"tá","353/7945":"xe","5/1966472":"tâ tė","692/7945":"xf","1/491618":"tã tê tî tē tě","9/7945":"xg xj","9/1135":"xh","39/322":"ül","39/1966472":"tä","979/7945":"xi","3/23":"ün","1/1589":"xk","69/1856639":"rĥ","15/1966472":"tè","122/7945":"xl","145/1966472":"té","27/1589":"xm","13/7945":"xn","13/46":"ür","102/581221":"sĉ","1/245809":"të tı","232/7945":"xo","29/644":"üt","493/7945":"xp","16/1856639":"rī","31/1966472":"tí tó","5/644":"üv üz","34/7945":"xr","41/7945":"xs","396/7945":"xt","1/180055":"pŭ","1/161":"üy","176/7945":"xu","17/1135":"xv","12/1856639":"rı","68/7945":"xw","146/7945":"xx","29/1589":"xy","11/1966472":"tö","215/1856639":"rĵ","7/983236":"tú","73/1966472":"tü","3351/39425":"ya","296/39425":"yb","3/581221":"sĝ","689/39425":"yc","542/39425":"yd","23/965452":"uá","53/1577":"ye","53/1966472":"tā","78/39425":"yf","158/39425":"yg","71/39425":"yh","17/1577":"yi","11/39425":"yj yq yń","9/965452":"uç uş","17/1743663":"sĥ","26/7885":"yk","196/7885":"yl","8/241363":"ué","621/39425":"ym","331/983236":"tĉ","1134/39425":"yn","478/7885":"yo","109/7885":"yp","5/1743663":"sī","17/965452":"uí","699/39425":"yr","1738/39425":"ys","529/39425":"yt","19/1856639":"rō","5/482726":"uñ","742/39425":"yu","79/39425":"yv","3/482726":"uó uĥ","7/1743663":"sı","143/39425":"yw","84/39425":"yx","177/39425":"yy","53/39425":"yz","1055/5954":"za","293/208390":"zb","15/41678":"zc","23/1966472":"tĝ","93/104195":"zd","35/455577":"vá","4912/1856639":"rŝ","6485/41678":"ze","1/151859":"vâ vë vă vŭ vư","29/41678":"zf","163/208390":"zg","10/455577":"vä","197/41678":"zh","19/581221":"sł","73767/208390":"zi","23/104195":"zj","254/104195":"zk","7/455577":"vè","73/20839":"zl","363/208390":"zm","29/455577":"vé","4/455577":"vê vö vě","136/104195":"zn","587/965452":"uĉ","3269/14885":"zo","157/104195":"zp","9/1966472":"tī","1/20839":"zq","18/20839":"zr","103/104195":"zs","19/1743663":"sō","307/208390":"zt","20/1856639":"rŭ","4611/104195":"zu","183/208390":"zv","1/2290":"zw","5/5954":"zy","17/16030":"zz","2/245809":"tĵ","1999/482726":"uĝ","100/1743663":"sŝ","62/455577":"vā","7/26692":"wä","1/13346":"wé wó wô wû wą wě wī","13/455577":"vĉ","31/1743663":"sū","47/1743663":"sŭ","3/6673":"wö wł","7/482726":"uĵ","31/26692":"wü","14/455577":"vĝ","399/1966472":"tŝ","11/13346":"wā","3/322":"üç","5/455577":"vī","37/1966472":"tŭ","32/833":"āb","25/833":"āg","27/833":"āh","5/833":"āi āj","3/7885":"yá","2915/965452":"uŝ","4/7945":"xā","3/39425":"yâ yò yĉ yŏ","24/833":"āk āv","37/833":"āl","47/833":"ām","110/833":"ān","16/833":"āo","12/833":"āp","1/7885":"yè yô","75/833":"ār","62/833":"ās","44/833":"āt","8/25":"ṭa","7/151859":"vŝ","1/8015":"zá","1/41678":"zâ zü zā","58/39425":"yā","3/208390":"zä zę zī","3/41678":"zé zó","8/47":"đạ","3/7945":"xī","2/7945":"xĵ","9/31":"ăn","7/31":"ăr","9/208390":"zĉ zı","7/39425":"yī","2/6673":"wŭ","6/39425":"yı","1/14885":"zĝ","21/39425":"yō","1/698483":"oʊ"}}