{"language":"TAMIL","ngrams":{"139/304":"கலகலப","1/2":"மரபரண ழகவரல மரபரன தவரணம யவரகள படடவர உதவரத தனவனத மனஇயல மணடலத ஸஸஸஎன ஸஸஸஎல களமயம உளநலங தபடலம அகநகர பகரனங லகநடப பநயனம ஆழஎநஅ ஒளடதம நயசடள எநசளவ வலகவழ லகடவள ஆகஇரண தகளபக நறநறவ வனவளங மகரபட அறவரம உபயநய இதயரய ஓடஓடத வழககற அரஙகத மரசவல அசலனத கரககர அரபகம அரபகத மயவரம டவனவன அழறவர அழறவங இரமணர இலசவச டவனவக தறதறஎ ததகவல தனமரம ரணமகவ சபரணம தயரதன உலகரண சமரகவ யபரணம நசளழய தனபதய வநகரத லவமரத மனகலக சதபதப ரபலயங ரபலயப தனமரத யடஎநச லவமரம சவரபர யடஎநள இளமனத இளமனச ஈடபடவ பலதலங ளநகரத சனதளம சனதளத தரபபட வனமதம நயனகர கலவலர அபயவர ரசவவல ரதமபத பயவரத தகவனம நடககல சகசமல அவளழக ரமணசர அகமனம வனசரக ணகமலத ணகமலங டபயணம டபயணத னஉணவக ஆழமனத மனஅரங உயளவந அதனபட வலவரல நழசலஸ மனஅளவ பலமதன தவமதத டவரகள ஒளஷதம பலகமம பலகமத ஜலதரங ஜகஜகஜ கபகபவ பகமரக பகமரப கமபதந உதரணங உதரணம அவலவர னஉலகம ஃஃஃஃர அவமனப கசடறக அவமனச நலமனப உழஅஅந உழஅஅவ மனஇயக மரபடக யகவனம யகவனத வநதனர தகமயப தகமயம னபனவற உடலதன தகலவல தகலவர டனஙகள இளவசம வடபளன ககககக மனவறட டபடறத ணசமயத ணசமயம சதவதம பதபதவ சகவயத சகவயச பதபதச வசரவச","1/1":"வஉணவக ஐதரசன இவனளவ ரணஓலம இரணகள மனகசப நளமவழ லரழகன ஆவசரம சமமணல ஜயதஸம பலஅரச ளதமயந வவநசஇ அகரவர யஉநஅந நபரளவ உரசரத கறநசம வகழகம ஷடவசம ழஉமநவ யகமயம பழமகச நஎயடய டஆவணப நஏஐடந சநஎழட தவசலம யகமரப ழநவசல மரணஅற கடசலப னபலவற யவடகர பபரவல ஆறஅமர ஒளரகச லகநலன கரதலப ரஇரதங நவநசட ழசநஎந டயஉநஅ மணவழக லகவயம பணஅளவ தஹஒஒட நலஉதவ இதழலள வகழசஅ ரஸமயம ஜனரசன சகலஜன வதளபத மரணஊன யகமவர வரஇயல சலனவட ஆஃபசர பலசரக ஸஸஅதற ளவரனந ரளஅரச உலகஇல மனபயம ஹஸனபர தவசனம நலளவழ ரணமஒர னவலயத மடமகள பயணஅன கரஜனங யடநஎய கலயநல லகதரத பஹரணம உலகஉய தரவயத வனமகத படவசன சரஸவத ளறநநவ நகரஅம சரணபவ வரஙகள அஷரஃப ஈமசடங இதரதர லதஹஒஒ கவணவன யயறவன டயவகழ அயசமஸ இனமரப பகணரங ஜனவசம தரஇயல இளயவன ஏகமயக அகஅளவ அகஅழக தலரசன ரடவரச வளஇயல நவநரஸ உசழளழ மதஉணர னசரவண சரவசர ககழகப லரசகத சமயஒற நகரஜன யசரவண ளவரகள யநலஎண டஉலதஹ கதபறய கனனடத சளவயன யஅயலய பலதகவ கடரமண தவடமட ரசபரம பஙடகள கரலடக ஈழவசம யமபயம ரசபயங ஏககடவ இவவளவ லகவசத அரசஅத சலமலக உரடயச மநளறழ அனனவர ளரவளர டகவசன பளகளப ழமறவன நமதகத யவகழச இனககவ ரணநலம வரதஹஸ கசயஅந டநஉமந வலயநல லயநகர னகனமன இடவலம இவவரச கவனஈர நடததவ மதசமய ளவசயஉ எநஅநவ அகஉலக படஆரம டனமலர பனனவன பயஉணர வரனநவ கரஇரத கமழமழ தககவல அனனலட ரவலகக ஐயரவர சமபரப லசயனப டலநலக யவளவன நயளரச மகரனம சபரஅந வசனநட மலரழக ஆளவயத வனவலம ஜனநடம அபததங கரபகவ சபயணம எயடரந நமதயந மனஉணர ழடளமல னவரகள பசயனந மணபகவ டவலயம சவஅடக றமணவக யஙகரத வரகணப ரதமஅத யஅநறழ இகஉலக நலநபர ஹஃடலர டநஎயட னகலவர அவநதப ரடபயச டஅயசம வஉலகம பலநரச வரபலம பயணயக கஅவலங வஇரகச அகஉணர வகவகய பணதளத வரபரந லகஇலக ஐளடயன டநடவட ஆழசயட னணயதள லசவசம சனவசத தகரடப ரவளடவ வலரவர ஒளடவம அழனநச ஆரஅமர கசமலம ணவமரப சகபயண ஆசரணம இஅவரத னதனளவ கடறபட உணரஆர தநஉஒவ வவலகம ழஅஅநவ சணயமற லளவழந ஆழசபந நசபரள கலவசத பவஇடத ஙசகரன யசலயம ஊழஅஅர நவறநந ணயதளங நவவரல இவரவர பலதடவ அரமகள ளரயசழ கசமயத களகளன ஏறவதற இவனஅச ரளவரல ளமலஇம நஎழடவ பனமயம எனஉணர வசரஅவ நடவரச கரமயம ஆடலழக ரடகரட நவநவம டகவரல நபவலப அவஅவன ககணபத ஆளரவம பரமஹம னமபலம மனசளவ சயனஹர டகவயல வறவறவ ழநவநச ரநடனம இடவசத பரஸபர உபரசம லநடவட லரரசன கஜவதன சடஅயச தகவகல ஐரணபள கநசபர யபரதன ஆரசமர லயவனன மரணஓல நவஇலக தழலளவ தஇரசம ஜயகரன ழசழரப ஸஸஸமன உறவகள றமரணம யடரநள ரனளழஸ சடஉலக யஃபரம வசயஉவ அழஆரம யடடநப அடடடட படஙகள எழஉயட உபரணங ஈரரசர நயஎநச சதபறவ எழரசவ இககலந மணலடர மனகவல நஎநடள ரணஙகள ரகனடம ஜனவவர யவநசய தமதனம கணதவற லவசஉண வநளழப கனமலர உழவலன ககவசம வரபபட இஆளவய மணனரல சலயமய ஆதரளவ சமசரம வணவதம டகலசம றதகவல பழபழத இதயஓட அயலயய னதபடம ஆமலகம அபயஹஸ படஇயக யனறவர ஃபசனல அடசரவ நரயணன வகணபத வளரஉத நரகரத ளரஉதவ சதகலச ஆலவயல பததவர கமறவன ரபசனல ஏகரணம சமஅளவ சபரளழ லகபயம ரகமரத ழழவளஇ ரசதரப யகவசம அசவரம அமசடக இஇஇவர ஆவலடங றதறஎன வதவதவ அரவரச சலசயன நகலகத யஎழரச பலஇலட எஜமனர வநடவட நவமபர நமபகம மதஙகள அரனகங யளரசந அலகநந அகமரப ரவசரம ரபடசத வணஙகத பரடணத ரவரசன யசடஅய உதகமண வவயஉம நஉசஅப யரகரம ணபசலம லயமயவ யகடவத இயலரங ளரசமர ஈஈஈளம ணரஆரம வடகடல வலகஅற டரடரவ இரவரல கயஎழர கழகழக ரணஉதவ நஉமநச இஇஇறங படகடந அகலரய டசரவட ரதமமந அதனளவ அதனழக தகனஅட இஇஇயக சமஆசன கலஜனங பறபறவ ஜவரஹர பரஅநவ உமநசந ஆழமரம னககவர அலமலந சமடபந டகஙகள ரதமயம ரமரகச பயநயன ணவரகள ஊசழளள ரஅவசர சமநசள ஷணபதம தயநசஇ அநறழச உயரஉய கடலளவ தவலவட னடறனர சரமயம தபலவல ழசவரப வனபலம மணமயம ஏகவசன தவமயம யதயளத ஈழமறவ கஷடநஷ தததமத மணமரப கவலளவ ணவரனத இயனறவ வரகலல அழஎநஅ ஜனமயம ஈழமரப யநயனம ஹயவதன எழஎழப ரமபலன மனரணம ளநஉரட டதளகம மரவசத அவகரண யவவயஉ யரமயம நவபழம அறஉணர உயடஎந நளதமய ரணபவன உஉயளழ யகநகர உவவனத ணஙசகர ஏறஇறங மனநகர இரவணன ஜயநகர தநடவட ழஉஉயள னநளமவ ரஜகடர லதமதம னபவனத சனபதங வசரஒல கசடதப டபழசந ஜகணபத தனஉடம பகபகவ வமனபட டயஙகள தஷணபத சயஅநற அவயடக அதறவற டயஃபர டதஙகள டவசனங ரமசகம வடமடம ரசவனத டகமயம வடஇலங ஷணமடத ஊரடவர யயசலய ரஅஅநச மனஅவஸ உதயவத வளநகர னசமபந வசஉணவ பணமரம இனணயத ணஅடவர றளரசன டகமரப ஆணடவன தகதலம ஈரமலர படபலர ழடழபல ரஃபசர ரசனகள யஉலகம பணமயம இலலமல கஅகமத ஆயடஎந னஅவளத கழடடழ எழஆரம கணமரப சயநகர ஆசமனம றஅகலம வரவணக உயரஜன மமரணம ழசபநள வனவகவ ஜனகமக பரவளட கலமதப நசநளவ ழகஅரச இஇதயம ளளதவர ஷமகரம டளமலஇ வளஇதழ சமவயத சனமரப ஜயதசம நபஅஙட அடகடவ நஅரசய வகமனத ஷயஙகள பகமலர சநயளர நஇஐசஈ கனவஈர கரடனம பலபறவ ஆகரகந மபநதம ஸஸமனத கடகநக ரறதமர றநநவள ழழபடந ழளழகவ ஜனகணம யணஐயர எனதழக லகஅரங நளறழஅ யததளத ணபடலம டலளலவ யசடநந சசயனம னகணவன ழமநளற மதகலவ பரநளந தலனவற சநடடய லகரணங வரதநல மணடபத கனவகள தயதவர மதயநச மறவமங ரணஊனக தமபதம கஜகஜக யஉழஅந ரவவநச பயஙகர டஹரசத பசநயவ லகஅளவ பணகரர உடனபட தவமலர உநஅநவ ரகரடன ணகரகம வகமரப ஸஸஸஅத னகணமன ரவநளழ நறழசம ழசயடவ அநவசழ தளஜகள அகவளர றனஅவள ஜனகபண வடசபர யளவயச சநஎநச தஆபரண கஃபகய கரநமச உடலடக உநசவய லமரணம இனசனத ஆயசஒள உடனமர ளறழஅய றழசடன ரசனனம னநடனம அழகழக னகனகம ழவவடந ஏறகனவ படடனர ரககரத கரஹரப னசரகத ழடடழற மணயளவ வழரசள யரயரங கசவனம பளபணத ஆபரனங வளவயல பயமவன பழவழக உயரரத டவவனத இனஉணர ழகரசன ழசமநச கடயநல ஆயபயன மஹரகம நஉரடய மதமரப டகரடக றநடவட மனஆழத ஆசனநம வசதகள டயளவய அவனவன உயரளவ சமனளவ லகயளவ தமபலன கஅறஆச வரதசட ரளமயம நரவளஉ சமனலவ பரமஎத ஆழஆழத றபலவற அவனளவ ரதபழச சகதளத சழளழக உடலநல வசவசவ ஏஞசலஸ யபலயம இஐசஈஉ ரஃபஷன தலமரம ரதபவன ஜநரயண உசஅபஉ ரமரணம ரஃபஸர மனதளவ தகஙகள ரமணபக டசலபத யரஉயர ழஎநஅந மநலளவ வணபலக ஜயவதன மணஉறவ ரளமளவ மதபரப மடநசம மஆசனம ரவரரம இனகலவ வநதவர உலதஹஒ ஏஏஏஏர டரஙகம படஉலக லதகவல ஜகதலப அகவணக தமபரத பணஉதவ டதகவல ஏரடபய யமனவர உரயவர யநடவட இடஙகள மதபலம","53/304":"கலகலவ","7/23":"மலரவன","1/5":"உடபடத வமரணம தகமலங உதவறத லகவழக மநகரம ரஇயலவ மனமதன கணடனக தசமயங தநகரம தவரவர லவலரம ணவழகர மரசனம பரணகல பயணவல கரகமட இனவரல மதமதக மதமதத மயமதம கதவதர லஅரசட சனமலர கவயதற ரவரதர உதரமத","37/304":"கலகலத","5/6":"உடலரச தனவரவ அதகளம படறவங ரகதவல அவரகள ஃபஷனல","1/31":"சகலகட பழகவர கரகரக","31/163":"சலனமற","3/38":"கலகலக","20/21":"பணவசத","1/163":"சலனமட","29/31":"சகலகல","1/3052":"நடவடக","101/236":"பளபளப","1/6104":"நடவடட","8/9":"மனமயக மகரசங","3/118":"பளபளன","3/4":"அடலசண உலகஅள பவதளத றவரகள எனபவர அவரளவ நமநமப ணவமலம இவரகள மகமலன பவரகள பரதவர","1/4":"அடலசன அரசசப ஆரவரர டஉலகம டஉலகப உலகஅர பவதளம மணடலங மணடலம கலயரத எநசளந சனநடம இதரகத நறநறத எனபவற தளகமல நமநமவ ணவமலத னவரதம னவரதந கனமனவ தமனகள அவரசம அவரசப கடனளவ எனஅறத கனகனவ இவரகல தசயனம கரசமட தளவரள மசமசத மசமசவ மசமசன கமபதஸ ஜனகனம ரசமயங ரசமயச ரசமயத சனகளப கஉயரத சரணகம வளவளவ ரவரலர","1/24":"பரமணர சரணமட மபதமட ஆணவமல","21/236":"பளபளத","1/12":"பரமணன பரமணச நறநறப நறநறக அவரசர ரபகவத ணபரமஹ சளசளப உடலசத சளசளத சளசளன சளசளக யதரவய அதரவற தடகளம தரவதம","63/236":"பளபளக","1/3":"உடலறவ வபரமன ஊஊஊஊஊ வசனவர பயகரம லகவரல யநலநப பலரகப மனபலத அவவளவ பலரகம ரகணபத றவகளப உளவளத உளவளப சகலபர நவரஸப நவரஸம வனவளம எனபலர எனபலவ டகவளர ணவபரம மணமதக ரமபதம றசமயம அறவணட றசமயத லகமதங பரசமய ஓரகடம கடலகப றகழகம லபலவற றகழகத நசளவய பழகறத பவனவன கவலகள இமயவர ரவசனத ரளமகப ணவசமய ரசவரல ரகமலங னநயகம னநயகப அவளவள அவளளவ பரசவப றஅமரப டவரசந சமரஸம அவகளய நசநசவ ரணகமல நளமகர கமலவல பலபலத கமலவத மரமடர தகலசம தகலசத பலமலர பவழமல தரவதன ரமணமக றழசமந","1/6":"அவனனப ரழகனல மகரவர தழதழத தழதழவ வனவளத அதகளத ரணமனந படறவன றசமயங சவசவன ஆதரமற சஙகரன னவரவர இகபரங ணநலமட ரணகமவ ஆரமபத","1/11":"பரமதத கவரமட லவசகண கவனசர பழமரம வரசமர அரதபழ வளரலன அயலகக பரதகண மதகனப","1/9":"மனமயந இலவமர இதரபக உபகணர ரகடணத ரகடணம லவலகன லவலகக பநயனக உலகனத பழகறம ரவசனங பலகடந றஉலகப றஉலகத டதபறவ பலகதவ பவளவண பலகடவ தரவனத தரவனம ஈஈஈஈள தரவனக","15/118":"பளபளவ","2/3":"இலவயம பயகரத மனபலம டகநகர எனபனவ தயமலர தழதழக ரடயசல மணமதம தபரவல மனஉரம ஜனநயக ஓரகடத சமணசம இமயவல நஎநசல அவயவங பரசவத நசநசப நரநரவ பலபலவ ரசபதவ ஆஆஆஆஆ மணசமய ஆலயநக","1/120":"கலகமல","1/15":"உடலளல லவசசம உலகலவ அவயவப அகமணத தளதளக மலசலங மலசலம தளதளன தளதளப தளதளண","14/15":"உடலளவ உடலழக","2/9":"ஆணழகர சகஜதன கவரதன லவலகம பநயனத யதளபத கசகசப வனமயப கமநலச றஉலகம","1/51":"தனதனள மனமகள","3/5":"வமரணப ரணதரப தசமயம அகமலர பழரசம மதமதப ஈரமணல கணகணவ","7/9":"ஆணழகன ரகடணப ஈஈஈஈஈ","1/62":"கவசமண உலகநன உலகநல","2/27":"அரசகட கசகசக","22/35":"சரசரவ","1/27":"அரசகர கசகசத மடமடன","1/54":"அரசகள கடனபட","3/7":"மழமழப ரகடனம சமபவத சமதளம","1/33":"தரதரப தரதரன அவமரண கமகமத","26/33":"தரதரவ","1/8":"தவசமய ரகரமக உலகயள ஓடறதல தரகனப கநரசய இஇஇரண அகமனச அகமனக அகமனத ஜமதகன தசயனக கடலனர யவதனம யவதனங பரதரம பரதரங கலமடந மரனதண","2/7":"மழமழவ சமபவம சமபவங கரமடம எடமலய ஸஸஸஸஸ ஸஸஸஸஎ கடலரங","9/10":"சரஅவச சடதபற","18/23":"பலசமய","42/47":"கதகதப","1/94":"கதகதன கதகதவ","3/79":"எனபதற","4/7":"தவரகள அறநலத கவசனத","1/29":"ஏகமனச பரசரத","9/302":"சகஜமப","1/295":"தரவரத","1/302":"சகஜமட","28/29":"ஏகமனத","1/17":"வரமடங கவரவல வளரசவ மரணவள மரணவல மரணவண","1/118":"அவதரம","1/592":"வரவழச","32/79":"ஆலமரம","23/70":"ரசமரம","1/158":"ஆலமரக ஆலமரப நகரசர","7/79":"ஆலமரங","2/79":"ஆலமரச","57/158":"ஆலமரத","1/112":"நடனகல சரளமக","16/41":"கபடமற","1/25":"சமபநத கடஹரண கடஹரச இதயபர","1/104":"பகரணப","1/21":"ரகடனங சகலவற மரசபத ழகழகத அளவளவ அரசபய நவரசம நவரசக","17/312":"பகரணத","1/294":"ரகடனஞ","1/18":"பநயனச பழகலவ பலமணத","1/13":"பரமரக கடவதல வசமயச வசமயங ரணகளற","1/7":"ரகடனத அறநலந அறநலன மதனகல சகமனம ஸஸஸஸஅ அயவநச சமதளப ரபரநள தடகளப","107/294":"ரகடனப","11/156":"பகரணம","10/137":"ளரவமற வசரகத","1/137":"ளரவமள வரசனக","5/9":"லவலகத ரவசனம","2/5":"ஆடகளத தவறமல பரணகம பயணவழ இயககங மயமதத தளதளவ","1/42":"மகரணங","121/458":"ளவரசன","1/924":"உலககக உலககல","1/1299":"நகரஙக","1/14":"மகரணத சகமனத பனமரம பலதளத பலதளச வசரசத கனகமண கரடகர கடலரச மரமணம சமனபட சரசரப வளவளத வளவளன சரசமற டலரசர","6/13":"வலயபட ரணகளப","19/21":"மகரணம","1/56":"அமரவச உலகவட கனகமய","1/66":"சகலமத சகலமர","3/371":"இலவசச","74/1855":"இலவசங","1/229":"வசனதத வசனதச","11/1855":"இலவசக","1/733":"சரவணவ சரவணத சரவணண சரவணச","4/733":"சரவணம","741/1855":"இலவசம","259/312":"பகரணங","1/146":"லதரபட","5/371":"இலவசப","2/733":"சரவணர","169/458":"ளவரசர","4/265":"இலவசத","263/733":"சரவணப","387/733":"சரவணன","111/158":"நகரசப","17/733":"சரவணக","1/45":"சடசடப பரமனந","1/1855":"இலவசஉ","34/45":"சடசடவ","307/311":"உபகரண","2/45":"சடசடத சடசடன சடசடக பரமனட மளமளன","2/311":"உபகரன","8/11":"சமபலம ஆடலரச பயனபட அலவலக","3/11":"சமபலத சமயநல மதகனம அலவலர","1/47":"படறதம படறதவ னநலமர","1/16":"இதயவற ரமபதவ மதவழக டரமணய டரமணஸ சனகரம மனவளக மனவளத","7/32":"இதயவல","1/60":"பரமபக பரமபர","2/33":"வழவழவ","23/33":"வழவழப","3/50":"சமயசம யநகரம","4/33":"வழவழத","2/997":"சமயஙள","47/60":"பரமபத","1/135":"உலகசட உலகசம கனரகப மனநலத மனநலவ மனநலப","12/127":"மரகதத மரகதவ","8/127":"மரகதப","17/35":"கரமடத","2/35":"கரமடப","47/127":"மரகதம","4/127":"மரகதக","2/127":"மரகதங","1/55":"நகரகக யழகனத","10/127":"மரகதல","2/419":"பகவதன","6/7":"தபதபவ","8/27":"கசகசவ","1/622":"இதயமத இதயமல","22/23":"களகரம அயலவர உதயணன","3/1817":"சமயதத","2/21":"சகலவச சமதளவ அரசபர அரசபத நவரசத","50/391":"மரணதண","1/391":"மரணதன","1/782":"மரணதம","1/10":"சரவனப சரவனண ணபயமற பழரசத கணமனவ ஈரமணம கணகணத","7/622":"இதயமற","5/8":"மலஜலம தசயனன","13/18":"வனமயம","1/442":"அவரவற","220/221":"அவரவர","5/24":"ரமபதத","4/5":"ரபஷனல மனஉலக ணவழகன மரசனங லகணடன","1/548":"நகரமல நகரமக","3/274":"நகரமய","1/1096":"நகரமழ நகரமத","1/48":"ரமபதப ரமபதந","1/176":"றநகரப றநகரம றநகரங வரசரம வரசரக","1/2525":"உலகதத உலகதர","1/352":"றநகரத","41/1096":"நகரமன","1/2786":"பயணமத","1/36":"தரமணன ரணகரக","3/2828":"சமயமற","1/2828":"சமயமட","13/85":"மரணபய","1/1414":"சமயமக","20/29":"பழமலய","1/57":"தடதடஸ தடதடப அழகமர","9/19":"தடதடவ","5/11":"பழமரப பழமரங","8/21":"பணவரத","1/19":"தடதடன கனகலத ரவதனப ரவதனம","1/22":"கழககத கவனபட பரதகல ணபவனம","10/57":"தடதடத","13/14":"பனமரத","7/57":"தடதடக","1/44":"வளரகள கழககங உபசரண","2/31":"உலகநட","3/119":"பயணபட","139/231":"பணவரவ","281/1403":"மரணமட","1/1403":"மரணமண மரணமன மரணமல","1/50":"நடனஙக","26/27":"வளசரவ","7/1403":"மரணமற","1/792":"உலகபய","19/913":"பரபரத பரபரவ","1713/1826":"பரபரப","1/1826":"பரபரன","4/25":"யநகரப","3/100":"யநகரத","15/913":"பரபரக","2/89":"கவனகம","2/11":"சமயநம ஆடலரங மதகனங","1/100":"யநகரங","1/89":"கவனகன","2/75":"ரபலபட","143/322":"படபடப","1/3125":"உலகமட","1/30":"தகரமற தகரமட அமரகவ உயரகப","29/3125":"உலகமக","31/161":"படபடவ","9/3125":"உலகமற","44/625":"உலகமய","2/3125":"உலகமத","9/23":"தகதகவ","1/625":"உலகமன உலகமல","2/23":"தகதகப பலபடப","7/46":"தகதகத","3/46":"தகதகன","3/19":"சமயவழ","5/23":"தகதகக","1/72":"அமரசக","5/1769":"கணவரத","5/52":"யநலமற","32/161":"படபடத","1/322":"படபடண","3/322":"படபடன","2/13":"கஉலகத","3/13":"கஉலகம வசமயத ரணபயத ரணகளம","2/47":"ரகதமண சமணமர","22/161":"படபடக","1/2913":"கணவனற கணவனர கணவனல","63/929":"ரபலமட","5/971":"கணவனத","1/929":"ரபலமல","1/26":"மரணகண அரசதந அரசதன அரசதர பரதவக பரதவப பரதவன","10/13":"சமயலற ரணபயம","1/614":"உலகளக","5/26":"லகலகல டலழகன","82/121":"கனகசப","164/307":"உலகளவ","9/307":"உலகளந","23/27":"மடமடவ","3/17":"அனவரத","19/56":"உலகவங","1/28":"உலகவழ வளவளக","21/61":"மணமகன","4/13":"வசமயம","41/93":"கரகரப","16/93":"கரகரவ","3/56":"உலகவர சமரசப","15/56":"உலகவய","1/61":"மணமகர","93/305":"மணமகள","25/93":"கரகரத","1/710":"நடனமல நடனமத","1/293":"ரணமடய","102/3731":"ஆதரவள","1/23":"அயலவன உதயணர அபயகஸ வடபழந","2/293":"ரணமடந","27/710":"நடனமண","12/533":"ஆதரவற","5/7":"பலதளங","3/149":"பலதரம","4/117":"உதயகண","146/149":"பலதரப","19/223":"அவசரப","2/1293":"கவனதட","16/2453":"அவசரந","2/2453":"அவசரவ அவசரய அவசரண","1129/2453":"அவசரம","1/81":"நகரவட","1/1769":"கணவரல கணவரம","3/10":"மபலமற கணகணப","1/141":"நரகமம","7/202":"மரசமற","195/392":"சமரசம","9/2453":"அவசரஅ","1/392":"சமரசவ","1/196":"சமரசஞ சமரசக","45/392":"சமரசத","28/2453":"அவசரச","9/98":"சமரசங","10/2453":"அவசரங","229/2453":"அவசரத","1/2453":"அவசரஒ","137/2453":"அவசரக","113/161":"சலசலப","1/161":"சலசலன","16/161":"சலசலத சலசலக","3/31":"உதயசங உதயசந","1/37":"ரவசபட","38/75":"பலமடங","176/501":"கலவரம","61/1002":"கலவரப","1/172":"பயனடய பயனடந","1/39":"கமலகண ரபரவல வசனகவ அழகரச","98/501":"கலவரங","1/501":"கலவரச","169/501":"கலவரத","3/47":"சமணமத பணபலன","6/31":"அரவமற","4/15":"அவயவம அகமணம தளதளத","2/1229":"கழகமஇ","4/109":"வளரவள","9/70":"ரவசமட","1/109":"வளரவச","100/129":"இமயமல","58/61":"தலவரல","1/183":"தலவரப","3/20":"பழரசங","8/501":"கலவரக","1/2788":"கவனமன","1/697":"கவனமற","9/65":"இரவலர","2/65":"இரவலன","4/31":"அபயமள","8/61":"கனகவல","24/61":"கனகவள","1/315":"லவரபப லவரபட","1/2454":"ரதமரத","51/215":"உணவகங உணவகம","6/125":"கனகரட","24/125":"கனகரத","1/215":"உணவகன","102/215":"உணவகத","2/29":"பரசரர","1/277":"கரணஙக","1/230":"வசரதட","1/96":"ஆணவமட","1/127":"சமணரத","2/155":"உணரமற","5/19":"கனகலட","10/161":"சலசலவ","7/29":"பவளமல","12/47":"பணபலத","32/47":"பணபலம","3/41":"வரகளத","18/35":"தசரதன","1/70":"தசரதச தசரதஹ ரசமரங ரசமரப","18/19":"உபநயன","1/110":"லகமயக லகமயச","1/165":"ஊடகமல","1/149":"கரசரப","1/189":"உணரவல","25/57":"அதனதன","9/11":"அயலகத ளவழகன","209/471":"பரவசம","1/191":"ஆடவரல","7/15":"மதனபள மலசலக","2/55":"லகமயத","3/110":"லகமயப","1/46":"கரணமட","183/220":"லகமயம","41/157":"பரவசத","73/471":"பரவசப","1/157":"பரவசந","3/244":"ஊடகவள","2/471":"பரவசக","1/471":"பரவசச","4/471":"பரவசங","1/122":"ஊடகவட","4/135":"கனரகத மனநலக","3/14":"இளவழங தசரதர சரசரக டலரசன","11/14":"இளவழக","31/49":"கடகடவ","2/371":"தகவலற","1/10759":"தகவலள தகவலட","3/10759":"தகவலன","3/49":"கடகடக கடகடத","1/49":"கடகடம","1/741":"லவசமர","2/10759":"தகவலக","2/49":"கடகடன","10/17":"வணபவன","3/23":"அபயகர","457/458":"இளவரச","1/85":"களவரம களவரத","1/867":"பரவலக","71/76":"இளவயத","5/76":"இளவயச","1/2299":"உடனடய","1/145":"டபடபம","25/118":"லசமயங","93/118":"லசமயம","38/45":"மளமளவ","1/69":"கரணமல அகவயக","6/91":"அரசவம","1/91":"அரசவர","11/12":"பகமறத யதரவர","3/37":"பகலவர","25/39":"வசனகர","1/64":"தரணமன தரணமல","1/1586":"வலகதத","34/37":"பகலவன","7/12":"சளசளவ","1/927":"வரவரவ வரவரக","4/651":"அரசரட","1/79":"கலககத","8/927":"வரவரத","5/651":"அரசரத","4/21":"சமதளத நவரசங","1/35":"ரசமரந சரசரத சரசரன","9/26":"டலழகர","27/70":"ரசமரத","15/29":"அரசமர","1/65":"ஆசனமட","10/33":"கமகமக","1/711":"லவரமல","1/267":"ரவணபல","34/267":"ரவணபவ","4/87":"பரமகல","3/16":"டரமணன","1/665":"அரசனட","2/69":"அகவயச","47/135":"மனநலம","4/665":"அரசனத","4/69":"அகவயத","13/23":"அகவயம","8/69":"அகவயப","2/237":"லவரமட","8/33":"கமகமவ","5/21":"அரசபட","1/1132":"வசரமய","1/748":"ஆலயமம","1/92":"வடபழஞ","43/46":"வடபழன","1/156":"அழகரட","3/374":"ஆலயமண","3/28":"வளவளப","1/32":"மனவளப","3/32":"மனவளம","23/32":"மனவளர","1/84":"தடகளத","2/739":"ஆபரணக","1/256":"சரணடய சரணடக","28/739":"ஆபரணம","4/739":"ஆபரணப","433/739":"ஆபரணத","10/739":"ஆபரணச","145/739":"ஆபரணங","14/25":"ஒரகடத","1/34":"பலகலப","11/25":"ஒரகடம"}}