{"language":"JAPANESE","ngrams":{"3/45257980":"怀 恆 恊 恬 肠 肤 惯 愃 愷 腋 憮 膾 臂 臙 臺 臻 戟 执 艮 艺 扼 抓 芮 苟 拱 挖 茘 茱 荀 捩 莓 莹 莽 萃 搔 搗 撑 蓜 攤 蔬 敞 旁 旌 昕 晤 晧 暻 暾 曦 蜊 蝙 蝠 螞 枦 柞 树 蠱 桅 衒 桒 补 桥 桦 梃 袢 梦 梭 梹 棉 椁 椚 褥 褻 椽 襦 襴 览 觉 樵 詛 橲 檢 檬 檸 歆 讀 订 讨 诉 诚 读 豉 豌 贄 货 贯 贴 赞 浣 涉 淅 跌 丝 蹈 蹉 乔 亙 伙 輛 伤 ⼿ 潅 辆 侈 澗 侧 辯 迈 濘 瀚 逹 遞 灤 灵 邀 炅 邏 傭 炯 僊 僖 烧 鄢 鄱 煒 冪 醫 釵 燼 鉋 剝 犁 銖 狆 狎 匈 猊 猎 匝 鍍 叛 叭 吞 听 瑄 瑋 瑯 呰 咕 咚 哩 铺 键 啜 啡 疣 闕 闖 瘋 嘯 陌 陟 皋 隗 雉 囊 雋 囿 圖 圩 霰 块 睫 瞎 瞥 瞽 頡 硅 顺 墅 墉 墙 碳 颶 壩 餠 朗 礬 饭 饰 奶 駮 姸 稷 稻 驢 窖 窝 竟 鬘 嬪 魍 魎 鮟 宦 宪 箴 宾 鯤 寻 尓 鱇 岑 岗 粳 岷 峒 糯 崆 鴛 鴟 鵄 鵑 鵝 鵯 經 綵 綽 巓 縊 帚 繽 庖 纤 纸 麾 黃 廓 绝 绪 绿 鼋 弌 弗 缘 彤 龕 羚 忆 翟 翹","3/1560620":"耀 薗 佇 濠 ｲ","7/22628990":"态 耆 恕 悉 悸 胱 愿 膀 懺 攣 旛 曄 棍 步 识 賤 涸 价 侘 俠 选 凉 凋 鈞 卫 叟 瑶 璽 畷 痙 癇 险 韶 頒 顆 碌 碍 奧 穆 婉 鯱 簀 糊 緞 约 组 彊","4429/45257980":"老","2329/4525798":"考","1/45257980":"耄 耍 耘 怺 聆 恙 聢 聿 悄 悊 悛 悧 您 悬 悳 胝 惻 胼 愍 愽 愾 慂 慇 慊 腌 慘 腥 慫 憙 膽 懃 臈 臧 懶 舍 舔 戔 舖 戰 舸 艀 扑 扛 扫 扬 扰 艰 芃 抚 芜 抬 芷 拈 苍 拎 拔 拢 拦 拯 拼 挂 挌 挚 茣 茵 捍 荔 荞 荟 荡 莀 莒 莟 掾 菘 揽 搏 搓 萠 萢 萵 搶 萸 摆 摇 摑 摔 摧 葯 蒂 撸 蒹 蒿 蓁 擅 蓆 擒 蓓 蓙 擠 擧 擱 擺 蔌 蔔 蔣 攬 敌 數 斃 薈 斛 斩 薰 薺 旂 藕 藜 藺 旼 旽 昀 昉 蘖 蘚 昰 昵 晑 晢 虢 晳 虾 暎 蚓 蚪 蚯 暹 暼 蛉 蜆 蜈 蜩 朮 蜻 杁 蝌 杲 蝿 枋 螟 枪 螳 枹 柁 柒 柬 蟯 蟷 柹 栅 蠅 栏 蠕 栫 栾 桌 衔 桩 桴 衾 袒 梔 袪 袮 袰 裙 棣 棯 棱 椏 褘 褝 椣 椥 褫 楂 楜 楣 襪 楪 襯 榆 覓 覘 榧 榪 覯 槛 樗 樸 橅 誂 檐 檑 誣 誥 檳 誾 欏 謖 謫 歇 歉 歐 歡 譬 譯 歸 譽 歿 殇 讒 殯 殼 讽 毆 诈 词 毖 诠 诸 课 氢 谦 氪 氮 氵 汛 汨 沮 貺 貽 賎 賚 泠 泼 贇 贛 账 贬 赁 浇 赈 浊 赏 浑 赟 赠 浬 赭 趁 涤 涨 涪 趺 跆 跤 淤 淦 淨 淪 淸 踈 丕 丗 渗 渙 踞 渞 丨 渴 丶 湃 乍 湍 蹙 蹠 乢 蹦 湶 溂 躄 躅 躑 亓 亟 溱 軀 仃 仆 滌 滤 滥 滨 ⼀ ⼈ ⼊ 輟 漪 ⼭ 漳 伹 ⼼ 漾 潁 ⽇ 潇 ⽑ ⽕ 佗 ⽚ 潞 ⽤ ⽬ 潯 轰 潺 潿 辉 侊 ⾏ 辐 侗 澜 澣 ⾨ 侨 侭 ⾷ 濞 迢 俤 迮 迺 俼 瀅 逛 逵 瀷 遛 灝 邃 邕 邙 邛 储 炷 傻 郑 烔 郛 烫 烱 郸 烽 郾 鄉 焕 鄰 煆 煇 兇 酚 煞 酣 煦 內 煬 煸 兽 册 冏 熏 冫 冱 醴 凇 燒 燔 ㇰ ㇱ 击 釼 燾 刁 鈅 爍 爲 鈷 鈺 剔 鉞 鉧 剩 鉴 牺 犂 劈 銓 犢 劦 劲 犹 劼 狀 鋕 狮 狱 鋹 狹 匆 ㌍ 匍 匐 猕 猖 匱 區 卅 ㍊ 獗 獠 獻 厓 玛 玟 玠 厶 鏃 珏 珐 珖 鏘 鏞 叠 珣 珥 鏨 叮 珺 琊 吝 琨 琬 琮 琰 琹 鑞 呢 瑣 鑪 呫 瑰 瑳 呷 鑷 呻 鑾 璉 璨 璩 钻 瓉 哘 铝 铭 锁 锋 甍 唎 锦 镂 畅 镇 啤 啦 畭 畴 畵 喃 喊 喙 疙 疝 疯 閼 閾 痂 嗒 嗛 闪 痲 闲 闳 闷 闹 阁 阅 嘎 阔 阡 瘩 阱 瘴 阵 嘿 陋 噜 陞 噱 噶 皈 皎 隐 皙 隱 嚶 隶 隹 隽 囂 囍 雎 盐 雒 雾 眄 圆 圍 霏 霑 霙 眜 圣 圦 霳 眸 圾 靉 靊 靏 睛 坞 睥 坩 靳 坳 鞁 垃 㞍 垓 鞨 垪 鞴 埇 埗 埡 矧 埰 矶 矿 砒 頔 堝 砢 砷 塌 顫 顶 顷 颖 碚 墩 碰 颱 飓 壢 磬 餑 夛 餮 夸 夹 奋 奐 饕 奬 饶 祿 妆 馋 蓮 妞 禪 療 姃 秊 駘 秣 秧 駭 秭 駸 駻 騁 娇 稍 神 娚 騠 娣 騫 館 娱 騷 驊 驟 穡 婢 驫 婴 穷 窑 骗 媲 嫂 體 嫩 髮 髯 竸 嫺 嬅 笊 笤 鬮 笳 嬷 鬹 筌 孚 筮 魷 筹 筺 孺 宁 箎 箚 箜 箟 鮠 审 篌 寞 篦 寰 篱 篶 篷 簇 簋 鰍 鰡 尬 鰭 尴 尸 簸 簽 屎 屢 屬 籬 鱶 鱸 粃 岔 岢 岨 糒 峩 鳫 鳰 紂 崃 紇 紉 鴒 鴦 鴬 絁 嵋 絖 鵤 鵲 絳 鵼 絽 嶐 嶗 綟 綠 嶠 嶢 綢 綦 綯 嶴 鶸 緇 緖 巠 巢 縅 縒 帕 鸕 帙 鸟 縢 鸣 鸭 縱 縹 帼 鸿 幀 鹏 幔 幗 繞 繩 鹼 庙 庞 麤 纬 麸 庾 廂 黍 廚 黜 廳 绸 黿 弈 弋 鼕 弖 鼡 缩 缴 弴 鼾 彁 罌 彐 罐 归 罕 齡 彣 ｦ 齪 ｫ 齲 齷 彻 徂 ﾇ 徑 ﾖ 龗 龜 徠 羡 忤 忱 翺","103677/45257980":"者","9/9051596":"而 慷 掻 藏 梱 楕 榜 酉 珊 鞠 实 开 网 ｯ","92/2262899":"耐","1/9051596":"耒 聲 惺 脹 腾 憬 戈 艤 找 抉 芍 芻 拥 莎 菟 撞 蔗 蕁 敖 蕗 薊 斟 蘋 晄 晝 曁 蛹 朶 杂 杣 杨 蝸 蟲 梳 检 裘 楫 覃 榕 詹 歎 毕 询 汇 汉 沅 泓 泛 泪 泱 洌 跛 淼 滇 漓 輦 輳 轨 输 澹 瀛 瀝 烤 儘 冝 熹 释 釋 鈎 刘 刚 刮 劳 卍 鍔 獪 鍮 卷 厂 厕 鎭 珩 琦 吴 吽 琿 咆 咒 瓣 锡 喆 闌 闍 陈 隧 嚴 盒 圷 霸 码 砧 砿 塹 颜 额 磔 壯 夘 餞 够 饌 奖 奚 奸 禕 禺 姆 姨 騏 娑 穗 驛 窈 竈 笈 笔 魃 筬 它 箝 宽 尝 屹 鲁 粮 鴉 絮 帮 縷 繫 續 麼 终 罫 龄 羌 羯","2173/45257980":"怒","44/2262899":"耕","466/11314495":"怖","42/11314495":"耗 侑 夷","59/22628990":"怜 曾 柚 楓 汲 于 瞭","48491/45257980":"思","177/22628990":"怠 扉 遮 粗","11/9051596":"怡 肛 挺 薇 斥 槍 來 迪 傲 场 靡 姪 糞","10801/45257980":"急","50309/45257980":"性","12/11314495":"怨 惇 掟 遙 鏑 皐 隕 鰐 鱗 纂","1/22628990":"怩 恂 恼 肄 肚 胄 惊 惕 胭 惱 胶 脏 脖 愧 腊 慚 慥 憨 懊 懣 懼 懿 戀 戲 扣 艳 艷 抛 抢 拆 拟 苣 挣 荃 荆 荐 荣 莆 莇 掏 菇 萊 萨 葎 蒟 蒻 撻 擂 擎 蓝 擴 蔕 蔟 蕊 敕 蕙 薀 薑 薹 藥 藿 蘂 昜 蘿 晓 晞 暄 蛆 曵 蜚 蜥 蜴 朵 杤 蝴 螂 螯 枳 蠢 蠶 桎 衢 梏 梛 褚 褸 楞 楸 楾 觜 樒 註 誅 檮 諱 諶 謇 權 謔 謾 殃 變 殘 毓 毟 误 毳 氈 谊 谓 氛 氧 谱 谺 谿 污 汾 賣 洁 贡 贫 贵 贷 贺 赌 赵 润 渊 丽 乌 乡 湫 乭 蹲 蹶 ⺠ 仓 軻 軼 滾 滿 伃 ⼝ 伟 估 轉 ⽊ 佘 轡 侦 辦 违 俟 迟 俥 迩 濬 濮 迴 瀆 债 逾 倾 灭 偸 邻 炼 郴 鄔 鄞 酋 酛 酥 兰 酱 煲 醂 冈 醉 熔 冕 熨 醪 釀 釆 燜 凭 燴 燵 刎 爐 刴 牀 鉃 牆 劃 劍 銕 勐 鋮 鋺 勺 ㌹ ㍋ 鎗 厢 厥 厰 鎰 厲 玳 叁 珅 珉 鏤 珮 叺 琍 吗 吨 琺 瑁 鑄 璈 璞 璠 咱 钾 铃 瓏 链 甌 甑 锻 镜 畤 閂 閒 閙 閩 疳 關 闢 嗤 嗷 闸 痾 嘀 嘛 噓 陷 嚆 嚙 皷 囀 盘 盞 囧 霓 眷 霾 坨 瞒 瞻 瞿 韦 韧 埵 堃 頗 硕 塢 塬 顰 硲 页 碱 墻 碾 磷 礦 祜 馗 妤 馥 禦 姝 娄 稈 稠 稱 娶 驤 驪 穰 驱 穹 穽 窗 竃 竞 髣 髴 嬋 笞 鬧 鬨 魑 孙 筠 筱 筵 简 篥 篩 寫 篳 鰄 簑 鰓 鰤 簪 簱 籌 鱖 屡 籤 岌 岫 粿 峁 峅 鳌 峥 崧 絋 綉 綣 鷁 緙 緝 巩 帛 鸛 繙 幢 繪 鹮 鹹 庆 纓 庠 麥 纯 纳 绑 绒 绕 绘 默 點 绩 异 缅 弹 彈 齧 齿 羋 龔 翊 翳 忸 忻","563/22628990":"怪","17/11314495":"怯 憑 蠣 欽 炳 嗅 嗜 碓","383/11314495":"耳 脇","93/9051596":"耶 獅","1/1560620":"总 聚 胤 蕨 檎 什 滄 佼 偕 ゑ 冀 犀 鋸 疇 嚢 瞞 垰 頁 堡 筏 篆 糀 并 ｵ","1/2262899":"耽 惰 憚 苧 蛾 杷 观 謄 访 专 运 瀞 邵 别 瑜 埃 飄 姥 媽 籐 鸞 ﾅ ﾍ ﾎ 翫","27/22628990":"耿 曝 謗 伽 鄧 哈 巫 巷","1/11314495":"恃 聊 恪 胥 腓 腟 膈 戏 舰 舳 扩 艱 芈 抖 拏 苓 苞 拵 掉 莢 菁 菫 搦 撈 薨 藉 昱 昶 虑 暈 蚌 暘 曠 曻 朕 权 杆 杠 杼 蟇 蟠 蟬 蠍 框 档 衫 袍 棕 褌 椛 椹 榔 樅 諠 謨 训 评 诺 貂 沱 賴 浓 赛 趋 趕 跃 跏 渔 渣 亢 躬 溯 仪 伦 轅 轮 轻 潼 辅 侖 侣 辨 濛 俞 濰 俱 迸 迹 倅 递 遁 傪 醋 冯 冽 營 燧 凯 鈕 爸 狄 匕 猗 匙 ㌫ 卖 厠 琅 启 鑚 瑟 瑾 璇 璟 咢 咫 钱 瓔 哪 哮 错 閆 疗 阶 發 隍 隨 霽 坏 坚 靠 睾 砖 须 顾 顿 颈 碕 磚 壟 飫 复 祗 饥 饱 祺 饿 妇 年 塚 琢 驍 婧 婭 驶 骑 嫣 鬆 嬛 筅 篋 寥 寬 鰆 鰯 籃 屛 籟 糕 峽 鴇 紊 崋 鵺 嶮 綸 縋 繆 繹 纈 纐 纠 练 黴 缸 齎 齐 彡 ｧ 龐 ﾕ 龙 翩","243/4525798":"恋","9/45257980":"职 脑 臀 戍 截 拜 掬 获 葫 摸 蒐 撓 斂 藹 虞 杀 栁 衍 衿 裃 誦 誨 諌 譴 谈 淆 跑 跪 躁 躓 輻 漿 载 澁 远 逡 值 遗 灾 炮 ヽ 鄙 鄲 兌 醗 剽 銑 劔 銛 猩 ㌽ 吧 瑤 铁 啼 瘻 雕 韜 矣 塡 餘 饮 禿 駈 駝 稗 穢 婷 签 對 尤 鰺 屁 粂 鶉 师 鸚 纷 络 ｪ","7/45257980":"恍 恢 愈 脸 懋 艸 抒 苏 挥 换 莵 摄 葆 蔘 攝 藷 晗 曺 枇 衙 梟 裵 楔 楡 楳 覺 槐 櫟 謐 讓 试 谢 贔 负 财 责 洵 渐 滔 滕 满 滸 软 潴 边 适 倩 邢 僭 兔 燎 燿 爱 鉈 牒 銷 压 鏝 吼 呦 鑫 咖 钟 甬 喇 疽 瘡 瘦 癲 雙 睿 确 顯 夭 夾 禊 姍 駱 稳 驻 髷 筰 鮑 篪 屓 岛 幂 繖 麴 织 黔 维 彝 ﾜ 翦","866/11314495":"恐","681/22628990":"恒","17/22628990":"联 肴 按 莞 蓉 薔 蝕 襖 詢 两 炙 务 獺 鐙 间 癬 礫 种 筈 筧 宥 麒 鼠 ｾ ﾒ","753/11314495":"聖","28/11314495":"聘 煩 爺","26373/22628990":"聞","707/45257980":"聡","17/9051596":"恣 與 云 廿 ﾌ","713/45257980":"恥","3/22628990":"聨 肆 胜 愴 臉 舅 药 菴 擀 擲 杰 柩 桿 袱 裴 褄 襷 见 橇 橫 諄 諺 讯 请 汶 沛 沟 泗 泯 赶 淄 跟 丰 临 乎 亞 亳 仄 滓 軾 輯 佩 转 瀉 倡 瀨 郝 僥 鄂 鈿 鉤 剧 鋲 勳 狽 匁 錣 匣 錺 猾 卞 獰 县 鏈 珞 另 鑁 鑿 咄 咏 璐 啖 閨 疸 疼 嗟 痣 闻 陕 皖 雖 囮 坛 靜 瞠 顏 碼 壜 飞 餉 饃 祚 隆 稟 驾 笘 鬚 宸 寐 鯰 鰊 簫 屍 籏 崢 鴿 絅 鷄 币 繡 纪 黑 给 廼 综 弉 鼬 弯 罩","163/22628990":"恨 臼","2737/45257980":"恩","13/22628990":"恫 栩 袈 榴 諧 记 毯 氣 躙 亚 众 俘 瀑 倹 勒 咬 婁 穎 穿 鮒 类 统 德","529/45257980":"恭 帽","409/45257980":"聯 赴 乏","4239/45257980":"息","4/11314495":"恰 掩 旻 极 规 檄 让 该 沂 贋 质 习 輌 辜 錨 鎔 响 痰 雍 竺 絃 絣 緘 總 幟 弛 齟 齬 ﾐ","61/45257980":"聰 褐 櫓 仔 ゞ 嘔 粕 帖","1/4525798":"聳 扈 扎 择 苹 荊 搜 营 擾 攫 蚤 蛎 蛤 蜃 杢 蝮 螢 枷 栂 栢 樓 訥 詈 櫨 测 跋 么 买 澎 們 炫 邯 酊 酩 燐 鈑 勁 鋏 錚 猷 ㌻ 玻 琪 甄 陆 隴 皺 霆 圈 霍 鞏 頤 堯 础 壤 壹 祁 奕 禱 驒 竇 箒 鲜 岻 鴈 崙 紧 巍 帷 库 黌 继 ﾑ 羞","2707/22628990":"聴","2657/22628990":"恵","3/9051596":"聶 茫 撹 攪 晰 蜀 标 檔 沐 购 涎 优 你 濾 逅 邂 邨 热 军 獏 ㍗ 珪 瓢 閔 门 团 雯 雹 韋 妍 禧 娃 验 鱧 级 ｭ ﾂ 徨 羲","3575/9051596":"職","6/11314495":"聾 茄 效 斤 杓 檻 济 侃 几 ㌦ 鐸 閤 鞄 禰 髏 站 孜 寓 絲 鹸 廖 ｳ 很","139/45257980":"肇 拷 騙","4683/45257980":"肉","7/9051596":"肋 脩 蓼 桝 衷 资 渠 湛 倖 ゝ 冲 创 狛 琥 鐵 畏 嘲 矩 奘 弧 ﾃ ﾉ ﾊ","23/45257980":"悌 荼 號 蛸 桔 樂 计 沁 沃 仗 轢 俑 逍 假 儷 劫 卡 鑓 呟 嘗 頚 饗 髑 筍 篭 寵 弼 ｹ","533/22628990":"肌","13/45257980":"悍 护 拌 挾 撚 虔 處 构 蟄 样 梼 棹 楷 榑 檗 諤 謁 謬 淇 渭 躾 仅 傀 邇 烟 僻 儡 兴 养 农 则 錐 历 咎 甜 閘 图 頰 馆 姶 穐 窩 笥 寇 尔 糺 嵜 鵡 鷗 ｮ ｻ ﾈ","2141/45257980":"悔","43/9051596":"肖 諫","487/45257980":"肘","821/45257980":"肝 淳","587/22628990":"悟","149/9051596":"悠","83/11314495":"股 凱","207/11314495":"肢","3597/45257980":"患","1013/45257980":"肥","68/11314495":"悦 楠 娯","1649/45257980":"肩","553/9051596":"悩","151/22628990":"肪","8283/45257980":"悪","157/22628990":"肯 摯 郭 隼","3/4525798":"肱 戮 户 拿 揆 萄 葡 斡 浚 丙 滲 漉 ゐ 煉 厭 甸 啄 疏 问 坡 糠","658/11314495":"悲","25711/45257980":"育","19/45257980":"悴 慄 舐 捌 葱 攀 蕃 薛 朧 槃 櫃 謂 汕 沓 赳 涅 传 佞 倦 倪 燗 剋 鉦 嗚 陜 难 瞼 项 处 窄 笏 鮪 崑 嶌 幇 ﾛ","1/780310":"悶 揉 蔦 滬 匯 祠 帥","131/9051596":"肺","1149/45257980":"悼","47/4525798":"胃","27243/45257980":"情","883/45257980":"胆","5877/45257980":"背","117/22628990":"胎 瞳","311/4525798":"惑","2/11314495":"胖 慟 芬 掖 掠 旱 晁 虻 虽 曉 棠 椙 訶 讲 许 貘 沽 赫 渝 踵 乘 溥 躰 亲 俐 连 郞 焰 儺 醬 况 减 划 剌 鉗 剱 狡 錘 猜 厖 鐡 瑪 针 璋 银 瓷 疥 阳 盂 监 盖 园 盼 鞋 韵 頴 奠 离 妾 稙 驥 筝 筥 糟 崛 綏 緬 麵 缓 缺 录 ﾓ ﾔ","8/11314495":"胚 扁 捲 无 昴 椰 举 ヱ 兒 陪 髭 强 彪 ﾋ","121/45257980":"惚 愕 臆 薪 燕 匡","403/22628990":"惜","1377/45257980":"胞","11/11314495":"惟 膿 亦 侠 煥 坦 塙","81/45257980":"惠 譚 渾 这 凰 壽","567/45257980":"胡","67/22628990":"惣 勃 壱 嵩","369/45257980":"惧 笛","837/45257980":"惨 隔","15003/45257980":"想","171/22628990":"胴 傑","2567/45257980":"胸","12/2262899":"惹","14381/22628990":"能","21/11314495":"愁 菰 囃 靭 姚 廻","198/11314495":"脂","1581/45257980":"脅","151/45257980":"脆 桟 讐 貰 洛 靱","211/11314495":"脈 珠","157/45257980":"愉 潘","73/22628990":"脊 厨 叙","36929/45257980":"意","317/45257980":"愚 播","1773/45257980":"脚 僚","3/11314495":"脛 芒 裡 楮 论 话 语 洱 贸 严 仍 瀘 焔 儿 冉 燭 燮 办 协 环 变 哥 哭 喀 閏 阮 隘 盪 埒 韩 駁 积 马 嬬 孕 將 巖 黛 弐 张 罗","7477/22628990":"愛","35243/45257980":"感","947/11314495":"脱","2241/22628990":"脳","11/45257980":"愼 憫 臘 舷 艘 捺 敲 晏 晚 朦 袂 棗 欢 气 乐 书 溌 漲 佟 辟 炬 燁 鋤 猴 卦 吻 咨 销 售 畢 畦 痒 癪 噪 围 靄 频 夥 头 祟 她 饼 妮 驕 嬰 魄 宫 篁 寶 岁 粽 峪 鳶 鴫 纒 红 细 绍 ｿ","17/45257980":"脾 膣 憺 萍 蘊 术 柾 褪 楯 视 訛 橙 諍 每 貶 渟 渫 义 軋 漑 伶 澱 俎 逓 ヰ ヾ 煤 势 鋪 獨 鎚 痍 隋 硯 备 娼 筐 箪 簗 尭 层 鱈 屑 鶯 广 廈 ｴ ﾆ 翰 忽","417/45257980":"慈","5733/22628990":"態 移","359/45257980":"慌 舶 薫","53/11314495":"腎 逗","487/11314495":"慎","523/22628990":"腐 諭 刷 緯","33/45257980":"腑 艾 收 昊 显 毘 调 淞 俄 冰 ㍑ 閖 闊 痘 塑 巽","133/45257980":"腔 鋳 升","15/4525798":"慕 戴 菩 剖 呪 韻 齋","729/11314495":"腕","394/11314495":"慢","518/11314495":"慣","167/45257980":"慧 喧 糾","313/45257980":"慨 窟","108/11314495":"腫","588/11314495":"慮","579/22628990":"腰 岳","871/22628990":"慰","23/11314495":"腱 迦 凸 ㍉ 鍾 馨 鮫","538/11314495":"慶","533/45257980":"腸","763/22628990":"腹","1/156062":"腺","77/45257980":"腿 拮 蛭 漸 兎 冴 痢","407/45257980":"憂","21/45257980":"憊 臍 戎 茗 蛋 蛙 杞 查 认 趾 渤 ゎ 猥 閻 嚼 矮 頷 顛 孩 应 廬 续 ｨ 翅 翡","73/11314495":"憎 窪","19/22628990":"膏 舩 苺 葦 蛯 曼 椀 淮 澪 还 凪 员 咋 甥 甦 駕 屠 带","53/45257980":"憐 抄 蔚 樟 橿 賂 允 剪 鞆 鞭 箭 嵯 纏 麿","9/22628990":"憔 节 捐 葭 撥 蕩 蕭 蛛 蜘 衞 槇 殷 豫 贖 溪 躯 做 决 单 呵 盃 霹 靂 鞘 埔 秉 导 粤 繚","351/45257980":"膚 憤 隈","99/11314495":"膜 鈍 隙","134/11314495":"膝","71/45257980":"膠 伍 爛 动 堕 磊 馮 媚 ﾀ","381/22628990":"憧","1097/45257980":"膨 鋼","149/11314495":"憩","6879/45257980":"憲","293/45257980":"膳","21/9051596":"膵 謳 此","933/22628990":"憶","187/45257980":"憾","1051/45257980":"懇","51/45257980":"應 曰 裔 滉 灌 醇 噺 雫 砦 饅 紆 繭 ﾘ","322/11314495":"懐 帝","601/22628990":"臓","1811/45257980":"臣","14/11314495":"臥 萱 撒 薮 斯 栞 趨 焉 釉 瑚 咳 哺 飴 鷺 彿","4279/45257980":"臨 跡","7949/4525798":"自","115/9051596":"臭","723/45257980":"懲 濱 鉱","2391/45257980":"至","1033/11314495":"致","2249/22628990":"懸","5/4525798":"舁 设 毫 賈 达 琳 电 韮","5471/22628990":"興","103/45257980":"戊 娩","63/45257980":"戌 蒔 洸 过 ヮ 牢 长 顎 禾 鮨","581/45257980":"舌 瓶","337/4525798":"舎","11218/11314495":"成","1593/22628990":"我","31/45257980":"舒 蕾 柘 涵 灼 烙 狸 叢 鑽 囁 塘 禮 秤 崗","597/11314495":"戒","37/22628990":"或 拗 蕉 时 桧 這 喬 瞰 砥 紬","1781/22628990":"舗","27/45257980":"战 攘 梧 议 沫 淺 迄 逞 錆 卉 唖 眈 埜 套 笙 鰲 鱒 麩 ｬ","277/22628990":"舘 漠 ㍍","299/45257980":"戚 祇","62/11314495":"舛 睦 奔","39/45257980":"舜 蘆 傅 瑕 咤 圃 眩 瞑 增 已 庇","8539/45257980":"舞","643/45257980":"舟","62149/45257980":"戦","47/312124":"航","24/11314495":"舫 斑 桶 梯 漣 燈 勅","5989/45257980":"般","48/11314495":"戯 諒 牙","53/22628990":"舵 檜 溺 牝 銚 瓜 喋 陀 穣","12301/45257980":"戸","7527/45257980":"船","5317/45257980":"戻","1137/22628990":"房","10746/11314495":"所","7/780310":"扇 鴨","43/4525798":"艇 褒 宰","90333/45257980":"手","1461/45257980":"才","7028/11314495":"打","991/11314495":"払","7/11314495":"托 蟻 梠 詭 詮 櫂 賽 淹 剃 瓊 喘 圀 霖 頌 碇 题 壷 奢 禹 孵 絨 ﾏ","1001/22628990":"艦","213/45257980":"扮 峯","4677/11314495":"良","259/4525798":"扱","10079/45257980":"色","11/4525798":"艶 邊 ﾙ","86/11314495":"扶 苫 瑠","2263/22628990":"批","3281/45257980":"承","3675/9051596":"技","338/11314495":"把","91/11314495":"芋 楢","856/11314495":"抑","5507/9051596":"投","4449/45257980":"抗","2899/45257980":"折","67/45257980":"芙 曙 榛 汪 乖 佛 俯 醜 餡 婿 學 峨","8169/45257980":"抜","1953/45257980":"芝 鶴","1733/22628990":"択","2/2262899":"报 摺 蛟 蝉 费 仇 鍬 魏 緋 縣 ｷ","183/45257980":"芥","439/45257980":"芦 寅 弊","3893/45257980":"披","15/9051596":"芭 蔑 椋 漕 卿 皓 填 餐 巌","49/11314495":"芯 某","1122/11314495":"抱","5973/22628990":"花","937/45257980":"芳","689/45257980":"抵 炊","887/4525798":"芸","39/22628990":"芹 葺 饒 繍","467/45257980":"抹 敢","1303/11314495":"押","199/11314495":"芽","68/2262899":"抽","41/22628990":"苅 梓 个 ぢ 酌 爵 玖 埴 嫉 廟","6577/22628990":"担","939/45257980":"拉","1387/45257980":"拍 亜","149/45257980":"拐 蚊 槌 濤 遵","191/22628990":"苑 斬 鷲","619/22628990":"拒","453/11314495":"拓","33/11314495":"苔 淘 辿 餓 魯 篇","95/4525798":"苗 呈","417/22628990":"拘","199/45257980":"拙 捧 蒼","19/9051596":"苛 对 巾","3511/45257980":"招","729/22628990":"拝","2531/22628990":"拠","1811/11314495":"拡","5163/22628990":"若","123/780310":"苦","1503/45257980":"括","53/4525798":"拭","9987/45257980":"英","583/45257980":"拳","507/45257980":"拶 挨 冨","547/45257980":"拾","33733/45257980":"持","1921/45257980":"茂","31/22628990":"范 襄 殆 淋 灸 熾 狗 鎧 圓 團","451/45257980":"茅","35469/45257980":"指","21/4525798":"茉 董 賜","113/22628990":"茎 蒙 癖","1047/9051596":"挑 厚","15421/45257980":"挙","31/11314495":"茜 萎 蔡 ヅ 宵","141/11314495":"挟 擦 霧 磁","521/22628990":"茨","66/11314495":"挫 譜","11993/45257980":"振","1117/11314495":"茶","69/45257980":"茸 些 迭 邁 廠","137/45257980":"茹 汐 ぉ 鯉 紘","33/9051596":"挽 蛍 箕 絢","99/22628990":"挿 枢","97/4525798":"捉","3577/45257980":"草","43/45257980":"荏 蓑 藁 洙 淫 产 们 卜 閃 址 鰹","43/22628990":"捏 箔","17/390155":"荒","2601/22628990":"捕","81/22628990":"捗 蔽","279/11314495":"荘","3317/45257980":"捜","1539/45257980":"捨","64/2262899":"据","21/22628990":"捷 蒋 袁 槎 卯 粥 彌 ｱ","545/9051596":"荷","233/45257980":"荻","131/45257980":"捻 樫 踪 瀋 痩 嚇 ﾄ 徽","693/22628990":"掃","7929/45257980":"授","433/45257980":"莉","259/45257980":"掌 槿 叱","2323/45257980":"排 己","187/4525798":"掘","8837/45257980":"掛","5519/45257980":"採","221/2262899":"探","4259/22628990":"接","2537/45257980":"控","2559/11314495":"推","1299/22628990":"措","17/4525798":"莫 蝶 輿 醐 釧","41/45257980":"莱 蕪 晟 殲 潭 煕 燦 鎬 吃 甫 矜 墾 竪 寨 簾 縞 庚 鼎","7273/45257980":"掲","2/390155":"掴 詠","153/9051596":"揃 鎮","7/4525798":"揄 揶 裳 冑 现 唾 坐 實","1987/45257980":"菅","791/22628990":"菊","857/45257980":"菌","5327/45257980":"描","18429/45257980":"提","424/11314495":"菓","11/22628990":"揖 棘 訝 欒 证 毬 汀 亿 份 瀟 鄒 华 叉 鑼 疋 痔 队 预 风 礒 崚 鵠","9/11314495":"菖 撰 撼 薯 蝋 螺 樊 亥 从 爬 疵 坤 砺 饉 窺 嫡 籔 羹","2197/45257980":"揚 旭","2433/22628990":"換","4989/45257980":"菜","831/11314495":"握","631/9051596":"揮 称","289/2262899":"華 謝","443/22628990":"菱","37/45257980":"菲 桓 詔 说 豹 泄 轍 逼 珀 瘤 碩 姐 綜 ｺ ﾁ","4829/11314495":"援","528/11314495":"揺","26/2262899":"萌","3283/45257980":"損","579/45257980":"萩 迅 閲","93/22628990":"萬 附 髙 廉","351/11314495":"搬","623/22628990":"搭","7851/45257980":"携","13083/45257980":"落","197/45257980":"搾","329/22628990":"摂 嵐","243/780310":"葉","2097/22628990":"著","7717/45257980":"摘","224/11314495":"葛","73/2262899":"摩","947/45257980":"葬","197/22628990":"葵 篤","2629/11314495":"撃","5/9051596":"蒜 斧 柯 證 汝 涜 东 蹂 蹟 较 濵 傳 儚 咀 甕 唸 疱 嘴 盈 领 夙 娟 竄 线 结","2983/45257980":"撤","18/11314495":"撫 杖 狐 硝 箋 鰻 彷","2983/11314495":"撮","6/390155":"蒲","1919/45257980":"撲","40/2262899":"蒸 虎","1221/45257980":"擁 宜","1099/45257980":"蓄","201/45257980":"蓋","3811/45257980":"操","99/45257980":"擢 妓 尹","92/11314495":"擬 諏","57/45257980":"蓬 蜷 丑 遽 刹 鍼 咽 籾 ﾚ","9/780310":"蓮","36/11314495":"蔓 詫 鞍","185/9051596":"蔭","7177/11314495":"支","4181/45257980":"蔵","18991/45257980":"改","6901/45257980":"攻","5582/11314495":"放","46707/45257980":"政","2129/9051596":"故","161/45257980":"蕎 堵","877/22628990":"敏 縁","5023/45257980":"救","465/2262899":"敗","1489/2262899":"教","1081/11314495":"散","187/11314495":"敦","2133/45257980":"敬","1163/1560620":"数","5893/22628990":"整","589/9051596":"敵","3437/45257980":"敷","345/9051596":"薄","28921/45257980":"文","1473/45257980":"斉","49/45257980":"斌 會 朔 车 关 燻 勸 吠 睨","591/22628990":"斎","113/11314495":"斐 杭","1263/45257980":"斗","16/11314495":"薙 进 偲 箏","23089/45257980":"料","339/22628990":"斜","1491/45257980":"薦","35/4525798":"薩 盲 屯","244/2262899":"薬","121/390155":"断","3787/1560620":"新","3122/2262899":"方","91/45257980":"於 轟 呆 罠","5237/11314495":"施","1833/11314495":"旅","147/11314495":"旋","519/45257980":"藍","2818/11314495":"族","1991/45257980":"旗 ぷ","83/45257980":"藝 柊 楚 兪 冤 痺 屏","245/4525798":"既","17841/45257980":"藤","305621/45257980":"日","89/9051596":"旦","527/4525798":"旧","266/11314495":"旨","189/9051596":"藩","5707/22628990":"早","13/11314495":"藪 晨 瀾 炸 兜 喩 娜 鯵 岱 彙","1927/22628990":"旬 祝","193/45257980":"旺 裾","81/11314495":"藻 牽","69/22628990":"昂 釘 雛","729/45257980":"昆","5129/45257980":"昇","50/2262899":"蘇 履","2779/45257980":"昌 筆","9437/9051596":"明","33/22628990":"昏 蝦 跨 焚 鉉 祷 宕 徊","5099/45257980":"易","425/9051596":"昔","7219/45257980":"星","7899/22628990":"映","485/2262899":"春","59/11314495":"昧 冗 稜","1549/4525798":"昨","105/9051596":"蘭 傍 餌","431/4525798":"昭","529/11314495":"是","1803/45257980":"昼","47587/22628990":"時","437/22628990":"晃 駄","69/1560620":"晋","371/11314495":"虐","3/2262899":"晒 沌 侯 綬","71/4525798":"虚","63/11314495":"虜 崔","22/11314495":"晦 洒 遜 金 孟","449/22628990":"晩","1657/45257980":"虫 暗","6779/45257980":"普","8529/45257980":"景","1941/22628990":"晴","109/9051596":"晶 簿","309/45257980":"虹 紡","24/390155":"智","117/11314495":"暁","141/9051596":"暇","123/45257980":"暉 濡 遡 熙","215/4525798":"暑 梅","57/22628990":"蚕 汎 鋒 婆 峻","1557/45257980":"暖","27/11314495":"暢 麹","511/45257980":"暦 伯 穀","481/45257980":"暫 燥","1197/11314495":"暮","227/2262899":"暴 緊","11/1560620":"曇","67/9051596":"蛇 爪 痕","181/45257980":"曖 杵 酪 隷 祀","253/2262899":"曜","6/2262899":"蛮 栓 涛 姦","1578/11314495":"曲","31/9051596":"曳 榎 煽 勾","326/2262899":"更","24987/45257980":"書","277/45257980":"曹","313/22628990":"曽","2317/22628990":"替","14066/11314495":"最","263/45257980":"蜂","20501/9051596":"月","21311/45257980":"有","187/22628990":"朋 賓 畠","3731/45257980":"服","364/11314495":"朗","1149/4525798":"望","251/45257980":"蜜 煎","10849/22628990":"朝","19861/22628990":"期","391/780310":"木","4159/22628990":"未","9753/45257980":"末","29333/9051596":"本","3649/45257980":"札","229/22628990":"朱 乙","254/11314495":"朴","173/22628990":"机","549/45257980":"朽","2729/45257980":"杉","2081/45257980":"李","159/22628990":"杏","14389/45257980":"材","2269/4525798":"村","311/45257980":"杜","741/11314495":"束","9939/45257980":"条","19327/22628990":"来","1677/11314495":"杯","61159/45257980":"東","7603/22628990":"松","5691/45257980":"板","301/2262899":"融","739/11314495":"析","3/780310":"枕 枡","4093/22628990":"林","1553/22628990":"枚","5579/11314495":"果","351/9051596":"枝 貧 貫","592/11314495":"枠","73/9051596":"枯 享 郁 鄭","177/9051596":"架","2139/45257980":"柄 衝","463/22628990":"柏","47/45257980":"柑 梢 蹊 倭 ㌘ 畝 嚥 圳 彅","2553/22628990":"染","2259/45257980":"柔","358/11314495":"柱","395/9051596":"柳","39/2262899":"柴 跳 靖","223/45257980":"柵 骸","97/45257980":"蟹 貪 业 游 ヲ 其","10511/22628990":"査","307/22628990":"柿 衰 諦","2009/45257980":"栃","4789/45257980":"栄","202/11314495":"栖 准 獣","131/4525798":"栗","8315/9051596":"校","1804/11314495":"株","3493/22628990":"核","9993/45257980":"根","7977/22628990":"格","867/22628990":"栽","613/9051596":"血","104/11314495":"桁","161/11314495":"桂","1219/45257980":"桃 泰","6869/45257980":"衆","2911/9051596":"案","93249/45257980":"行","849/22628990":"桐","367/22628990":"桑","8327/22628990":"術","375/2262899":"街","2452/11314495":"衛","3199/45257980":"桜","97/11314495":"衡 璧 羊","2623/45257980":"衣","55319/45257980":"表","233/22628990":"梁","1693/45257980":"袋","343/45257980":"袖","61/9051596":"梗 墳 鳳","341/45257980":"條","1799/45257980":"梨","8199/22628990":"被","269/9051596":"械","217/45257980":"袴 凛","89/45257980":"梵 款 且 焙 凹 鴎","287/45257980":"梶 麓","8839/45257980":"裁","197/9051596":"裂","2661/45257980":"棄","6231/45257980":"装","355/9051596":"棋 干","4087/45257980":"裏","481/22628990":"棒","3053/45257980":"裕","891/45257980":"棚","3284/11314495":"補","97/22628990":"裟 逢","1327/45257980":"棟","2977/11314495":"森","51/22628990":"棲 亨 瑩 祢","437/45257980":"裸","93/45257980":"棺 迂 錫 雁","3201/11314495":"製","98/11314495":"椅","4007/45257980":"複 魚","4351/45257980":"植","76/11314495":"椎","26/11314495":"椒 櫛 埠 翠","15757/45257980":"検","39/9051596":"椿 僑 妄 嬢","83/9051596":"楊","49/22628990":"襟 毀","41247/22628990":"業","1119/22628990":"襲","1987/11314495":"極","273/45257980":"楼","13023/22628990":"楽","24029/45257980":"西","7829/9051596":"要","326/11314495":"概","125/4525798":"覆","5903/45257980":"覇","39/11314495":"榊 坑","84783/45257980":"見","3407/11314495":"規","1357/4525798":"視","111/45257980":"覗 謹 珈 琲","7187/45257980":"覚","4333/22628990":"覧","14001/45257980":"親","32/11314495":"榮 訃 欅","5662/11314495":"観","11219/45257980":"構","1963/22628990":"角","16829/45257980":"様","127/45257980":"槙 漱 劾 只","11371/22628990":"解","1959/22628990":"触","129/22628990":"槻 喝","383/45257980":"槽","40689/45257980":"言","94/11314495":"訂","24431/45257980":"計","63/22628990":"訊","443/45257980":"樋 貞 獄","1644/11314495":"討","4177/45257980":"訓","552/11314495":"託","19041/22628990":"記","1507/9051596":"標","659/22628990":"訟","4369/22628990":"模","35/9051596":"訣 姻","25319/45257980":"権","6619/22628990":"訪","11639/45257980":"横","39467/45257980":"設","2659/22628990":"許 廃","2471/45257980":"訳","1651/9051596":"訴","2541/22628990":"樹","61/22628990":"樺 煌 吊 庸","719/9051596":"診 互","4429/22628990":"証","55/9051596":"樽","10391/45257980":"橋 江","99/4525798":"詐","2067/11314495":"評","241/45257980":"橘 雀","288/11314495":"詞","8769/11314495":"機","171/45257980":"詣 歪 渇 醍 冥","1074/2262899":"試","344/11314495":"詩 剛","3141/45257980":"詰","19797/22628990":"話","693/45257980":"該","7061/45257980":"詳","4/2262899":"檀 躇 躊 牌 垢 彬","499/9051596":"誇","707/22628990":"誉","621/11314495":"誌","373/780310":"認","1691/45257980":"誓","2971/45257980":"誕","779/11314495":"誘","1289/2262899":"語","467/11314495":"誠","103/2262899":"誤","8359/22628990":"説","17/78031":"読","403/4525798":"誰","10221/45257980":"課","59/45257980":"誹 諜 賦 儒 经 齊 罷","13/9051596":"誼 洩 丞 嬌 麟 ｼ ｽ ﾗ 徘","6391/9051596":"調","11029/45257980":"談","2957/22628990":"請","3268/11314495":"論","13/1560620":"諮","673/9051596":"諸","237/45257980":"櫻 岬","201/22628990":"諾 賭 眞 廊","27/1560620":"謀 釜","401/45257980":"欄","431/22628990":"謎","577/45257980":"謙","2081/11314495":"講","3939/45257980":"欠","5438/11314495":"次","599/45257980":"謡","73/45257980":"欣 殉 瀕 厦 彗","449/4525798":"欧","3753/45257980":"欲","263/11314495":"欺","5057/22628990":"歌","672/11314495":"歓","4829/22628990":"識","17447/45257980":"止","2565/4525798":"正","8909/45257980":"武","11429/45257980":"警","2119/9051596":"歩","429/9051596":"歯","11531/11314495":"議","1357/45257980":"譲","7657/22628990":"歳","9337/45257980":"歴","15897/45257980":"護","749/2262899":"死","11/2262899":"讃","519/22628990":"殊 忙","13337/45257980":"残","227/9051596":"殖 丘","107/11314495":"殴","9439/45257980":"段","6357/45257980":"殺","189/22628990":"殻 酢 窯","1497/45257980":"殿","347/22628990":"毅 偏","897/4525798":"母","10533/45257980":"毎","1089/45257980":"毒","113/390155":"比","197/4525798":"毛","17217/22628990":"氏","32337/22628990":"民","13303/11314495":"気","3043/4525798":"水","482/11314495":"氷","11877/45257980":"谷","2063/22628990":"永","14/2262899":"氾 喪","483/22628990":"汁","3233/9051596":"求","2419/45257980":"豆","8159/45257980":"豊","283/11314495":"汗 硬","1047/45257980":"豚","2431/45257980":"汚","6253/45257980":"池","13259/45257980":"象","183/1560620":"豪","9/1560620":"汰","78/78031":"決","74/11314495":"汽 ヵ","23/780310":"沈","143/22628990":"貌 窃 峠","13873/45257980":"沖","577/22628990":"沙","659/45257980":"貝","13667/45257980":"負","9821/45257980":"財","2363/45257980":"没","515/9051596":"貢","8743/45257980":"沢","1619/22628990":"貨","2049/9051596":"販","3053/22628990":"責","1107/45257980":"貯","6221/45257980":"河","1039/11314495":"貴","7481/45257980":"買","429/22628990":"沸","987/22628990":"貸","4269/45257980":"油","1141/2262899":"治","7529/22628990":"費","159/11314495":"貼","409/9051596":"沼","737/9051596":"貿","778/11314495":"沿","5761/22628990":"賀","2371/11314495":"況","2819/45257980":"賃","79/9051596":"賄","33/78031":"資","2473/22628990":"泉","78/11314495":"賊 綻","3347/45257980":"泊","25/9051596":"泌 淑 邑 发 壺","297/45257980":"賑 滴","16989/22628990":"法 ご","3607/45257980":"賛","13749/45257980":"賞","1199/45257980":"賠","99/9051596":"泡 錯","553/22628990":"賢","7749/45257980":"波","1981/45257980":"泣","389/22628990":"泥","11867/45257980":"注","13051/45257980":"質","1857/45257980":"泳","3729/45257980":"購","25/4525798":"贅 匿 庵","2853/45257980":"贈","7669/45257980":"洋","371/9051596":"洗","769/45257980":"洞","1049/4525798":"津","563/45257980":"洪","1039/45257980":"洲","3977/4525798":"活","2167/11314495":"派","22471/45257980":"流","42/2262899":"浄","546/11314495":"浅 尽","93/11314495":"浙 縛","39/156062":"浜","1383/9051596":"赤","1/312124":"赦 颯 緻","4891/45257980":"浦","1801/45257980":"浩","1309/45257980":"浪","1099/11314495":"浮","1917/9051596":"走","648/11314495":"浴","19833/22628990":"海","14477/45257980":"起","86/2262899":"浸","9183/45257980":"超","14309/45257980":"消","7693/45257980":"越","7/2262899":"涌 为 ヂ","133/22628990":"趙 剥","2261/45257980":"涙","13/390155":"趣","137/9051596":"涯","1393/45257980":"液","7683/22628990":"足","561/22628990":"涼","9/2262899":"淀 逐","249/4525798":"距","1339/45257980":"淡","12721/45257980":"路","5971/22628990":"深 鮮","181/22628990":"淵 醤","286/11314495":"践","881/11314495":"混","2439/45257980":"添","30238/11314495":"一","158/2262899":"丁","1501/9051596":"七","327/2262899":"清","16351/22628990":"万","347/11314495":"丈 祐","12881/22628990":"済","645/9051596":"渉","1754/2262899":"三","2443/45257980":"踊","26207/11314495":"上","881/22628990":"渋","10879/11314495":"下","29487/45257980":"不","5217/22628990":"与","4329/45257980":"踏 巨","461/45257980":"渓","477/45257980":"渕 勲","9866/11314495":"世","243/45257980":"渚 弄","1563/4525798":"減","4111/22628990":"渡","15803/45257980":"両","1/390155":"渥 倣 彭","347/45257980":"渦","1573/11314495":"並","1763/9051596":"温","5287/45257980":"測","7891/2262899":"中","2263/9051596":"港","33/4525798":"串 遍 廣","2319/22628990":"丸","1467/45257980":"丹","10251/11314495":"主","273/22628990":"丼 蹴","1409/45257980":"乃","9/4525798":"蹄 當 妬 忖","3763/22628990":"久","189/45257980":"湊","3547/45257980":"之","1761/22628990":"湖","3014/11314495":"乗","631/45257980":"湘","5187/22628990":"九","79/45257980":"乞 辣 邱 冶 吏","3267/45257980":"也","133/11314495":"湧","2723/45257980":"湯","1563/22628990":"乱 驚","571/11314495":"乳 匹","497/4525798":"湾","323/11314495":"乾 幡","447/22628990":"湿","69/2262899":"亀","2891/11314495":"満","1287/9051596":"了","27079/45257980":"予","11793/45257980":"争","50653/22628990":"事","6087/9051596":"二","1606/11314495":"躍","5853/45257980":"源","20963/45257980":"五","17543/45257980":"井","14827/45257980":"準","27/9051596":"亘 叡 窒 嶼","37/9051596":"溜","23/1560620":"溝 鍛","2941/22628990":"亡","4/390155":"溢","5349/9051596":"交","21143/45257980":"身","22031/22628990":"京","597/45257980":"亭","251/11314495":"亮 輔","211/9051596":"溶","101161/22628990":"人","598/11314495":"仁","1619/45257980":"滅","2537/4525798":"車","33791/22628990":"今","1793/45257980":"滋","16923/45257980":"介","739/45257980":"軌","16309/45257980":"軍 建","437/11314495":"仏","89/2262899":"滑","1191/45257980":"軒","14577/45257980":"仕","1909/9051596":"他","1274/2262899":"付","2979/45257980":"仙","129/4525798":"滝","2073/45257980":"滞","677/22628990":"軟","19069/45257980":"転","58069/45257980":"代","2927/45257980":"令","33949/45257980":"以","3563/45257980":"仮","383/22628990":"仰 疎","5363/45257980":"仲","8661/22628990":"件","233/9051596":"軸","8011/22628990":"任","1087/9051596":"軽","4407/45257980":"漁 途","5148/11314495":"企","221/11314495":"漂","931/22628990":"較","257/45257980":"漆 禄","10891/45257980":"載","8007/45257980":"伊","559/45257980":"伎","943/45257980":"伏","607/22628990":"漏","429/45257980":"伐 甚","3981/22628990":"休","1291/2262899":"演","81513/22628990":"会","9399/22628990":"伝","1759/22628990":"輝","303/9051596":"漢","2739/45257980":"輩","11681/45257980":"輪","422/11314495":"漫","133/9051596":"漬 函","751/9051596":"伴 献","5033/45257980":"伸","1257/9051596":"輸","118/11314495":"伺","1053/22628990":"似","47/22628990":"佃 珂 磋","419/45257980":"轄","147/45257980":"但 盧","1431/2262899":"位","9937/45257980":"低","20799/45257980":"住","7107/22628990":"佐","1001/45257980":"佑","55277/45257980":"体","441/45257980":"潔","8103/22628990":"何","4489/45257980":"余","80/2262899":"潜","50183/45257980":"作","3083/45257980":"潟","673/45257980":"潤","436/11314495":"潮","227/45257980":"潰 遷 瘍","295/9051596":"佳 炉","1287/22628990":"併","13699/22628990":"使","267/22628990":"澄 辱","41/156062":"例","49/4525798":"侍 ぇ","289/9051596":"辛","14399/45257980":"供","848/11314495":"依","767/11314495":"辞","1487/4525798":"価","73/1560620":"澤","19/4525798":"侮 錬 疹 眉 絹","137/11314495":"辰","662/2262899":"農","153/45257980":"澳","2181/45257980":"侵","107/22628990":"侶","1891/9051596":"辺","311/22628990":"辻","5173/9051596":"込","2287/22628990":"便 射","7367/45257980":"激","123/22628990":"濁 凶 鉛 髄","17513/45257980":"係","1039/22628990":"濃","967/11314495":"促","1901/45257980":"俊","8897/45257980":"迎","13167/22628990":"近","12577/45257980":"返","309/22628990":"俗","33829/45257980":"保","6147/11314495":"信","34/2262899":"俣","63/9051596":"濫","2331/22628990":"迫","3929/22628990":"修","361/45257980":"濯","1811/9051596":"述","1203/22628990":"俳","483/45257980":"俵 唆","2333/45257980":"迷","221/45257980":"俸 凌","811/45257980":"俺","11423/45257980":"追","2558/11314495":"退","21619/45257980":"送","3987/45257980":"逃 頃","27993/45257980":"々","5353/45257980":"逆","208/2262899":"〇","4703/45257980":"倉","6149/22628990":"個","5601/22628990":"倍 夫","96/2262899":"透","5189/45257980":"倒","1849/9051596":"候","23563/22628990":"通","7/1560620":"逝 繕","433/9051596":"借","11203/45257980":"速","381/1560620":"造","11403/11314495":"連","29/156062":"値","38/11314495":"瀧 幽","45/2262899":"倫","901/9051596":"瀬 卒 岸","577/9051596":"逮","1881/9051596":"週","9208/11314495":"進","27/4525798":"倶 牡 囚","401/22628990":"逸","257/9051596":"ぁ 穂","807/22628990":"遂","46741/11314495":"あ","147/22628990":"ぃ 巳","96689/4525798":"い","219/45257980":"ぅ 堆","3427/45257980":"遅","310023/45257980":"う","343/11314495":"遇","150417/45257980":"え","1101/45257980":"偉 麦","1124/11314495":"遊","97473/45257980":"お","5724/11314495":"運","229721/22628990":"か","199582/11314495":"が","23291/4525798":"き","17791/45257980":"過","4187/11314495":"ぎ","61114/11314495":"く","4297/11314495":"ぐ ひ","194169/45257980":"け","1629/1560620":"げ","40581/45257980":"道","147027/22628990":"こ","13247/45257980":"達","2535/9051596":"違","278963/45257980":"さ","2777/11314495":"ざ","447189/22628990":"し","161/22628990":"灘 嘱 紺","425/312124":"じ","225771/22628990":"す","11879/11314495":"ず","17735/9051596":"せ","2029/22628990":"停","6927/45257980":"ぜ","135941/45257980":"そ","8257/45257980":"ぞ","246389/11314495":"た","2661/22628990":"遠","102821/22628990":"だ","57607/22628990":"ち","169/2262899":"遣","85107/9051596":"っ","128891/45257980":"つ","69/9051596":"遥 縫","13731/45257980":"づ 容","2496/11314495":"健","12627/780310":"て","412691/22628990":"で","861249/45257980":"と","7311/45257980":"適","43394/11314495":"ど","338197/22628990":"な","9851/45257980":"火","208715/9051596":"に","1867/22628990":"ぬ","1223/45257980":"遭","14959/22628990":"ね","433949/11314495":"の","1611/45257980":"灯 磨","397243/22628990":"は","127/11314495":"灰 綿","32927/22628990":"ば","2461/22628990":"ぱ","34651/45257980":"び","11827/45257980":"側","1143/45257980":"ぴ","459/45257980":"偵","2783/11314495":"ふ","379/22628990":"偶","1301/2262899":"ぶ","68041/45257980":"選","25223/22628990":"へ","40319/45257980":"べ","561/45257980":"ぺ","3621/22628990":"遺 博","39639/45257980":"ほ","103/11314495":"遼 妖","3931/22628990":"ぼ","1163/45257980":"偽","19347/45257980":"災","1709/45257980":"ぽ","19524/2262899":"ま","3911/22628990":"避","816/390155":"み","7237/11314495":"む","172337/45257980":"め","191041/22628990":"も","20003/45257980":"ゃ","2637/45257980":"還","5359/1560620":"や","47/780310":"ゅ","9957/45257980":"ゆ","979/2262899":"ょ","30077/9051596":"よ","23/9051596":"邉 壬","38445/4525798":"ら","353199/45257980":"り","829277/45257980":"る","207763/22628990":"れ","10885/9051596":"ろ","781/22628990":"炎","5622/2262899":"わ","111/11314495":"炒","93487/4525798":"を","234159/45257980":"ん","903/45257980":"傘","3843/9051596":"備","4349/11314495":"ァ","81573/22628990":"ア","4617/45257980":"那","52857/45257980":"ィ","49733/11314495":"イ","151/4525798":"ゥ","413/11314495":"邦","27439/22628990":"ウ","32099/45257980":"ェ","42423/45257980":"エ","1329/4525798":"ォ","731/45257980":"邪","53481/45257980":"オ","22282/11314495":"カ","8801/22628990":"催","24287/45257980":"ガ","387/11314495":"炭","55869/45257980":"キ","16067/45257980":"ギ","6650/2262899":"ク","70299/45257980":"グ","1414/2262899":"ケ","12581/45257980":"ゲ","17306/11314495":"コ","17459/45257980":"ゴ","160/2262899":"債","33077/22628990":"サ","8477/22628990":"ザ","4561/45257980":"傷","102581/45257980":"シ","1077/45257980":"邸","19561/9051596":"ジ","39213/45257980":"点","71393/11314495":"ス","2113/22628990":"為","34241/45257980":"ズ","10054/11314495":"セ","3991/22628990":"ゼ","23043/45257980":"ソ","3019/45257980":"傾","3097/45257980":"ゾ","115389/45257980":"タ","1897/2262899":"ダ","74661/45257980":"チ","159407/45257980":"ッ","43923/45257980":"ツ","79/22628990":"僅 厄","18608/11314495":"テ","32151/22628990":"デ","1337/45257980":"烈","116543/22628990":"ト","105151/45257980":"ド","721/45257980":"郊","12654/11314495":"ナ","3247/2262899":"ニ","2451/45257980":"ヌ","7779/22628990":"働","34649/45257980":"ネ","1635/9051596":"郎","20511/45257980":"ノ","269/45257980":"烏 餃","8371/45257980":"像","30133/45257980":"ハ","17181/11314495":"バ","47709/45257980":"パ","10479/45257980":"ヒ","12997/11314495":"ビ","13269/22628990":"ピ","2021/22628990":"僕","46291/22628990":"フ","11119/9051596":"ブ","19619/9051596":"プ","6529/45257980":"ヘ","33637/45257980":"ベ","20753/45257980":"ペ","811/1560620":"ホ","28433/45257980":"ボ","11423/11314495":"ポ","39767/22628990":"マ","649/780310":"ミ","20198/11314495":"ム","566/11314495":"郡","79043/45257980":"メ","2505/4525798":"モ","2630/2262899":"ャ","12169/45257980":"ヤ","29541/22628990":"ュ","8939/45257980":"ユ","363/45257980":"僧","8272/11314495":"ョ","9069/45257980":"ヨ","67393/45257980":"部","171389/45257980":"ラ","160361/45257980":"リ","43581/9051596":"ル","90179/45257980":"レ","9511/4525798":"ロ","5223/9051596":"ワ","205369/22628990":"ン","3797/45257980":"ヴ","137/4525798":"郵","307/9051596":"ヶ","3691/45257980":"郷","23/22628990":"烹 ㌃ 际 墟 奎 祓 禽 嵌 ｶ","14477/22628990":"都","1603/45257980":"儀","13019/45257980":"億","1419/22628990":"償","2593/4525798":"無","723/22628990":"焦","5853/11314495":"優","289/45257980":"儲","12541/45257980":"然","283/2262899":"焼","7307/11314495":"元","508/11314495":"兄","4347/45257980":"充","3049/45257980":"兆","3085/4525798":"先","3975/9051596":"光","1841/45257980":"克","589/11314495":"免","3441/9051596":"配","47/9051596":"酎 匂","5737/22628990":"児","3029/22628990":"酒","128/11314495":"酔 琴","1733/45257980":"煙","6911/11314495":"党","3205/2262899":"入","1573/22628990":"照","62361/45257980":"全","13373/45257980":"八","75/4525798":"酬","39211/45257980":"公","66/390155":"六","308/11314495":"煮","14353/22628990":"共","479/45257980":"酵","7887/45257980":"兵","881/45257980":"酷","7257/45257980":"具","1707/45257980":"酸","739/9051596":"典","1937/45257980":"兼 尊","73371/45257980":"内","513/780310":"円","273/11314495":"冊","4099/45257980":"熊","19833/45257980":"再","113/4525798":"冒","239/45257980":"醒 牟 鉾","8383/22628990":"写","303/11314495":"熟","74/2262899":"冠","4077/45257980":"冬","8583/45257980":"熱","791/9051596":"冷","77/4525798":"醸","2981/45257980":"燃","591/45257980":"凄 堪 妨","71/11314495":"采 姓","661/22628990":"釈","1758/11314495":"里","1091/45257980":"凍 句","31149/45257980":"重 制","54267/45257980":"野","11393/45257980":"量","4333/4525798":"金","169/45257980":"凜 頓 鮭 峙 弔","91/780310":"針","527/45257980":"凝 妥 糧","219/22628990":"凡","691/11314495":"釣","7349/45257980":"処","327/45257980":"凧","109937/45257980":"出","91/4525798":"刀 帳","373/45257980":"刃 鉢","595/4525798":"爆","80207/45257980":"分","22963/45257980":"切","206/11314495":"刈","5699/45257980":"刊","3039/45257980":"刑","1202/11314495":"列","38851/45257980":"初","16739/45257980":"判","17239/45257980":"別","7048/11314495":"利","3051/45257980":"到","1751/22628990":"鈴","6587/45257980":"父","1577/22628990":"券","652/11314495":"刺","389/4525798":"刻","211/22628990":"爽","159/45257980":"爾 勿","7437/45257980":"鉄","2611/45257980":"片","3627/45257980":"則","6083/22628990":"版","727/9051596":"削","37627/22628990":"前","651/9051596":"牛","1869/45257980":"剣","1747/45257980":"剤 埼","429/11314495":"牧","34589/45257980":"物","573/4525798":"副","57/4525798":"剰","388/11314495":"牲","12199/45257980":"割","1716/11314495":"創","26413/45257980":"特","8923/45257980":"銀","11/390155":"銃","263/9051596":"銅","5113/45257980":"劇","321/22628990":"劉","1259/45257980":"銘","30297/22628990":"力","4433/45257980":"功","484/11314495":"犠","3953/4525798":"加","751/45257980":"劣 靴","1963/9051596":"助","3803/45257980":"努","1049/22628990":"犬","1011/45257980":"銭","4493/45257980":"犯","2629/45257980":"励","12437/45257980":"労","19249/45257980":"状","3162/11314495":"効","773/45257980":"狂","83/1560620":"勇","1129/22628990":"勉 顧 黄","14917/11314495":"動","301/22628990":"勘","4811/45257980":"狙","29321/45257980":"務","45621/45257980":"勝","1139/9051596":"募","14831/45257980":"勢","3937/45257980":"勤","149/4525798":"勧","921/45257980":"狩","8173/45257980":"独","307/11314495":"狭","453/22628990":"鋭","13/4525798":"狼 紐 罹","1343/22628990":"包","257/22628990":"㌔ 砕","10051/9051596":"化","9557/11314495":"北","1979/45257980":"猛","51/9051596":"猟","46/2262899":"匠","177/45257980":"錠 喉","47/11314495":"㌢ 飢","633/22628990":"錦","321/45257980":"㌧ 飽 妃","747/45257980":"猪","1361/45257980":"猫 嬉","5/2262899":"錮 癌 禎 ｸ","2297/9051596":"録","101/45257980":"㌶ 塵 碗 寡 罵 羨","101/22628990":"猶 琢","31897/45257980":"区","11377/45257980":"医","337/45257980":"猿 塊","27701/45257980":"十","15887/45257980":"千","2051/4525798":"午","20647/45257980":"半","278/11314495":"鍋","71/22628990":"卑 鯖","454/11314495":"卓","25739/45257980":"協","18949/45257980":"南","6257/45257980":"単","4029/45257980":"占","2199/22628990":"印","1812/11314495":"危","4853/45257980":"獲","1583/45257980":"即","2137/45257980":"却","701/45257980":"鍵","378/11314495":"卵","144/11314495":"卸 粧","1433/45257980":"玄","13537/45257980":"率","1372/11314495":"玉","8943/45257980":"王","949/45257980":"鎌","1253/45257980":"鎖 麗","23/4525798":"厘","37077/45257980":"原","179/45257980":"玩 ﾝ","121/22628990":"厩 閥","123/11314495":"玲","5971/45257980":"厳","10039/45257980":"去","12533/22628990":"参","601/45257980":"又 筑","7421/45257980":"及","9917/45257980":"友","124/2262899":"双","1469/45257980":"珍","3269/9051596":"反","13977/45257980":"収","10/2262899":"叔 閑 壕","22563/22628990":"取","33431/45257980":"受","311/11314495":"鏡","9731/22628990":"口","19397/45257980":"古","393/45257980":"叩 坪","182/11314495":"叫","75/9051596":"召","961/45257980":"班","3601/9051596":"可","23759/45257980":"台","12089/45257980":"史","9823/45257980":"右","307/45257980":"叶","11699/45257980":"号","3317/22628990":"司","46637/45257980":"現","15011/22628990":"球","976/2262899":"各","42851/45257980":"理","83403/45257980":"合","623/11314495":"琉","8337/45257980":"吉","20257/11314495":"同","34687/45257980":"名","101/9051596":"后","163/11314495":"吐 盾 稀 粒","35387/45257980":"向","51/4525798":"鐘","4143/45257980":"君","69/11314495":"吟","222/2262899":"否","8877/45257980":"含","509/45257980":"琵 琶 喚","1797/45257980":"吸","273/4525798":"吹","1179/45257980":"吾","1217/45257980":"呂","157/9051596":"呉 忍","3651/9051596":"告","129/45257980":"呑 喰 碧","749/22628990":"鑑","207/45257980":"瑛 畔","139/11314495":"瑞","643/2262899":"周","9169/22628990":"味","10899/45257980":"呼","5267/22628990":"命","16/2262899":"璃","24463/45257980":"和","2797/11314495":"環","2487/45257980":"咲","19/11314495":"咸 尉","193/22628990":"哀 箇","8136/11314495":"品","513/22628990":"哉","26993/22628990":"員","499/45257980":"瓦","51/11314495":"哨 鵜","819/22628990":"哲","253/45257980":"唄 疆","91/22628990":"唇 硫 馳 﨑","1313/45257980":"唐 忠","2507/45257980":"甘","50751/22628990":"生","18967/22628990":"産","50929/45257980":"用","1469/22628990":"唯","31183/22628990":"田","37/780310":"唱","3224/11314495":"由","7689/45257980":"甲","6691/45257980":"申","23999/45257980":"男","36953/45257980":"町","7017/9051596":"画","15307/45257980":"商","32773/45257980":"界","37049/45257980":"問","121/2262899":"畑","1443/45257980":"啓","2501/22628990":"留","629/45257980":"畜","5421/45257980":"略","5571/11314495":"番","332/2262899":"異 編","259/22628990":"畳","87557/45257980":"長","647/45257980":"畿","13293/45257980":"門","2913/22628990":"善","3559/45257980":"閉","76601/45257980":"開","9053/45257980":"疑","76007/45257980":"間","6689/45257980":"喜","9885/9051596":"関","2033/22628990":"閣","151/11314495":"疫","542/11314495":"喫 埋","428/11314495":"疲","840/2262899":"営","897/45257980":"疾 庄","10659/45257980":"病","537/45257980":"闇 矛 鳩","5403/45257980":"症","1075/9051596":"闘","3813/45257980":"痛","64/11314495":"嗣 稔","231/45257980":"痴","22/2262899":"嘆","524/11314495":"嘉","281/45257980":"嘘 馴","2753/45257980":"阜","107/45257980":"嘩","5799/22628990":"阪","4404/11314495":"防","1079/45257980":"阻","3151/45257980":"阿","153/22628990":"噂","9487/45257980":"療","329/45257980":"噌","8713/45257980":"降","6453/22628990":"限","927/45257980":"癒","211/45257980":"噛 尺","353/22628990":"陛 筒","44/11314495":"陝 忌","5786/11314495":"院","2431/22628990":"陣","1964/11314495":"除","1301/45257980":"陥","2264/11314495":"器","53/1560620":"陰","257/11314495":"陳","581/22628990":"噴 嶺","83/4525798":"陵","85/4525798":"陶","4117/22628990":"陸 香","1617/11314495":"険","17591/9051596":"発","14507/45257980":"登","6727/45257980":"陽","13097/45257980":"白","4189/22628990":"百","65081/45257980":"的","55/4525798":"隅 粛","71/1560620":"隆","5679/45257980":"皆","307/4525798":"皇","2162/11314495":"隊","1724/11314495":"階","839/45257980":"随","5697/11314495":"際","5301/22628990":"障","1211/22628990":"隠","132/2262899":"隣","61/1560620":"皮","136/11314495":"隻","703/45257980":"皿","4761/45257980":"雄","472/11314495":"雅","741/45257980":"盆 紗","7289/11314495":"集","847/9051596":"雇","1207/9051596":"益","331/45257980":"雌","1669/22628990":"雑","1023/22628990":"盗","3733/22628990":"盛","14517/45257980":"四","35657/22628990":"回","419/4525798":"盟","189/1560620":"因","506/2262899":"離","16039/45257980":"難","23937/45257980":"団","16437/45257980":"監","1074/11314495":"盤","1931/11314495":"雨","4501/45257980":"雪","64113/45257980":"目","2229/22628990":"困","2047/45257980":"雰","233/4525798":"雲","1738/11314495":"囲","1683/9051596":"図","9793/22628990":"直","391/45257980":"零","175/9051596":"雷","18317/22628990":"相","195/2262899":"固","6973/11314495":"電","87413/22628990":"国","2519/45257980":"需","7439/22628990":"省","2707/9051596":"震","324/11314495":"霊 序","71/9051596":"國","572/11314495":"看","66111/45257980":"県","263/4525798":"圏","25029/45257980":"園","119/45257980":"霜 嫦","79/11314495":"霞","13877/22628990":"真","759/2262899":"土","2461/45257980":"眠","1387/11314495":"圧","12483/22628990":"在","1167/45257980":"圭","4999/2262899":"地","292/2262899":"露","861/45257980":"眺","1123/45257980":"眼","7913/22628990":"着","1129/9051596":"坂","887/9051596":"均","166/11314495":"坊","11511/45257980":"青","7839/45257980":"静","1931/9051596":"非","687/22628990":"睡","13157/22628990":"面","3499/11314495":"督","3323/22628990":"革","649/45257980":"垂","11553/45257980":"型","2031/22628990":"垣","2311/45257980":"瞬","2277/9051596":"城","12177/45257980":"韓","23331/45257980":"域","1177/22628990":"矢","9253/11314495":"知","823/9051596":"短","113/45257980":"矯","2753/11314495":"音","146/390155":"石","2667/45257980":"執 稿 弘","393/9051596":"培","5106/11314495":"基","11241/45257980":"響","829/22628990":"堀","3867/45257980":"砂","2221/22628990":"堂","545/4525798":"頂","1097/22628990":"堅","2713/45257980":"項","4741/45257980":"順","1431/22628990":"須","1333/45257980":"預","4069/45257980":"頑","7389/22628990":"研","5587/22628990":"領","373/22628990":"堤","89/22628990":"頬","11133/45257980":"頭","117/45257980":"堰 租","10011/9051596":"報","1009/45257980":"砲","85949/45257980":"場","8119/45257980":"破","46/11314495":"頸 鯨","101/11314495":"堺","413/22628990":"頻","1391/11314495":"頼","411/45257980":"塀","8193/45257980":"塁","31223/45257980":"題","9393/45257980":"額","4571/22628990":"顔","419/22628990":"塔","807/45257980":"顕","221/9051596":"塗 孤","6933/45257980":"願","1589/22628990":"塚","523/45257980":"塞","355/2262899":"類","1433/22628990":"塩","507/22628990":"塾","25/2262899":"碁","5929/22628990":"境","155/9051596":"碑","259/11314495":"墓","12467/22628990":"増","31/2262899":"墜","497/45257980":"墨","17793/45257980":"風","18789/45257980":"確","1413/22628990":"壁","589/22628990":"壇 粘","1001/11314495":"壊","941/45257980":"壌 弦","179/9051596":"磐","2413/11314495":"飛","6649/11314495":"食","3196/11314495":"士","549/22628990":"壮","717/11314495":"飯","749/45257980":"磯","758/2262899":"声","12079/22628990":"売","1394/11314495":"飲","409/11314495":"飼","1391/22628990":"飾","91/9051596":"礁 窮","637/45257980":"餅","11209/22628990":"変","4971/45257980":"養","1513/45257980":"礎 寧","11099/45257980":"夏","1303/22628990":"夕","9847/11314495":"外","9868/11314495":"多","8407/45257980":"夜","1176/11314495":"夢","195737/45257980":"大","19341/45257980":"館","3833/11314495":"天","13799/45257980":"太","2247/11314495":"央","10241/45257980":"失","22721/45257980":"示","2089/45257980":"礼","63413/45257980":"社","1043/45257980":"奄","1667/45257980":"奇","335/9051596":"祈","7891/45257980":"奈","877/45257980":"奉","3343/45257980":"祉","1831/22628990":"奏","3991/45257980":"契","2157/45257980":"祖","4687/9051596":"神","1269/45257980":"祥","3101/22628990":"奥","1561/45257980":"奨","941/4525798":"票","3961/45257980":"奪","3131/22628990":"祭","773/22628990":"奮","9469/11314495":"女","84/11314495":"奴","816/2262899":"好","5383/45257980":"禁","37/2262899":"如","279/45257980":"禅 幣","391/9051596":"妊","34/11314495":"禍","5413/11314495":"福","18083/45257980":"首","70/2262899":"妙","11021/45257980":"馬","739/22628990":"妹","2079/22628990":"妻","39/390155":"秀","9681/22628990":"私","2454/11314495":"駅","1673/22628990":"駆","407/11314495":"姉","11369/22628990":"始","12513/45257980":"秋","2761/45257980":"駐","109/45257980":"姑","12207/45257980":"科","215/9051596":"駒","1513/22628990":"秒","10159/22628990":"委","3401/45257980":"秘","191/45257980":"姜","237/22628990":"秦","65/4525798":"秩 鼻","1591/45257980":"姫","571/45257980":"駿","2652/11314495":"姿","1837/45257980":"威","2019/11314495":"程","491/22628990":"騎","11929/45257980":"税","16/390155":"騒","4591/11314495":"験","125/2262899":"娘","328/11314495":"稚","1087/45257980":"娠","37/11314495":"娥 紳 黎","209/45257980":"騨","3018/11314495":"種","829/45257980":"騰","1347/22628990":"稲","2841/45257980":"稼","143/9051596":"稽","4389/22628990":"積","371/22628990":"穏","330/2262899":"婚","4463/45257980":"婦","367/11314495":"穫","65/2262899":"穴","12651/45257980":"究","9913/22628990":"空","2007/11314495":"突","37/4525798":"媒","2149/45257980":"窓","1069/22628990":"媛","1449/22628990":"骨","1/78031":"嫁","11809/11314495":"立","383/9051596":"嫌","15913/9051596":"高","2791/45257980":"竜","643/11314495":"章","41/11314495":"竣","268/2262899":"童","1317/45257980":"髪","2247/22628990":"端","12481/45257980":"競","4049/45257980":"竹","77/22628990":"竿 鮎","1125/4525798":"笑","1531/45257980":"笠","177/11314495":"符","34123/45257980":"第","8/2262899":"鬱","221/22628990":"笹","201/9051596":"鬼","1161/22628990":"魁","192/11314495":"魂","6697/45257980":"魅","3471/22628990":"等","2743/45257980":"筋","91207/45257980":"子","109/22628990":"孔","7943/45257980":"答","153/4525798":"魔","19509/45257980":"策","7043/45257980":"字","2547/11314495":"存","787/22628990":"孝","2409/11314495":"季","80907/45257980":"学","1477/45257980":"孫","9941/45257980":"宅","7389/45257980":"宇","2437/9051596":"守","10797/11314495":"安","43/11314495":"宋","1969/9051596":"完","103/22628990":"宍","1571/45257980":"宏","1881/45257980":"宗","4979/22628990":"算","10799/45257980":"官","642/11314495":"宙","60073/45257980":"定","137/22628990":"宛","287/4525798":"宝","27409/22628990":"実","2149/9051596":"管","16807/45257980":"客","3943/45257980":"宣","77/312124":"室","19953/45257980":"宮","2243/45257980":"箱","5687/11314495":"害","147/9051596":"宴","42171/45257980":"家","61/11314495":"箸","5391/45257980":"宿","3163/22628990":"節","216/11314495":"寂","657/11314495":"範","104/390155":"寄","1166/11314495":"密","621/4525798":"築","7897/45257980":"富","2087/45257980":"寒","83/22628990":"鯛 綴","228/11314495":"寛","682/11314495":"寝","3871/22628990":"察","29/1560620":"篠 尻","3573/22628990":"審","119/11314495":"寮","239/22628990":"寸 峡","5299/45257980":"寺 延","31221/22628990":"対","2339/45257980":"寿","1831/45257980":"封","9021/45257980":"専","1631/9051596":"将","7/312124":"尋","12927/45257980":"導","21813/22628990":"小","5403/11314495":"少","121/11314495":"尖","547/22628990":"尚","647/11314495":"簡","3629/22628990":"就","617/45257980":"尼","881/9051596":"尾","611/45257980":"尿","776/2262899":"局","1534/11314495":"居","57/2262899":"屈","1782/11314495":"届","15621/45257980":"屋","671/9051596":"籍","11909/22628990":"展","2919/22628990":"属","513/45257980":"籠","2563/22628990":"層","13853/11314495":"山","38191/45257980":"米","414/11314495":"粉","126/11314495":"粋","373/4525798":"岐","283/45257980":"粟","20781/45257980":"岡","6439/45257980":"岩","5647/45257980":"精","1659/45257980":"糖","1129/11314495":"鳥","1147/45257980":"峰","120/2262899":"鳴","56793/45257980":"島","1371/45257980":"糸","3137/22628990":"系","2463/22628990":"紀","36103/45257980":"約","2053/45257980":"紅","463/45257980":"崇","247/22628990":"紋","4839/45257980":"納","443/1560620":"崎","136/2262899":"純","339/45257980":"崖","9633/45257980":"紙","3853/22628990":"級","231/9051596":"紛","1863/9051596":"素","1233/22628990":"索","3119/45257980":"崩","763/45257980":"紫","587/45257980":"累","302/2262899":"細","9651/45257980":"紹","163/45257980":"鴻","20553/45257980":"終","8516/11314495":"組","181/11314495":"絆","10663/11314495":"経","25867/45257980":"結","199/9051596":"絞","173/2262899":"絡","3581/22628990":"給","521/45257980":"鵬","16991/45257980":"統","1173/11314495":"絵","7683/45257980":"絶","281/9051596":"嶋","31/1560620":"鶏","7577/45257980":"継","38401/45257980":"続","507/4525798":"維","941/22628990":"綱","5799/45257980":"網","67/11314495":"綺","21/2262899":"嶽","1053/45257980":"綾","22909/45257980":"総","1157/22628990":"緑","5567/45257980":"緒","8641/22628990":"線","19477/22628990":"川","1251/4525798":"州","2561/22628990":"締","2273/22628990":"巡","93/4525798":"巣","2273/4525798":"工","5061/22628990":"左","683/45257980":"巧","2701/45257980":"緩","9827/45257980":"差","54/11314495":"巴","10977/45257980":"練","17/1560620":"鷹","967/9051596":"巻","60243/22628990":"市","4027/45257980":"布","3084/11314495":"縄","30/2262899":"帆","3093/22628990":"希","1401/45257980":"縦","9133/45257980":"師","433/1560620":"席","531/9051596":"縮","2131/11314495":"帯","10029/45257980":"帰","7731/22628990":"常","4121/45257980":"績","483/11314495":"繁","1437/11314495":"幅","337/22628990":"繊","153/11314495":"繋","1201/22628990":"幌","6719/45257980":"織","7991/45257980":"幕","4471/45257980":"繰","1675/2262899":"平","40189/9051596":"年","629/4525798":"幸","2841/22628990":"幹","801/45257980":"幻","1403/22628990":"幼","106/11314495":"幾","383/4525798":"鹿","1761/11314495":"庁","26571/45257980":"広","94/2262899":"床","1903/22628990":"底","24813/45257980":"店","18443/45257980":"府","11858/11314495":"度","3693/22628990":"座","1144/11314495":"庫","2367/22628990":"庭","41/4525798":"庶","633/4525798":"康","187/9051596":"麺","1671/22628990":"麻","329/2262899":"黒","226/11314495":"黙","124/11314495":"廷","6161/45257980":"弁","19409/45257980":"式","298/11314495":"鼓","102/11314495":"弓","2331/4525798":"引","517/11314495":"弟","181/9051596":"弥","732/11314495":"弱","3716/11314495":"張","156/11314495":"缶","18141/22628990":"強","2607/22628990":"弾","10673/11314495":"当","6001/22628990":"形","1497/9051596":"齢","3021/45257980":"彦","3027/45257980":"彩","5639/45257980":"罪","56/2262899":"彫","9197/22628990":"置","1391/45257980":"罰","467/9051596":"彰","173/390155":"影","2603/22628990":"署","17693/45257980":"役","2054/11314495":"彼","62/2262899":"往","173/9051596":"征","183/11314495":"径","849/45257980":"羅","3556/11314495":"待","639/11314495":"律","37459/22628990":"後","2083/45257980":"龍","21479/45257980":"美","1211/45257980":"徐","306/2262899":"徒","4847/45257980":"従","5322/11314495":"得","3827/45257980":"御","635/9051596":"群","7129/22628990":"復","10627/45257980":"義","299/22628990":"循","2063/45257980":"微","3351/9051596":"徳","918/11314495":"徴","683/11314495":"徹","149/1560620":"羽","451/22628990":"翁","3111/4525798":"心","4728/11314495":"必","1117/22628990":"翌","2985/9051596":"習","981/22628990":"翔","401/2262899":"志","519/9051596":"忘","12357/22628990":"応","1857/22628990":"快","7527/22628990":"念","691/45257980":"翻","305/9051596":"翼"}}