{"language":"XHOSA","ngrams":{"23/96":"cca","1/8":"tdp cqa uuk feb fez lke oxi pda pdc pfi bds","1/16":"tdr ccm yro yrs npu oab pdf pdp pff rmi","17/96":"cce","7/96":"cci rme","1/48":"ccl ccr dms dmu dvl oac oag oap oau oay","19/96":"cco","21/3967":"teb","74/3967":"tea","118/3967":"ted","39/3967":"tec tee","5/96":"ccu","8/3967":"tef tep tew","1/96":"cct egy rmp","2/3967":"teh","23/3967":"teg tei","14/3967":"tej","409/3967":"tel","100/3967":"tek","354/3967":"ten","364/3967":"tem","1/3967":"teo teu","485/3967":"ter","197/3967":"tet","6/85":"cdc fli","130/3967":"tes","30/3967":"tev","7/3967":"tex","6/3967":"tez","27/3967":"tey","4/85":"cdp","1/85":"cdo cdw tza tzi iiv mqi","2/85":"cds tzv","1/6":"tfi tfs uol dvd gta hha hho hhu hpc hpi hph hpv kba kbe kkh pca pcr pcs","2/3":"tfo cno vha vle wzi xte zma","1/1473":"cea cei eqs","7/5892":"cec cez","189/1964":"ceb","1/5892":"cee cef ceo","1891/5892":"ced","49/5892":"cek","27/982":"cem","383/982":"cel","53/1473":"cen","23/5892":"cep","27/1964":"ces","55/5892":"cer","1/3":"tge tgi tgr cns dyu vro wpa wri wzo gto yci yga ygo ygr zhe zhi zme zse zsi jra lza lzh lzw nra nri sva","61/2946":"cet","5/5892":"cey","8405/39742":"tha","1/1":"cfo tqu dku vfh rès açi ría vvt sàl wgs fke wqo xfo gfu xkr gji xls gku xnl xso gvi dão yji hja hke yvo ñen hza àle zda ašt vèd eël áth jks wên jnr áyo âbo âma gàt gát gâb âsi kje kve hér záy zão iël iñe çio láy lén èdr lùs qbo qdp qgi ùsw èse qka qla méo qze éne nâb úth érè úya rqu šte ênz bgq bje bqa bvo bwe","1/19871":"thc","1/39742":"thb thg thé","4319/19871":"the","5842/19871":"thi","2/19871":"thm","9/39742":"thl thr","2865/39742":"tho","18/19871":"ths","7/15":"cgb kfe","6131/39742":"thu","1737/39742":"thw","12/19871":"thy","6/5215":"tib","44/5215":"tia","4/5215":"tid tiu","1/15":"cgs dji djo wka wki wkw xca xch hca hcl hco hcr zho zhn lhu lre nre nrh nrm nry ppr","4/15":"cgr wke hct lha","123/5215":"tic","38/1043":"tif","26/5215":"tie","9/5215":"tig","1/5215":"tii","117/5215":"til","414/5215":"tik","246/5215":"tin","142/5215":"tim","12/5215":"tip","18/149":"tio","1/1689":"chb chy","17/5215":"tir","2/5215":"tiq tix","1823/3378":"cha","1403/5215":"tit","92/5215":"tis","88/5215":"tiv","94/1689":"che","6/745":"tiw","4/745":"tiz","27/5215":"tiy","263/1689":"chi","2/1689":"chl","29/3378":"chn","5/1689":"chm","295/3378":"cho","19/1126":"chr","3/25":"tje lma lmo","1/563":"cht chs","1/3378":"chv","43/563":"chu","19/25":"tji","37/1689":"chw","1/25":"tjo lmm lmu","91/4660":"cia","3/1165":"cic","21/4660":"cib","33/4660":"cie","11/4660":"cid","1/4660":"cig","1/1165":"cif","31/4660":"cik cir","117/2330":"cim cil","3/4660":"cio ciu ciw","337/932":"cin","25/932":"cip","157/466":"cis","8/233":"cit","1/2330":"civ ciz","7/4660":"ciy","1/2":"tko cjc tku bâm bâs wmi fwa yfi yfr yza yzi àth àts zta zth zva zvi jti kbo kke lje pkl ùng ùny qng qnj qsh ële ëls","1127/2421":"tla","82/807":"tle","17/269":"tli","5/2421":"tlh","694/2421":"tlo","2/245":"cka ckb ckn osc","193/2421":"tlu","44/245":"cke","1/2421":"tlw","1/245":"ckg ckh ckw","4/49":"cki","3/245":"ckl","1/49":"cko gya gyf gyn ied","1/78":"tmb","19/245":"ckp","3/13":"tma cpu yke","38/245":"cks","4/245":"cku cky","55/78":"tme","29/142":"cla","3/71":"clc","1/142":"clf clm cly","11/142":"cle","6/71":"cli","1/31":"tna tpw dst dtc","17/142":"clo","7/62":"tne","4/71":"cls","8/71":"clu","3/14":"cma uos uor wbo xpo","1/14":"cmc uon wba wbh wbr wbu gde gds xpa ois","1/42":"cme uoc uob uoo uot dré xts oii oim oiv sdr","2/31":"tnu dtr","26/1013":"tob","1/3039":"toa toh","1/2026":"tod tog","4/3039":"toc","37/3039":"tof","1/6078":"toe","5/3039":"toi tos","163/6078":"tol","34/3039":"tok","78/1013":"ton","152/3039":"tom","37/6078":"top","5/6078":"too toz","53/2026":"tor","29/6078":"tot","2/3039":"tov","3/1013":"tou","10/1013":"tow","19/6078":"toy","1/93":"tpe tpr dsa dsh dso","2/93":"tph tpo dsc dse","1/145":"coa coo","8/93":"tps","24/319":"coc","126/1595":"cob","37/1595":"coe","8/1595":"cod","4/1595":"cog cov coy","2/145":"cof","1/1595":"coi coz","2/1595":"coh","113/1595":"cok","276/1595":"com","91/1595":"col","344/1595":"con","23/1595":"cop","48/1595":"cos","8/319":"cor","64/1595":"cou","144/1595":"cot","3/1595":"cow cox","3/26":"cpa cpt ues hbr hbu","1/13":"cpf ykh ykw rpl aos aor","296/917":"tra","115/917":"tre","1/26":"cps hbe hbi hbh zbe lbo ait aom","275/917":"tri","153/917":"tro","57/917":"tru","3/131":"try","480/13609":"tsa","7/13609":"tsc","1/13609":"tsf tsp tsv","7/8":"cqu","428/13609":"tse","8898/13609":"tsh","2601/13609":"tsi","4/13609":"tsk","44/13609":"tsm","268/13609":"tso","19/162":"cra","3/13609":"tst","2/13609":"tss","5/27":"cre sne sny","550/13609":"tsu","120/13609":"tsw","20/81":"cri cro","1/162":"crl crs rgh rgi rgv rgy","14/257":"tta","96/257":"tte","13/81":"cru","5/257":"tti tth ttr tty","7/257":"ttl","17/257":"tto","1/257":"ttn ttw","3/47":"csa rbs","80/257":"ttp","2/257":"tts","1/47":"csb fma fmd rbu rby","1/141":"cse csd csi","4/141":"cso","1/5014":"tub tuy","19/5014":"tua","9/2507":"tud tuk","2/2507":"tuc","7/2507":"tue","11/5014":"tug","1/2507":"tui tuo","22/2507":"tul","11/2507":"tun","57/2507":"tum","3/2507":"tup tuz","44/2507":"tur","25/198":"cta cto","51/5014":"tut","1/396":"ctc ctv ctw cty fei","13/5014":"tus","1/99":"cte iuc iub","5/5014":"tuu tuw","35/132":"cti","2/33":"ctl iul kut","1/132":"ctm fef","7/198":"ctr cts","1/5":"tve cxi vti fha flo fng gpa hns hve zha zkh zki zko zku zla zza lhe lhr lra bnt","5/198":"ctu","1/20":"tvo lch","2/1475":"cua","3/1475":"cuc cud cui","151/1475":"cub","411/1475":"cuk","116/1475":"cum","492/1475":"cul","32/1475":"cun","43/1475":"cup","1301/1663":"twa","3/295":"cus","63/1475":"cur","1/1475":"cuu cuy","34/1475":"cut","164/1663":"twe","58/1475":"cuw","181/1663":"twi","6/1475":"cuz","14/1663":"two","1/1663":"twu twy xod xog xop","1/7":"cvi dfo wti wts gdf gdi gdx xpl xtb nbe pbo pne rff sra sre","1729/1998":"cwa","29/222":"cwe","7/1998":"cwi","1637/6507":"tya","2/6507":"tyd tyk","1631/6507":"tye","988/6507":"tyh","566/6507":"tyi","4/6507":"tyl","5/6507":"typ tys","362/6507":"tyo","1/6507":"tyr tyt","307/6507":"tyu","794/6507":"tyw","5/17":"tzb","41/85":"tze","1/40":"cyc fcw","1/120":"cyb","1/30":"cyl fin fiz auv","1/60":"cyn","23/120":"cyr","1/382":"uaa uac uah uau eeg","9/382":"uab","8/191":"uad uat","35/382":"uag","5/382":"uaf","4/191":"uak","13/382":"uam","143/382":"ual","28/191":"uan","3/382":"uap","3/191":"uas uav uaz","23/191":"uar","7/382":"uay","18071/27294":"uba","1/13647":"ubd","2399/27294":"ube","259/4549":"ubh","7/9098":"ubj","147/9098":"ubi","32/13647":"ubl","11/13647":"ubm","434/4549":"ubo","11/9098":"ubr","243/4927":"dab","19/9854":"daa","1/27294":"ubt","3/379":"dad yap","3/9098":"ubs","19/4927":"dac das","20/4927":"daf","1/9854":"dae","1006/13647":"ubu","8/4927":"dah dag","41/27294":"ubw","5/9854":"daj dau","1/9098":"uby","1/379":"dai","1011/9854":"dal","535/9854":"dak dat","669/9854":"dan","155/9854":"dam","51/9854":"dap","540/2797":"uca","1/4927":"dao","4/2797":"ucc","99/4927":"dar","37/9854":"daq","784/2797":"uce","1/2797":"ucd ucj ucq","55/9854":"dav","7/9854":"dax","189/2797":"uci","610/2797":"uch","1065/4927":"daw","17/2797":"uck","8/379":"daz","367/9854":"day","9/2797":"ucl","117/2797":"uco","25/67":"dba","16/2797":"ucs","8/2797":"ucr","34/67":"dbe","356/2797":"ucu","38/2797":"uct","85/2797":"ucw","18/2797":"ucy","1/67":"dbm dbo bce bcx","1/2541":"udb udd udf udh udn","590/2541":"uda","3/67":"dbr","2/67":"dbu","43/231":"ude","1/847":"udg udz","5/2541":"udj uds","137/847":"udi","634/2541":"udl","4/847":"udm","8/231":"udo","13/2541":"udr","1/209":"dcd","257/2541":"udu","3/209":"dch dci","2/209":"dcg dcl dco dcr","2/231":"udw","16/2541":"udy","1/260":"ueb uef uei uek","11/260":"uee","1/52":"ued uet lbh lbl aol aop aow aoy","1/130":"uem uer","7/65":"uel","9/260":"uen","2/41":"dda ddr","3/260":"uep","6/41":"dde ddy sfe","1/41":"ddg ddf ddo ddu uif uip pgd pgs aek aep aey","7/260":"uew","1/65":"uev hna","16/41":"ddi","5/41":"ddl","1007/5264":"ufa","3/5264":"ufc","13/2632":"uff","6/329":"ufe","225/2632":"ufi","3/2632":"ufl","1/752":"ufm","5/1316":"ufo","5/5264":"ufr","61/1477":"deb","1/422":"dea qek","20/1477":"ded dev","9/5908":"dec dex","13/5908":"def","5/5908":"dee dei","1821/2632":"ufu","1/2954":"deh","5/2954":"deg det","2431/5908":"del","73/5908":"dek","341/5908":"den","9/844":"dem","29/2954":"dep","191/2244":"uga","1/844":"deo","86/561":"ugc","143/5908":"der","1/5908":"deq","13/1122":"ugb","4/187":"uge","97/5908":"des","1/2244":"ugg ugn ugs","3/5908":"deu","13/748":"ugi","7/2244":"ugh","11/5908":"dew","15/1477":"dez","3/2954":"dey","2/561":"ugm jab jav","1/1122":"ugl","23/748":"ugo","2/7":"dfa wbc wto gdp xpe xpr nvo","7/17":"ugq dna","79/2244":"ugr","2/21":"dfe uom uou dro wse hya kny mle nfa nvi sdt","229/2244":"ugu","41/1122":"ugw","1/748":"ugy","95/1122":"ugx","199/1732":"uha","27/3464":"uhe","19/3464":"uhi","2961/3464":"uhl","1/3464":"uhn uhs","11/866":"uho","1/866":"uhr","1/27":"dga dgi dgl dgs hmi hmo kgr snd sng sph","22/27":"dge","1/433":"uhu","1/82":"uia uig uiy aea aec aeb aed aem aer aeu aex","1/164":"uic uib uii","9/82":"uid aes","5/164":"uik uir","31/164":"uil","4/41":"uin","15/37":"dha yma","11/82":"uis","5/37":"dhe dho","19/82":"uit","3/37":"dhi","5/82":"uiz aef","4/37":"dhl","23/148":"uja","21/592":"uje","1/592":"ujg","63/592":"uji","3/592":"ujp","363/592":"ujo","200/3379":"dib","61/13516":"dia","135/6758":"did","56/3379":"dic","283/13516":"dif","21/296":"uju","41/13516":"die","53/6758":"dih","1/296":"ujw","14/3379":"dig","43/13516":"dij","2/3379":"dii","147/3379":"dil","479/13516":"dik","10/109":"din","475/13516":"dim","117/6758":"dip","2415/30511":"uka","9/6758":"dio","37/13516":"dir diu","131/13516":"diq","133/3379":"dit","880/30511":"uke","1965/13516":"dis","4/30511":"ukg","115/13516":"div","91/13516":"dix","292/30511":"uki","21/3379":"diw","296/2347":"ukh","523/13516":"diz","1/30511":"ukj ukn ukp ukt uky","731/13516":"diy","1/2347":"ukl","655/30511":"uko","5/30511":"uks","101/30511":"ukr","1592/2347":"uku","1590/30511":"ukw","1/23385":"ulb ulh ulk ulm ulz","1674/7795":"ula","4/23385":"uld","2/23385":"ulc ulp","4226/23385":"ule","652/7795":"uli","12/7795":"ull","3529/23385":"ulo","38/23385":"ult","3/7795":"uls","1349/4677":"ulu","593/7795":"ulw","2/7795":"uly","6112/24099":"uma","64/8033":"umc","2113/24099":"umb","3887/24099":"ume","641/24099":"umd","162/8033":"umg","491/24099":"umf","509/8033":"umi","743/24099":"umh","171/8033":"umk","26/8033":"umj","133/24099":"umm","560/24099":"uml","914/24099":"umo","1765/24099":"umn","134/8033":"umq","3947/9072":"dla","502/24099":"ump","685/24099":"ums","158/24099":"umr","61/24099":"umu","439/1296":"dle","532/24099":"umt","5/24099":"umw","208/24099":"umv","151/24099":"umy","73/4536":"dli","28/8033":"umx","1/9072":"dlk","772/24099":"umz","11/336":"dlo","1/32381":"unb unm","1618/32381":"una","1/4536":"dls","7718/32381":"und","944/32381":"unc","3/32381":"unf unl unr","1321/9072":"dlu","2143/32381":"une","2/32381":"unh unp","31/1008":"dlw","7653/32381":"ung","782/32381":"unj","1913/32381":"uni","389/32381":"unk","6/32381":"unn","1148/32381":"uno","5/48":"dma dvo","273/32381":"unq","847/32381":"unt","25/32381":"uns","1/24":"dme uua uuc uud uun uus vrp oas rmo","1620/32381":"unu","204/32381":"unx","121/32381":"unw","302/32381":"unz","11/24":"dmi","4631/32381":"uny","9/17":"dne ybo","1/21":"uoy hyl kne kng nfr ppe sdo","225/5444":"upa","1/2722":"upd ups guu gux","1/5444":"upc guo","1/17":"dnu ybe ybr lpa lpc lpi lps bbo bst","121/5444":"upe","1200/1361":"uph","24/1361":"upi","3/1361":"upl","7/1361":"upp","33/5444":"upo","19/6145":"dob","17/2722":"upr","1/6145":"doa doi dov","11/5444":"upt","629/6145":"dod","18/6145":"doc dok","2/6145":"dof doh","4/1229":"doe","5/1361":"upu","13/6145":"dog","4/6145":"doj","442/6145":"dol","151/6145":"don","47/6145":"dom","7/6145":"dop","277/863":"uqa","2/1229":"doo doy","43/6145":"dor","53/6145":"doq","38/6145":"dot","401/5178":"uqe","12/6145":"dos","8/6145":"dou","209/1726":"uqi","154/6145":"dow","373/1726":"uqh","1/1229":"doz","229/5178":"uqo","1/2589":"uqq","1/11":"dpe dze ydg ydo yto kyl bti bts btr bya","164/863":"uqu","51/1726":"uqw","1/5178":"uqz","1/33":"dpm dps dpr iuk oel byr","9/1381":"urb urw","86/1381":"ura","34/1381":"urd urc","1/1381":"urf url","269/1381":"ure","461/1381":"urh","48/1381":"urg","71/1381":"uri","10/1381":"urk","15/1381":"urn","4/1381":"urm urp","77/1381":"uro","43/1381":"urr","12/1381":"urt","55/1381":"urs","14/1381":"urv","23/1381":"uru","16/1381":"ury","1033/8069":"usa","26/8069":"usc","4/8069":"usb","3129/8069":"use","1255/8069":"usi","529/8069":"ush","11/8069":"usk","8/8069":"usm","3/8069":"usl","544/8069":"uso","1/8069":"usn usq usy","3/8":"dra kdf","5/8069":"usp","1/84":"drc nvl sdp sdu","31/8069":"uss","2/8069":"usr","43/168":"dre","1026/8069":"usu","144/8069":"ust","203/8069":"usw","11/84":"dri","1/13257":"utb utj utk","170/13257":"uta","10/13257":"utc","1/56":"dru dry","127/13257":"ute","8128/13257":"uth","326/13257":"uti","2/4419":"utl","50/13257":"uto","17/13257":"utr","4/4419":"utt","3062/13257":"uts","1/491":"utu","13/13257":"utw","2/13257":"utz","142/1473":"uty","1/62":"dsm","1/186":"dsu ixi","5/24":"uur dva oar","1/12":"uuu gte gth kki kkl kku kkw oan","3/31":"dto dtp dtu dtt","443/1126":"uva","331/2252":"uve","1/1126":"uvh","219/2252":"uvi","28/563":"uvo","29/1135":"dub","7/2270":"dua","3/227":"dud wnl","19/454":"duc","3/2270":"duf dup","697/2252":"uvu","2/1135":"dug","4/1135":"dui","417/1135":"dul","68/1135":"duk","71/2270":"dun","132/1135":"dum","70/169":"uwa","4/1183":"uwc","14/1135":"dur","235/1183":"uwe","17/454":"dut","47/2270":"dus","1/10":"duv gpg gps znt zzo lce lcs mwa mwi ppo","1/1183":"uwf uwy","1/1135":"dux duw","45/1183":"uwi","1/91":"uwh","11/2270":"duz","37/169":"uwo","5/16":"dve pdm","17/169":"uwu","3/16":"dvi pde tdc","19/83":"uxa","46/415":"uxe","89/249":"uxh","38/1245":"uxi","79/415":"uxo","1083/1333":"dwa","19/1245":"uxu","479/2666":"dwe","13/249":"uxw","7/2666":"dwi","2840/6451":"uya","11/2666":"dwo","1/6451":"uyc uyl uyt","1/2666":"dwr","1506/6451":"uye","1298/6451":"uyi","780/6451":"uyo","2/6451":"uyn uys","11/6451":"uyu","5/6451":"uyw","4/6451":"uyv","881/3540":"uza","1979/7080":"uze","1/3540":"uzh","169/885":"uzi","1/7080":"uzm","217/1180":"uzo","1/303":"dyb dyc","23/101":"dya","50/303":"dye","27/472":"uzu","53/1416":"uzw","5/303":"dyi","2/303":"dyk dyn dyw","10/101":"dyo","1/101":"dys oyw","1/22":"dza ydi ydn ydr yta ytr ytw kyo kyp kyu","13/22":"dzi","2/11":"dzo yth kza btl","1/1416":"uzã","5/2551":"vab","5/5102":"vaa vac","1/5102":"vae vai","2/2551":"vah vag","453/5102":"val","140/2551":"vak","421/2551":"van","31/5102":"vam","10/2551":"var","24/2551":"vat","15/5102":"vas","703/5102":"vav","21/5102":"vaw","65/5102":"vay","15/296":"eac eat","7/888":"eab","29/444":"ead","125/888":"eag","113/888":"eaf","1/222":"eai","13/888":"eak","1/888":"eaj eaw eay eax","41/888":"eam","73/888":"eal","121/888":"ean","5/888":"eap","41/444":"eas","49/444":"ear","3/148":"eau","5/444":"eav","1/444":"eaz","4/12375":"ebb ebt","1682/12375":"eba","1/1375":"ebc","7193/12375":"ebe","28/225":"ebh","686/12375":"ebi","2/825":"ebl","1/12375":"ebm eby","184/4125":"ebo","152/12375":"ebr","8/12375":"ebs","496/12375":"ebu","259/757":"eca","1/1514":"ecc ecb ecg","109/1514":"ece","19/1514":"ecd","45/757":"eci","303/1514":"ech","10/757":"eck ecr","1/757":"ecm","4/757":"ecl","58/757":"eco","2/757":"ecp","3/1514":"ecs","1/355":"ved ird irk","2/3195":"vec","43/1514":"ecu","149/1514":"ect","1/1065":"veh irb irf irn","73/1514":"ecw","1/639":"veg","1313/3195":"vel","521/3195":"vek","103/1065":"ven","193/3195":"vem","38/639":"ver","26/3709":"edb","634/3709":"eda","10/3709":"edd","23/3195":"vet","4/3709":"edc edh","211/3195":"ves","1/3709":"edf edm edv edz","1/3195":"vev","286/3709":"ede","8/3709":"edg","107/3195":"vez","1/45":"vey aum aux","638/3709":"edi","335/3709":"edl","7/3709":"edn","394/3709":"edo","19/3709":"edr","2/3709":"edt","13/3709":"eds","205/3709":"edu","144/3709":"edw","87/3709":"edy","7/4966":"eea","14/2483":"eec","99/4966":"eeb","3/4966":"eee","63/4966":"eed","123/4966":"eef","1/2483":"eei eeo eeq","28/2483":"eeh","213/4966":"eek","5/4966":"eej eeu","71/382":"eem","97/2483":"eel","1062/2483":"een","54/2483":"eep","227/4966":"ees","73/2483":"eer","50/2483":"eet","3/2483":"eew","2/191":"eev","67/4966":"eey","11/4966":"eez","103/562":"efa","1/1686":"efc efm","47/1686":"eff efr","149/1686":"efe","23/281":"efi","7/843":"efl","1/562":"efn","275/1686":"efo","1/9":"vhe vhi vhu yca yce yco hga hys ius oil pwa pwd pwc pwi pwr aul sqi sqh","5/1686":"eft","46/843":"efs","99/281":"efu","133/416":"ega","83/1248":"egc","31/416":"ege","1/1248":"egd egn egs","7/1248":"egg egh","19/312":"egi","1/624":"egm egp mev","1/156":"egl ipl","29/208":"ego","139/1248":"egq","1/277":"via vik pyb pyg pyo pyr","25/1108":"vid","61/2216":"vic","43/1248":"egr","131/1248":"egu","3/554":"vie vir","31/1248":"egw egx","13/2216":"vig","1/2216":"vij vii","51/1108":"vil","59/1108":"vin","17/1108":"vim","3/1108":"vio","47/431":"eha","5/277":"vit","2/1293":"ehc ehu ehy","63/1108":"vis","7/2216":"viv","28/1293":"ehe","1585/2216":"viw","11/431":"ehi","887/1293":"ehl","1/1293":"ehp ehr ehw ehz","185/1293":"eho","8/1293":"eht","13/218":"eic eir","1/109":"eib eie eif eii eip lta","3/218":"eid lty","35/218":"eig","1/218":"eih eiw eiv eix","2/109":"eik eit ltz","13/109":"eim","4/109":"eil","53/218":"ein","11/218":"eis","121/489":"eja","38/489":"eje","203/489":"eji","115/489":"ejo","11/489":"eju","1/489":"ejw","5491/22281":"eka","1/22281":"ekc ekf ekp","2558/22281":"eke","4/22281":"ekd ekg","1542/7427":"eki","2614/22281":"ekh","128/22281":"ekl","2911/22281":"eko","1/7427":"ekn","152/22281":"eks","19/7427":"ekr","2780/22281":"eku","142/22281":"ekt","37/1061":"ekw","2/22281":"eky","2/7427":"ekz","4/57183":"elb","5267/19061":"ela","2/8169":"eld","1/57183":"elc elh elâ elá elé","6/19061":"elf","5381/19061":"ele","4/19061":"elg","3166/19061":"eli","44/19061":"ell","5/19061":"elk","5/57183":"elp elv","1037/8169":"elo","11/57183":"elr","32/57183":"elt","124/57183":"els","213/19061":"elu","2412/19061":"elw","13/57183":"ely","1831/15091":"ema","12/15091":"emc","1715/15091":"emb","565/15091":"eme","264/15091":"emd","111/15091":"emg","1786/15091":"emf","3283/15091":"emi","117/15091":"emh","70/15091":"emk","2/15091":"emj emr","16/15091":"emm","52/15091":"eml","425/15091":"emo","216/15091":"emn","17/15091":"emq","1148/15091":"emp","140/15091":"ems","7/445":"vod vor","9/445":"voc von","9/15091":"emu","1/445":"voe vog voo vos arp","339/15091":"emt","2263/15091":"emv","14/15091":"emy","1/89":"voi vov rkb","8/15091":"emx","34/445":"vol","18/445":"vok","548/15091":"emz","10/15107":"enb","3/445":"voq vou iid","533/15107":"ena","158/445":"vot","1136/15107":"end","569/45321":"enc","1/15107":"enf","2786/45321":"ene","11/45321":"enh","2164/15107":"eng","611/45321":"enj","24/445":"voy","7397/45321":"eni","2/45321":"enl","2453/45321":"enk","38/45321":"enn","5/45321":"enm","7/45321":"enp","205/15107":"eno","4/45321":"enr","88/15107":"enq","4778/45321":"ent","61/15107":"ens","8/45321":"env","76/15107":"enu","394/15107":"enx","193/45321":"enw","10724/45321":"enz","501/15107":"eny","1/116":"eoa eod eoh eom eow eov eoy mjw","1/29":"eog eol ewi hsw mju sym","9/116":"eof","3/29":"eon hsi","19/116":"eop","17/58":"eor","1/58":"eot hsc hse hst syd syo","241/3167":"epa","1/3167":"epd epk epm epw","10/3167":"epf","122/3167":"epe","2028/3167":"eph","68/3167":"epi","25/3167":"epl","7/3167":"epp","112/3167":"epo","208/3167":"epr","7/12":"vre","277/3167":"ept","32/3167":"eps","18/3167":"epu","109/1473":"eqa","284/491":"eqe","43/1473":"eqi","68/491":"eqh","119/1473":"eqo","121/1473":"equ","7/491":"eqw","2/1473":"eqv","13/2833":"erb","281/2833":"era","23/2833":"erd","46/2833":"erc erm","26/2833":"erf","175/2833":"ere","185/2833":"erh","35/2833":"erg","213/2833":"eri","32/2833":"erl","16/2833":"erk","197/2833":"ern","9/2833":"erp","71/2833":"ero","22/2833":"err","80/2833":"ert","344/2833":"ers","59/2833":"erv","52/2833":"eru","19/2833":"erw","15/2833":"ery","4/5":"vtn fnb hvt zli","895/18587":"esa","18/18587":"esc","17/18587":"esb","1810/18587":"ese","23/18587":"esd","25/18587":"esg esl","3/18587":"esf","9477/18587":"esi","3864/18587":"esh","43/18587":"esk","13/18587":"esm","627/18587":"eso","1/18587":"esn esy","2/18587":"esq","8/3017":"vub","47/18587":"esp","1/3017":"vud vuj vur vuu","175/18587":"ess","7/18587":"esr","425/18587":"esu","391/18587":"est","182/18587":"esw","71/431":"vul","100/3017":"vuk","502/3017":"vun","1026/3017":"vum","1/11457":"etb etk etp","275/11457":"eta","1/3819":"etd etj etl","14/431":"vut","4/3819":"etc","106/3017":"vus","6/3017":"vuv","24/1273":"ete","8207/11457":"eth","2/11457":"etg etv","151/3017":"vuz","130/11457":"eti","284/3017":"vuy","52/11457":"eto","5/603":"etr","14/3819":"ett","284/11457":"ets","11/3819":"etu","4/1273":"etw etz","189/1273":"ety","3/59":"euc yni","13/118":"eud","2/59":"eug euk eup ynd ync ynz","15/59":"eum","1/59":"eul euw ynn yno ynt","6/59":"eun","4/7":"vwa","3/118":"eus","25/118":"eur","4/59":"eut ynb","1/118":"euv eux","152/883":"eva","403/883":"eve","1/883":"evh evw evy","90/883":"evi","33/883":"evo","13/883":"evr","183/883":"evu","91/725":"ewa","34/725":"ewc","7/725":"ewb","264/725":"ewe","1/725":"ewd ewq ewr","3/725":"ewh","6/725":"ewl","69/725":"ewo","26/725":"ews","141/725":"ewu","2/725":"ewt eww ewy","162/973":"exa","15/973":"exc","2/5":"vyu fhs fle hno kfa qqa rfo rri bnb bni tba cbd","557/973":"exe","149/973":"exh","13/973":"exi","2/139":"exp","16/973":"exo ext","17/973":"exu","3/973":"exw","721/9775":"eya","1/9775":"eyc eyg eyj eyr","9/9775":"eyb eym","91/1955":"eye","1267/9775":"eyi","3/9775":"eyl eyt","281/391":"eyo","11/9775":"eyn","12/9775":"eys","7/425":"eyu","2128/20731":"eza","1934/20731":"eze","3/20731":"ezh","13502/20731":"ezi","1/20731":"ezm ezt","1641/20731":"ezo","1015/20731":"ezu","488/20731":"ezw","2/20731":"ezz","3/14957":"waa","124/44871":"wac","960/14957":"wab","4/14957":"wae","1157/44871":"wad","49/14957":"wag","305/44871":"waf","16/44871":"wai","175/44871":"wah","956/14957":"wak","32/44871":"waj","715/14957":"wam","1697/44871":"wal","4/44871":"wao","5615/44871":"wan","131/44871":"waq","140/14957":"wap","992/44871":"was","374/44871":"war","7/44871":"wau","349/14957":"wat","275/44871":"waw","133/44871":"wav","1316/14957":"way","82/44871":"wax","2585/44871":"waz","9/4085":"fab","8/4085":"fad","47/4085":"fac","17/4085":"faf","2/4085":"fae faj fau","13/4085":"fai","33/4085":"fal","1101/4085":"fak","350/817":"fan","116/4085":"fam","1/4085":"fap fav","1/665":"wca wcy grw afc","26/4085":"far","5/817":"fat","88/95":"wce","58/4085":"fas","2/665":"wcg wcp","1/817":"fax","4/4085":"faw","48/817":"faz","109/4085":"fay","3/7":"wde wth","3/20":"fcb","73/34672":"wea","9/40":"fco","87/17336":"wec","119/4334":"web","511/17336":"wee","65/17336":"wed","109/34672":"weg","9/8668":"wef wej","17/17336":"wei","61/17336":"weh","383/34672":"wek","255/8668":"wem","117/1576":"wel","1/17336":"weo weu","343/1576":"wen","81/34672":"weq","337/34672":"wep","2427/34672":"wes","85/34672":"wer","845/34672":"wet","23/34672":"wew","65/34672":"wev","1869/34672":"wey","167/34672":"wex","241/4334":"wez","1/4":"wfm wfo wfu wma wme wro fwe fyn gti zyo jcp lne mci qso bdi bdu sro szn","1/792":"fea fev fey","19/792":"fed","5/792":"fec","7/396":"fee fem","37/396":"fel fes","83/792":"fek","79/792":"fen","13/264":"fer","13/99":"fet","25/167":"ffa","14/167":"ffe","34/167":"ffi","1/167":"ffm ffl xua xup htr htw kts","3/167":"ffo ffs ffy hta hty","9/41":"wha","4/167":"ffr","3/41":"whe who aez sfo sfr","26/41":"whi","13/5669":"wia","179/5669":"wic","267/11338":"wib","3/5669":"wie","67/5669":"wid","153/11338":"wig","57/5669":"wif","1127/11338":"wii","49/5669":"wih","160/5669":"wik","8/5669":"wij","1669/11338":"wim","148/5669":"wil","7/11338":"wio","2175/11338":"win","64/5669":"wiq","181/5669":"wip","686/5669":"wis","65/11338":"wir","249/11338":"wit","21/11338":"wiw","125/11338":"wiv","45/11338":"wiy","60/5669":"wix","482/5669":"wiz","4/1125":"fid","13/450":"fic oul","31/2250":"fif","1/225":"fie oud oug oum caf","13/250":"fih","1/450":"fig","1/2250":"fii fiw","143/2250":"fil","577/1125":"fik","7/2250":"fim","7/750":"fir","13/2250":"fit","23/125":"fis","1/375":"fiv fiy","1/750":"fix","8/15":"wks mwe","7/19":"wla wle","1/19":"wlo wya wyd wyi wys lva lvo nls nly","18/85":"fla","1/227":"wna wnc wnh wnt mta pei","13/227":"wnd","3/85":"flu","5/227":"wne mtn","7/85":"fly","2/227":"wni pey","136/227":"wns","4/227":"wny","3/3521":"woc wog","38/3521":"wob","2/3521":"woe wou","11/3521":"wod wos","4/3521":"wof","1/7042":"woi","23/7042":"woh","487/3521":"wok","43/1006":"wom","62/3521":"wol","55/7042":"woo","773/7042":"won","13/7042":"woq","15/3521":"wop","58/3521":"wor","25/7042":"wot","1/503":"wow juc","39/7042":"wov","9/7042":"woy","5/7042":"wox","1/3521":"woz","1/1510":"fob foc foj","1/755":"fod foe foi foy","3/755":"foh","59/755":"fol","3/1510":"fok fos fox","211/1510":"fon","253/755":"fom","13/1510":"foo","136/755":"for","51/1510":"fot","14/755":"fou","23/755":"fow","5/12":"wre","1/63":"wsi wsh wsp hyb hyi hym hyr nfi nfp oie oih oip","74/1601":"fra","19/63":"wsu","116/1601":"fre","1394/1601":"fri","15/1601":"fro","2/1601":"fru","2/103":"fsa fso","1/103":"fse fsi fss mcg","11/2050":"wuc","21/820":"wub","3/103":"fst","61/4100":"wud","23/4100":"wug","63/4100":"wuf","19/4100":"wuh","109/4100":"wuk","3/820":"wuj","139/4100":"wum","61/100":"wul","3/4100":"wuo","107/2050":"wun","19/2050":"wuq","111/4100":"wup","47/2050":"wus","1/46":"ftb gny","1/2050":"wur","5/92":"fte","159/4100":"wut","1/1025":"wuw","47/4100":"wuv","7/1025":"wuy","29/92":"fti","1/205":"wux","11/1025":"wuz","1/92":"ftm fts rvo rvè","1/23":"ftu yph ypi ypo ypr kpe kpm qma","4/23":"ftw gmo","3/1381":"fub","91/13810":"fud","1/13810":"fuc fuf fue fug fux","39/13810":"ful","11/6905":"fuk","9951/13810":"fun","2339/13810":"fum","28/6905":"fup","1/2762":"fur","413/6905":"fut","3/13810":"fus","17/6905":"fuz","32/6905":"fuy","14/29":"www","6/19":"wyk","9/19":"wyn","190/3123":"xab","5/2082":"xad","1/6246":"xac xag xai xar xav","124/3123":"xal","81/694":"xak","319/6246":"xan","64/3123":"xam","1/2082":"xap","29/6246":"xat","212/3123":"xas","39/694":"xax","5/6246":"xaw","11/6246":"xaz","2/3123":"xay","5/12712":"gaa","67/12712":"gac","21/227":"gab","1/25424":"gae","191/6356":"gad","13/3178":"gag","37/3178":"gaf","5/25424":"gai","151/25424":"gah","1319/25424":"gak","5/6356":"gaj","1805/12712":"gam","1567/25424":"gal","1/12712":"gao","2325/25424":"gan","45/1816":"gaq","301/3632":"gap","235/6356":"gas","47/25424":"gar","1/3632":"gau","13/15":"xce","49/908":"gat","19/1589":"gaw","169/25424":"gav","35/908":"gay","51/12712":"gax","48/1589":"gaz","1/113":"gba gbf","14/113":"gbo","2/113":"gbt","10/113":"gbs","26/113":"gby","191/554":"gca","73/1108":"gce","1217/3324":"gci","1/3324":"gch gcp gct","131/1662":"gco","93/3397":"xeb","3/3397":"xec","65/1662":"gcu","347/3324":"gcw","1015/3397":"xel","214/3397":"xek","94/3397":"xen","8/3397":"xem","6/3397":"xer","1761/3397":"xes","10/3397":"xez","9/15208":"gea","89/15208":"gec","97/15208":"geb","551/15208":"gee","3/1901":"ged","93/15208":"geg","33/7604":"gef","3/7604":"gei gej","11/7604":"geh","797/15208":"gek","215/3802":"gem","2251/15208":"gel","15/7604":"geo","595/1901":"gen","6/1901":"geq","105/15208":"gep","433/7604":"ges","45/7604":"ger","1/15208":"geu","95/1901":"get","1/3802":"gew","29/7604":"gev","169/15208":"gey","39/1901":"gex","1325/15208":"gez","795/2891":"xha","629/2891":"xhe","4/413":"xhi","1341/2891":"xho","1/18":"gga gge ggl ggq ggu","1/2891":"xhs","46/2891":"xhu","1/36":"ggg ggw hwi oam","50/2891":"xhw","5/36":"ggi ort","155/466":"xib","1/932":"xia xij xiz xiy","1/466":"xid","7/932":"xic","2/233":"xig xim","131/932":"xil","1/233":"xik","347/932":"xin","5/133":"ghb ghl yso","16/133":"gha","4/233":"xit","25/466":"xis","2/133":"ghe ghi ghs ysh afe","11/932":"xiw","4/133":"gho ghw","55/133":"ght","1/133":"ghu ysa ysc ysb ysn ysp ysu mho","1/2802":"gia gim gip","1/934":"gic","25/2802":"gib","3/467":"gie","139/2802":"gid","5/1401":"gig gij giu","1/1401":"gif gii gix","2/467":"gik","43/467":"gil","3/934":"gio gir","139/1401":"gin","569/934":"gis","13/2802":"git","22/1401":"giw","5/2802":"giv","2/1401":"giy","1/467":"giz","12/65":"gla glo","32/65":"gle","6/65":"gli","2/65":"gly","6/23":"gma gno","33/1663":"xob","3/23":"gmt","359/1663":"xol","85/1663":"xok","21/1663":"xon","7/1663":"xom","5/23":"gna","95/1663":"xot","5/1663":"xos","8/1663":"xov","5/46":"gne gni","228/1663":"xox","80/1663":"xow","11/1663":"xoz","3/46":"gns","7/7806":"goa","4/1301":"goc","269/7806":"gob","1/3903":"goe","23/2602":"god","35/15612":"gog","5/3903":"gof","1/7806":"goi","15/2602":"goh","1756/3903":"gok","37/7806":"goj","227/2602":"gom","58/1301":"gol","223/15612":"goo","248/3903":"gon","31/15612":"goq","91/15612":"gop","221/5204":"gos","5/1301":"gor","1/5204":"gou","85/15612":"got","439/15612":"gow","113/15612":"gov","11/2602":"goy","13/5204":"gox","287/15612":"goz","760/5117":"gqa","249/5117":"gqe","2878/5117":"gqi","1/5117":"gqm gql","648/5117":"gqo","2/5117":"gqq","20/5117":"gqr","233/5117":"gqu","325/5117":"gqw","85/133":"gra","68/665":"gre","8/95":"gri","66/665":"gro","44/665":"gru","4/665":"gry","1/75":"gsa gsc gse gsh oux ouz","2/75":"gsb","5/42":"xtr","33/167":"xub","4/25":"gst","111/334":"xul","9/334":"xuk","43/334":"xun","33/334":"xum","3/334":"xur","39/334":"xut","1/334":"xus xux ktu","2/167":"xuw","5/334":"xuz","27/2722":"gua","21/5444":"guc","111/2722":"gub","59/2722":"gue","51/5444":"gud","87/5444":"gug","1/1361":"guf","31/5444":"gui","7/5444":"guh","43/5444":"guk","17/5444":"guj guv","1631/5444":"gum","158/1361":"gul","132/1361":"gun","125/2722":"guq","21/2722":"gup","89/528":"xwa","205/5444":"gus","61/5444":"gur","73/88":"xwe","31/1361":"gut","31/2722":"guw","87/2722":"guy","1/528":"xwi","49/5444":"guz","459/1060":"gwa","19/530":"gwc","103/212":"gwe","47/1060":"gwi","777/2287":"gxa","659/2287":"gxe","343/2287":"gxi","400/2287":"gxo","71/2287":"gxu","37/2287":"gxw","6/49":"gyi","2/49":"gym","5/49":"gyp","3/23498":"yaa","221/11749":"yac","586/11749":"yab","52/11749":"yad","65/23498":"yag","122/11749":"yaf","1/23498":"yai yao","51/11749":"yah","1818/11749":"yak","11/23498":"yaj","662/11749":"yam","1593/23498":"yal","2903/23498":"yan","89/11749":"yaq","400/11749":"yas","23/11749":"yar","1/11749":"yau","282/11749":"yat","235/23498":"yaw","75/11749":"yav","1479/23498":"yay","24/11749":"yax","833/23498":"yaz","2/17":"ybi ybu bby","123/9256":"hab","9/37024":"haa","161/37024":"had","45/37024":"hac","157/37024":"haf","1/2848":"hae","11/18512":"hah","301/37024":"hag","59/37024":"haj","1/4628":"hai hau","2181/18512":"hal","1659/37024":"hak","6015/37024":"han","3071/37024":"ham","795/37024":"hap","11/37024":"hao","405/37024":"har","73/37024":"haq","2027/18512":"hat","837/37024":"has","29/18512":"hav","7/9256":"hax","157/9256":"haw","1745/37024":"haz","203/4628":"hay","2/9":"ycl svu","5/13":"hba","7/26":"hbo","7/22":"yda kyn","5/22":"yde","2/15":"hcd kfc lhl lho mwo aut","14/8415":"yea","11/2295":"yec","311/25245":"yeb","482/25245":"yee","37/8415":"yed","64/25245":"yeg yer","158/25245":"yef","2/5049":"yei yej","202/25245":"yeh","127/5049":"yek","92/5049":"yem","1678/25245":"yel","1/8415":"yeo","3158/25245":"yen","47/25245":"yeq","4/495":"yep","551/8415":"yes","4/25245":"yeu","364/25245":"yet","58/25245":"yew","19/25245":"yev","271/25245":"yey","10/5049":"yex","317/8415":"yez","223/10935":"heb","59/21870":"hea","16/1215":"hed","8/10935":"hec","5/486":"hef","37/21870":"hee","14/3645":"heh","8/3645":"heg","13/10935":"hej","7/10935":"hei","901/3645":"hel","853/21870":"hek","1979/21870":"hen","863/21870":"hem","563/21870":"hep","4/10935":"heo","23/2430":"her","1/3645":"heq","1193/7290":"het","58/10935":"hes","2/3645":"hev","1/10935":"heu","29/21870":"hex","14/10935":"hew","166/3645":"hez","28/3645":"hey","145/1117":"yha","28/1117":"yhe","134/1117":"yhi","216/1117":"yho","577/1117":"yhu","17/1117":"yhw","7/5861":"yia","155/11722":"yic","605/11722":"yib","7/11722":"yie","78/5861":"yid","49/5861":"yig","171/5861":"yif","129/11722":"yih","278/5861":"yik","20/5861":"yij yir","771/11722":"yim","799/11722":"yil","3/11722":"yio","1202/5861":"yin","151/11722":"yiq yiv","429/11722":"yip","683/5861":"yis","1/5861":"yiu","735/11722":"yit","213/5861":"yiw","337/11722":"yiy","18/5861":"yix","211/11722":"yiz","7/4035":"hib","2/6725":"hia","12/6725":"hid","197/20175":"hic","56/20175":"hif","107/20175":"hie","1/20175":"hih hiu","41/20175":"hig","2/4035":"hij","1/6725":"hii","2699/20175":"hil","51/6725":"hik","2741/20175":"hin","58/20175":"him","149/20175":"hip","1/4035":"hio","28/20175":"hir","3/6725":"hiq","412/20175":"hit","1396/20175":"his","61/20175":"hiv","2/13":"yki nma","469/20175":"hix","794/20175":"hiw","18/6725":"hiz","23/807":"hiy","3/32":"yla ylo ylv yre","9/32":"yle","7/32":"yli","1/32":"ylu yra yrd lka lki lkr lku lkw npe npp nps pfo pfu sbm","1/37":"ymb ymo ymn","11/37":"yme","3253/5899":"hla","7/37":"ymp","1677/11798":"hle","29/694":"hli","827/5899":"hlo","8/59":"yna","607/5899":"hlu","14/59":"yne","243/11798":"hlw","5/59":"yng","5/11798":"hly","8/27":"hma","11/27":"hme lgi","1/4332":"yoa","2/5415":"yoc","151/10830":"yob","13/4332":"yod","4/5415":"yog yox","13/21660":"yof","1/7220":"yoi","1/228":"yoh","1549/10830":"yok","1/10830":"yoj","197/5415":"yom","11/722":"yol","5/1444":"yoo","1351/21660":"yon","109/21660":"yoq","71/21660":"yop","28/1805":"yos","23/21660":"yor","3/65":"hne","31/21660":"you","29/5415":"yot","43/10830":"yow","34/5415":"yov","9/65":"hni","13/7220":"yoy","32/5415":"yoz","8/23":"ype","435/10073":"hob","1/10073":"hoa laj","9/23":"ypt","18/1439":"hod","1/20146":"hoc hoj","81/20146":"hof","11/20146":"hoe","37/10073":"hoh","1/1439":"hog","29/20146":"hoi","711/10073":"hol","655/20146":"hok","1874/10073":"hon","52/1439":"hom","72/10073":"hop","66/10073":"hoo","38/10073":"hor","58/10073":"hoq","585/20146":"hot","1047/20146":"hos","107/20146":"hov","13/20146":"hou","135/20146":"hox","37/20146":"how","110/10073":"hoz","180/10073":"hoy","23/32":"yri","6/133":"yse","12/133":"ysi","78/175":"hra","2/25":"hre","50/133":"yst","61/175":"hri","1/175":"hrm hrt hry","2/35":"hro ofe rfe","2/175":"hrs","1/35":"hru lfs rfi rfr rfu","3/22":"yte kya","5/11":"yti","4/29":"hsa bma bmw","7/1747":"yuc yuz","6/1747":"yub","19/1747":"yud","5/58":"hsu","143/1747":"yuk","90/1747":"yum","483/1747":"yul","359/1747":"yun","9/1747":"yup","131/1747":"yus","186/1747":"yur","5/167":"hte hts sab","272/1747":"yut","12/1747":"yuw","9/167":"hti","10/167":"hth","7/167":"hto","80/167":"htt","3206/21089":"hub","1/21089":"hua huf hue huo hux","31/21089":"hud huq","307/21089":"huc","404/21089":"huh","8/21089":"hug huu","7/21089":"huj","2/21089":"hui huv","5174/21089":"hul","361/21089":"huk","1248/21089":"hun","3174/21089":"hum","1002/21089":"hup","91/136":"ywa","77/21089":"hur","239/748":"ywe","1552/21089":"hut","635/21089":"hus","2/187":"ywi jax scu","14/21089":"huw","170/21089":"huz","3/21089":"huy","1/1496":"ywo","2173/4032":"hwa","83/192":"hwe","1/4032":"hws hwz","2/63":"hyd hyo hyt nfu oik oit oiz","4/63":"hye hyp nfd oid","8/63":"hyu nfe","1177/17106":"zab","1/5702":"zaa","17/17106":"zad zar","11/8553":"zac","31/17106":"zaf","86/8553":"zah","5/8553":"zag","2/8553":"zaj","1/17106":"zai","766/8553":"zal","312/2851":"zak","1214/8553":"zan","1297/17106":"zam","31/8553":"zap","1/8553":"zao","3/2851":"zaq","154/8553":"zat","173/8553":"zas","7/5702":"zav","1/2851":"zax","58/8553":"zaw","233/5702":"zaz","266/8553":"zay","4/13":"zbo","12/679":"iaa iak","6/679":"iac iag","3/679":"iab iay iaz","17/26":"zbu","4/679":"iad iai","43/679":"iaf","2/679":"iah iaj iau","29/679":"iam","15/97":"ial","141/679":"ian","1/679":"iap iaw iav","8/679":"ias","19/679":"iar","52/679":"iat","1/5373":"ibb ibc ibf ibn ibt","431/1791":"iba","1079/5373":"ibe","872/5373":"ibh","1391/10746":"ibi","19/5373":"ibl","266/1791":"ibo","37/5373":"ibr","1/10746":"ibq","1/3582":"ibs","566/5373":"ibu","1/1791":"iby","936/4493":"ica","9/4493":"icc icl","1259/4493":"ice","7/4493":"icd","2/4493":"icg","394/4493":"ici","818/4493":"ich","46/4493":"ick","1/4493":"icm","204/4493":"ico","122/13737":"zeb","5/4493":"icp","26/13737":"zea","25/13737":"zed","72/4493":"ics","7/4579":"zec","34/4493":"icr","79/4493":"icu","14/4579":"zef","31/4493":"ict","479/13737":"zee","20/4579":"zeh","371/4493":"icw","4/4493":"icv","35/13737":"zeg","2/4579":"zej","19/4493":"icy","7/13737":"zei zeq zey","1122/4579":"zel","448/4579":"zek","1240/13737":"zen","811/13737":"zem","31/4579":"zep","19/3168":"idb","59/13737":"zer","41/352":"ida","5/1584":"idd","299/13737":"zet","488/13737":"zes","4/4579":"zev zew","113/792":"ide","1/1584":"idh idp","16/13737":"zex","7/3168":"idg","1/3168":"idj idn idã","968/13737":"zez","139/528":"idi","965/3168":"idl","163/3168":"ido","35/3168":"idr","1/1056":"idt idz","19/1056":"ids","17/3168":"idv","101/3168":"idu","7/792":"idw","5/352":"idy","4/637":"iea iez","17/637":"iec","11/637":"ieb","1/637":"iee ieh","2/637":"ieg iep iex","107/637":"ief","10/637":"iek","5/637":"iem iew iey","43/637":"iel","57/637":"ien","111/637":"ies","54/637":"ier","6/637":"ieu","34/637":"iet","8/637":"iev","358/1819":"ifa","1/1819":"ifc ifk ifp ifs","4/1819":"iff","124/5457":"ife","181/1819":"ifi","11/5457":"ifl","225/1819":"ifo","46/5457":"ifr","5/1819":"ift","979/1819":"ifu","1111/3701":"iga","256/3701":"igc","56/3701":"ige","4/3701":"igg","174/3701":"igi","105/3701":"igh","2/3701":"igm igt igy","5/3701":"igl","284/3701":"igo","39/3701":"ign","894/3701":"igq","1819/46301":"zib","1/46301":"zia ziu","1/3701":"igp igv","373/46301":"zid","36/3701":"igr","813/46301":"zic","364/3701":"igu","1874/46301":"zif","6/46301":"zie","128/3701":"igw","597/46301":"zih","734/46301":"zig","83/46301":"zij","227/3701":"igx","432/46301":"zii","1383/46301":"zil","4668/46301":"zik","7148/46301":"zin","2059/46301":"zim","1258/46301":"zip","4/46301":"zio","41/46301":"zir","771/46301":"ziq","171/1451":"iha","2347/46301":"zit","4323/46301":"zis","450/46301":"ziv","13/1451":"ihe","468/46301":"zix","1659/46301":"ziw","1627/46301":"ziz","15/2902":"ihi","2212/46301":"ziy","1192/1451":"ihl","61/1451":"iho","3/2902":"ihr","1/2902":"iht ihw ihy","3/1451":"ihu","14/7565":"iia","32/7565":"iic","27/1513":"iib","4/7565":"iie","5/1513":"iig","206/7565":"iif","11/7565":"iii","6/1513":"iih","338/7565":"iik","16/7565":"iij","1218/7565":"iim","43/1513":"iil","9/7565":"iio iiw","4067/7565":"iin","36/1513":"iip","216/7565":"iis","74/7565":"iir","98/7565":"iit","73/7565":"iiy","2/1513":"iiz","13/145":"ija","43/580":"ije","27/145":"iji","1/580":"ijk ijr","353/580":"ijo","3/145":"iju","9/580":"ijw","3995/18472":"ika","1/9236":"ikc ikn","1889/18472":"ike","3/18472":"ikd","1/18472":"ikg ikq ikz","967/18472":"iki","1921/9236":"ikh","19/4618":"ikl","1367/4618":"iko","3/9236":"iks","23/4618":"ikr","663/18472":"iku","363/4618":"ikw","1/15122":"ilb ilc ilf ilg ilp ilz","680/7561":"ila","39/15122":"ild","7027/15122":"ile","1783/7561":"ili","209/15122":"ill","1/7561":"ilk ilv","3/7561":"ilm","777/7561":"ilo","7/7561":"ilt ils","362/7561":"ilu","473/15122":"ilw","13/15122":"ily","1080/6379":"ima","19/12758":"imc ims","1773/12758":"imb","573/6379":"ime","27/12758":"imd","91/12758":"img","883/12758":"imf","1934/6379":"imi","22/6379":"imh imk imu","2/6379":"imj","1/6379":"imm","10/6379":"iml","183/6379":"imo","103/12758":"imn","7/12758":"imq","355/10496":"zob","3/10496":"zoa zou","951/12758":"imp","117/10496":"zod","1/12758":"imr","3/5248":"zoc","11/10496":"zof zoy","147/12758":"imt","3/12758":"imw","33/5248":"zoh","13/10496":"zog","411/6379":"imv","1/10496":"zoj zoi","3/6379":"imy","13/12758":"imx","235/5248":"zol","15/12758":"imz","243/1312":"zok","1577/10496":"zon","489/10496":"zom","115/5248":"zop","81/10496":"zoo zos","1/23189":"inb inl","13/5248":"zor","77/5248":"zoq","1304/23189":"ina","135/10496":"zot","2392/23189":"ind","1475/46378":"inc","93/10496":"zov","41/46378":"inf","993/23189":"ine","1/656":"zox","15/46378":"inh","9/10496":"zow","4759/23189":"ing","31/10496":"zoz","501/46378":"inj","7771/46378":"ini","2901/46378":"ink","22/23189":"inn","2/23189":"inm","5/46378":"inp","456/23189":"ino","3/46378":"inr","615/23189":"inq","3171/23189":"int","48/23189":"ins","67/46378":"inv","21/23189":"inu","308/23189":"inx","195/23189":"inw","1473/46378":"inz","1656/23189":"iny","1/1034":"ioa ioc ioi iok iom ioy","2/517":"iod iou","1/517":"iog iox","29/1034":"iof","6/517":"iol ios","434/517":"ion","3/517":"iop","21/517":"ior","7/1034":"iot","5/517":"iov","1/5616":"ipb ipc ipf ipw ipy","139/1404":"ipa","1/2808":"ipd ipg","85/5616":"ipe","2003/2808":"iph","25/1872":"ipi","1/1404":"ipm","107/5616":"ipp","139/5616":"ipo","307/5616":"ipr","37/5616":"ipt","133/5616":"ips","43/5616":"ipu","602/3429":"iqa","256/1143":"iqe","1/3429":"iqg iqn","530/3429":"iqi","778/3429":"iqh","22/3429":"iqm","274/3429":"iqo","320/3429":"iqu","44/1143":"iqw","9/71":"ira","19/1065":"irc","242/1065":"ire","361/1065":"irh","92/1065":"iri","1/71":"irl","1/213":"irm irp irt","11/213":"iro","4/355":"irr iru","8/355":"irs","4/1065":"irv iry","7621/37261":"isa","24/37261":"isc ism","3/37261":"isb isj","1490/5323":"ise","10/37261":"isg","7454/37261":"isi","1832/37261":"ish","34/37261":"isk","36/37261":"isl","3977/37261":"iso","2/37261":"isn isv","1/37261":"isq isy","15/2266":"zub","11/37261":"isp","1/1133":"zud zuq zut zus","72/37261":"iss","5/37261":"isr","3/2266":"zuf","481/37261":"isu","438/37261":"ist","1/2266":"zuh zuy","4422/37261":"isw","993/2266":"zul","195/2266":"zuk","19/2266":"zun","65/1133":"zum","2/1133":"zup","2/14041":"itb","5/2266":"zur","231/14041":"ita","1/14041":"itd itf itj itp","12/14041":"itc","347/14041":"ite","8270/14041":"ith","179/1133":"zuz","662/14041":"iti","7/14041":"itl","5/14041":"itn itv","8/14041":"itm","158/14041":"ito","3/739":"itr moc moo","48/14041":"itt","2456/14041":"its","119/14041":"itu","9/14041":"itw","32/14041":"itz","1542/14041":"ity","4/99":"iud","20/33":"ium","8/99":"iun","855/3566":"zwa","2/99":"iur","2477/3566":"zwe","117/1783":"zwi","423/2344":"iva","465/1172":"ive","105/2344":"ivi","55/2344":"ivo","1/1172":"ivr ivy","769/2344":"ivu","3/2344":"ivw","841/2299":"iwa","108/2299":"iwc","4/6897":"iwb","2743/6897":"iwe","1/6897":"iwg iwn iww","34/6897":"iwi","2/6897":"iwh iws","34/209":"iwo","46/2299":"iwu","3/4":"zyl","188/1581":"ixa","161/527":"ixe","601/1581":"ixh","533/3162":"ixo","5/527":"ixu","13/3162":"ixw","4336/7913":"iya","871/7913":"iye","1159/7913":"iyi","1/7913":"iyk","1225/7913":"iyo","171/7913":"iyu","143/7913":"iyw","2477/12473":"iza","869/12473":"ize","2/12473":"izh","6875/12473":"izi","3/12473":"izk","1/12473":"izn izm izt izs izy","456/12473":"izo","256/12473":"izu","1518/12473":"izw","1/187":"jad jak scm","76/1683":"jac","2/1683":"jah","5/1683":"jag","6/187":"jaj","1/1683":"jai jat jas","865/1683":"jal","454/1683":"jan","80/1683":"jam","4/561":"jap","1/561":"jau","7/1683":"jaz","4/1683":"jay","3/3917":"jeb jem jez","2/3917":"jed jeg","37/3917":"jec","9/3917":"jef","6/3917":"jee jev","214/3917":"jel","124/3917":"jek","2116/3917":"jen","24/3917":"jer","54/3917":"jet","7/3917":"jes","1/3917":"jew","11/3917":"jey","1/1117":"jid jiy","19/1117":"jie","16/1117":"jij","8/1117":"jil","425/1117":"jik","112/1117":"jin","14/1117":"jim","7/1117":"jip jit","158/1117":"jis","109/1117":"jiw","10/1117":"jiz","23/1772":"job","1/1772":"joa joi jom jow","5/886":"jod","1/443":"joe","21/886":"joh","4/443":"jog","34/443":"jol","7/1772":"jok","1449/1772":"jon","17/886":"jor","3/1772":"jot jou","11/1772":"jos","5/1772":"joz","19/1772":"joy","7/503":"jub","2/503":"jua juj juk","39/503":"jud","198/503":"jul","174/503":"jun","4/503":"jur","15/503":"jus","3/503":"jux","53/503":"juz","74/113":"jwa","145/452":"jwe","11/452":"jwi","3/5524":"kaa","391/27620":"kac","87/6905":"kab","9/27620":"kae","59/6905":"kad","57/13810":"kag","25/5524":"kaf","7/6905":"kai","19/6905":"kah","1771/27620":"kak","61/27620":"kaj","1247/27620":"kam","417/5524":"kal","7/27620":"kao","967/5524":"kan","5/2762":"kaq","359/27620":"kap","139/13810":"kas","103/5524":"kar","2/6905":"kau","68/1381":"kat","87/27620":"kaw","27/13810":"kav","1051/27620":"kay","53/27620":"kax","547/13810":"kaz","139/701":"kca","2/701":"kcc","34/701":"kce","71/701":"kci","11/701":"kco","441/701":"kcu","3/701":"kcw","5/8":"kdh","4/13597":"kea keh","2/13597":"kec keq keu","5/13597":"keb kep","13/13597":"kee","12/13597":"ked","1/13597":"keg","32/13597":"kei","330/13597":"kek","7/13597":"kem","3329/13597":"kel","555/13597":"ken","38/13597":"kes","72/13597":"ker","454/13597":"ket","10/13597":"kew","6/13597":"kev","30/13597":"key","263/13597":"kez","11/54":"kga","7/54":"kgo","1/54":"kgq kgw rgs aub auw spu","1653/10313":"kha","1839/10313":"khe","1/10313":"khh khy","551/20626":"khi","7/20626":"khn","1/20626":"khp","7235/20626":"kho","37/10313":"khr","8/10313":"kht","2556/10313":"khu","319/10313":"khw","3/7444":"kia kib kik kix","1/1861":"kic","6/1861":"kie","3/3722":"kid","1/7444":"kif kio","1/27620":"kaš","1/3722":"kii","5/7444":"kij","17/3722":"kim","1257/3722":"kil","81/3722":"kin","5/3722":"kip","2251/7444":"kis","7/3722":"kir","105/7444":"kit","161/7444":"kiw","11/7444":"kiv","59/7444":"kiy","43/3722":"kiz","161/282":"kla","41/282":"kle","65/282":"kli","13/282":"klo","1/282":"klu kly","3/73":"kma","1/73":"kms kmu","4/21":"kni","13/21":"kno","1/22737":"koa","10/22737":"koc","14/1749":"kob","5/7579":"koe","1588/22737":"kod","19/22737":"kog","3/7579":"kof","8/2067":"koh","893/7579":"kok","7/22737":"koj kou","472/7579":"kom","135/583":"kol","218/22737":"koo","492/7579":"kon","34/22737":"koq","9/689":"kop","566/22737":"kos","25/22737":"kor","305/22737":"kot","224/22737":"kow","47/22737":"kov","71/22737":"koy","37/22737":"kox","31/22737":"koz","18/23":"kpa","2/23":"kpi own smi","115/1469":"kqa","1/1469":"kqb","23/1469":"kqe","15/1469":"kqi","55/1469":"kqo","1257/1469":"kqu","3/1469":"kqw","88/505":"kra","159/505":"kre","1/505":"krh","93/505":"kri","81/505":"kro","26/505":"kru","57/505":"krw","1/366":"ksa ksc ksu","11/366":"kse","2/183":"ksd","139/366":"ksi","5/122":"ksh","7/183":"ksk","19/366":"kso","1/183":"ksp","7/366":"kst","1/122":"ksz plu psc psi psk","6/167":"kta","71/167":"kth","35/334":"kti","135/334":"kto","7/334":"ktr","4/40293":"kua","712/40293":"kuc","3148/13431":"kub","2/40293":"kue","149/8954":"kud","659/40293":"kug","2158/40293":"kuf","2/13431":"kui","1985/80586":"kuh","433/7326":"kuk","139/40293":"kuj","68/1221":"kum","80/1221":"kul","8149/80586":"kun","1783/40293":"kuq","2809/80586":"kup","601/13431":"kus","191/80586":"kur","1/80586":"kuu","191/26862":"kuw","569/40293":"kuv","175/4477":"kuy","661/80586":"kux","1807/40293":"kuz","11315/30813":"kwa","1/30813":"kwc kwf kwm kwl kwn kwr","9880/30813":"kwe","9589/30813":"kwi","4/30813":"kwo","5/30813":"kwu","2/30813":"kwz","424/445":"kxa","4/445":"kxe kxi","2/445":"kxu","11/445":"kxw","8/11":"kzn","1/10271":"kwê","1406/50365":"lab","46/50365":"laa","78/50365":"lad","11/10073":"lac","34/50365":"laf","4/50365":"lae","309/50365":"lah","8/10073":"lag","18/50365":"lai lau","5092/50365":"lal","864/50365":"lak","4691/50365":"lan","1063/50365":"lam","621/50365":"lap","2/1439":"lar","23/50365":"laq","467/50365":"lat","1017/50365":"las","87/50365":"lav","17/50365":"lax","2192/50365":"law","141/10073":"laz","1248/50365":"lay","7/52":"lba aid aoo","21/52":"lbe","9/52":"lbi","3/52":"lbr aod","3/10":"lci","7/20":"lco","32/199":"lda","21/199":"lde","1/199":"ldd","10/199":"ldi","3/199":"ldh ldt ldw","16/199":"ldo","2/199":"lds","4/199":"ldr","42/7501":"leb","73/15002":"lea","95/45006":"led","12/7501":"lec","16/22503":"lef","14/1731":"lee","10/7501":"leh","1/577":"leg","59/45006":"lej","11/45006":"lei","5350/22503":"lel","1475/15002":"lek","469/7501":"len","363/15002":"lem","28/22503":"lep","9/15002":"leo","97/45006":"ler","15/15002":"leq","94/7501":"let","65/3462":"les","47/45006":"lev","1/7501":"leu","7/22503":"lex","137/45006":"lew","1045/45006":"lez","1471/15002":"ley","11/70":"lfa","3/70":"lfe","1/70":"lfo lfw rrr rru","13/35":"lfr","9/70":"lft","2/27":"lgb aun","10/27":"lga snp","4/27":"lge sna","238/10053":"lib","89/30159":"lia","398/30159":"lid","88/10053":"lic","485/30159":"lif","46/30159":"lie","172/30159":"lih","218/30159":"lig","22/10053":"lij","1/10053":"lii","1348/30159":"lil","913/30159":"lik","344/3351":"lin","517/30159":"lim","203/10053":"lip","65/30159":"lio","11/30159":"lir","395/30159":"liq","415/10053":"lit","5785/30159":"lis","22/3351":"liv","5/30159":"liu","89/10053":"lix","50/3351":"liw","1355/30159":"liz","803/30159":"liy","17/32":"lko","51/643":"lla","7/643":"llb","193/643":"lle","16/643":"lld","173/643":"lli","1/643":"lll lln","40/643":"llo","2/643":"llp llu","28/643":"lls","21/643":"lly","6/25":"lme lms","1013/32803":"lob","3/32803":"loa","66/32803":"lod","31/32803":"loc","17/32803":"lof","21/32803":"loe lox","68/32803":"loh","164/32803":"log","54/32803":"loj","10/32803":"loi","762/32803":"lol","3320/32803":"lok","2771/32803":"lon","1059/32803":"lom","515/32803":"lop","709/32803":"loo","52/32803":"lor","43/32803":"loq","104/32803":"lot","137/32803":"los","115/32803":"lov","34/32803":"lou","408/32803":"low","97/32803":"loz","86/32803":"loy","3/17":"lpd","10/17":"lph","11/15":"lrc","1/264":"lsb lsc lsk lsr lss lsw","1/66":"lsa lsm byd byi byt","5/264":"lse","1/88":"lsi lsp","25/66":"lso","31/218":"lte","5/218":"ltd","27/218":"lti lth","3/109":"lto ltu","57/218":"lts","5/109":"ltr","52/3049":"lub","7/18294":"lua","91/18294":"lud","17/3049":"luc","77/9147":"luf","10/9147":"lue","203/9147":"luh","12/3049":"lug","4/3049":"luj","2/9147":"lui","493/3049":"lul","626/9147":"luk","2273/9147":"lun","453/6098":"lum","139/9147":"lup","11/18294":"lur","193/18294":"luq","177/6098":"lut","200/9147":"lus","85/9147":"luv","1/18294":"luu","39/6098":"lux","9/6098":"luw","63/6098":"luz","53/3049":"luy","11/19":"lve","4/19":"lvi","583/1082":"lwa","1337/3246":"lwe","79/1623":"lwi","1/16230":"lwk lwn lwm","1/8115":"lwo","2/8115":"lwu","1/121":"lya lyd","2/121":"lyi lyu","9/121":"lyn lyo","6/121":"lym lyp","4/121":"lyt lys","3/121":"lyw","25/31781":"maa","301/31781":"mac","1945/31781":"mab","11/31781":"mae","542/31781":"mad","1206/31781":"mag","153/31781":"maf","49/31781":"mai","438/31781":"mah","2078/31781":"mak","128/31781":"maj","580/31781":"mam","3387/31781":"mal","1/31781":"mao mau","6197/31781":"man","644/31781":"maq","1197/31781":"map","1909/31781":"mas","288/31781":"mar","1957/31781":"mat","279/31781":"maw","170/31781":"mav","11/521":"may","934/31781":"max","1759/31781":"maz","3365/11599":"mba","1362/11599":"mbe","194/11599":"mbh","3912/11599":"mbi","3/11599":"mbl","1317/11599":"mbo","6/11599":"mbr","1/11599":"mbs","1419/11599":"mbu","3/206":"mca","7/206":"mcc","26/103":"mce","21/206":"mch","1/206":"mcl","3/412":"mco","119/412":"mcu","11/412":"mcw","66/515":"mda","167/1545":"mdc","1/1545":"mdf mdh mdg mds","4/309":"mde","26/309":"mdi","321/515":"mdl","11/1545":"mdo","43/1545":"mdu","3/515":"mdy","1/676":"mea","1/2028":"mec meu buw","1/8112":"meb meo meq","1/2704":"mee mew","5/1014":"med","11/8112":"meg","1/4056":"mei","127/8112":"meh","965/8112":"mek","67/4056":"mem","235/624":"mel","743/2704":"men","1/1014":"mep","35/4056":"mes","95/8112":"mer","31/4056":"met","7/208":"mey","5/8112":"mex bua","121/8112":"mez","542/3839":"mfa","65/3839":"mfe","111/3839":"mfi","5/3839":"mfl","80/3839":"mfo","3035/3839":"mfu","269/393":"mga","70/1179":"mgc","5/1179":"mge","1/1179":"mgd mgj","14/1179":"mgi","25/1179":"mgo","118/1179":"mgq","1/393":"mgp","2/393":"mgr","29/1179":"mgu","1/131":"mgw","11/1179":"mgx","2/323":"mha","1/323":"mhe","1/2261":"mhj","2218/2261":"mhl","3/2261":"mhu","3/11323":"mia","185/11323":"mic","893/11323":"mib","16/11323":"mie","488/11323":"mid","365/11323":"mig","114/11323":"mif","555/11323":"mih","84/11323":"mik","29/11323":"mij","166/11323":"mim","668/11323":"mil","1754/11323":"min","175/11323":"miq","53/11323":"mip","1944/11323":"mis","11/11323":"mir","788/11323":"mit","7/11323":"miw","139/11323":"miv","118/11323":"miy","41/11323":"mix","330/11323":"miz","3/116":"mja","91/116":"mji","13/116":"mjo","261/1462":"mka","463/1462":"mke","59/1462":"mki","583/1462":"mkh","1/1462":"mkk","41/731":"mko","9/1462":"mkr","1/731":"mkw","233/588":"mla","75/392":"mli","1/1176":"mlm","151/588":"mlo","1/588":"mls","23/588":"mlu","11/588":"mlw","131/373":"mma","1/373":"mmb mms","77/373":"mme","89/373":"mmi","2/373":"mml","20/373":"mmo","30/373":"mmu","7/373":"mmy","443/4598":"mna","27/2299":"mnd","103/4598":"mnc","4/2299":"mne","1/4598":"mnh mnl","255/4598":"mng","68/2299":"mni","13/2299":"mnk","15/4598":"mno","161/4598":"mnq","1971/4598":"mnt","56/2299":"mnu","24/2299":"mnx","5/2299":"mnw","626/2299":"mny","1/1478":"moa","13/2956":"mob","5/2956":"moe","141/2956":"mod","3/1478":"mog mov","7/1478":"moh","14/739":"mok","1/2956":"moj mox","2/739":"mom","83/2956":"mol","147/739":"mon","9/2956":"mop","77/2956":"mos","22/739":"mor","19/2956":"mou","299/2956":"mot","1/739":"mow","65/739":"moy","39/2956":"moz","67/391":"mpa","1/1955":"mpf","547/3910":"mpe","135/782":"mph","1/3910":"mpg","13/115":"mpi","43/3910":"mpl","41/782":"mpo","14/1955":"mpr","1/782":"mpt","9/3910":"mps","503/1955":"mpu","53/782":"mpy","31/340":"mqa","271/680":"mqe","103/680":"mqh","61/680":"mqo","21/85":"mqu","7/680":"mqw","7/193":"mra","1/193":"mre","166/193":"mrh","2/193":"mro","3/193":"mrs","5/193":"mrw","124/2047":"msa","1059/2047":"mse","286/2047":"msi","313/2047":"msh","1/2047":"msk","94/2047":"mso","32/2047":"msu","9/2047":"mst","4/2047":"msw","7/2043":"mte","1516/2043":"mth","11/681":"mti","2/2043":"mtl mtr","13/2043":"mto","106/681":"mts","1/2043":"mtv","10/2043":"mtu","1/681":"mtw","67/2043":"mty","1/329":"mua muf muh mur muw","4/329":"mue muk","19/329":"mug","2/329":"mui muv mux","11/329":"mum","45/329":"mul","8/47":"mun rbe rbi","118/329":"mus","9/329":"mut","3/329":"muz","1017/1981":"mva","417/3962":"mve","318/1981":"mvi","1/3962":"mvl","111/3962":"mvo","109/566":"mvu","4/65":"mxa","14/65":"mxe","97/195":"mxh","2/195":"mxi","16/195":"mxo","23/195":"mxu","1/195":"mxw nut","108/305":"mya","3/305":"myc","91/305":"mye","1/305":"myd myf myh myk myl myp myt","44/305":"myi","12/305":"myo","14/305":"myu","567/1009":"mza","181/2018":"mze","268/1009":"mzi","12/1009":"mzo","48/1009":"mzu","3/1009":"mzw","1947/28078":"nab","2/14039":"naa nao","5/14039":"nad nav","11/14039":"nac","7/14039":"naf","1/14039":"nae","19/28078":"nah","45/14039":"nag","7/28078":"nai naq","1093/28078":"nal","2167/28078":"nak","1469/14039":"nan","1003/14039":"nam","149/28078":"nap","45/28078":"nar","240/14039":"nat","237/14039":"nas","3/14039":"nau","93/28078":"nax","365/28078":"naw","234/14039":"naz","534/14039":"nay","3/49":"nba","20/49":"nbo","13/49":"nbu","290/4681":"nca","1523/4681":"nce","16/4681":"nch","1117/4681":"nci","2/4681":"ncl","3/4681":"nck","298/4681":"nco","6/4681":"ncr","5/4681":"nct","41/4681":"ncs","125/4681":"ncu","1/4681":"ncx ncé","986/4681":"ncw","28/4681":"ncy","6382/31605":"nda","4/31605":"ndc","1/6321":"ndb ndh","1186/10535":"nde","1/10535":"ndf","3063/10535":"ndi","1/31605":"ndk","2/31605":"ndm ndt ndv","1718/10535":"ndl","4762/31605":"ndo","8/31605":"ndp","37/31605":"nds","1/735":"ndr","268/6321":"ndu","604/31605":"ndw","27/10535":"ndy","13/31605":"ndz","206/20907":"neb","26/20907":"nea","76/20907":"ned","70/20907":"nec","94/20907":"nef","1309/20907":"nee","38/20907":"neh","187/20907":"neg","16/6969":"nej","5/6969":"nei","959/6969":"nel","1/28078":"naç","2924/20907":"nek","1822/20907":"nen","1076/20907":"nem","127/20907":"nep","16/20907":"neo","116/20907":"ner","112/20907":"neq","445/20907":"net","1345/20907":"nes","52/20907":"nev","8/20907":"neu","98/20907":"nex","74/20907":"new","571/6969":"nez","476/20907":"ney","5/63":"nfl","32/63":"nfo","13/64452":"ngb","10793/32226":"nga","2387/64452":"ngc","1/64452":"ngf ngk ngn ngm ngy ngâ","4851/21484":"nge","7/64452":"ngh","5/64452":"ngg ngt","2363/64452":"ngi","7/32226":"ngl","14351/64452":"ngo","5/21484":"ngr","1127/32226":"ngq","11/16113":"ngs","4109/64452":"ngu","555/21484":"ngx","109/10742":"ngw","4/11":"nha","1/55":"nhc nhy oed","3/55":"nhb nhi nhu","4/55":"nhe","12/55":"nhl","8/55":"nho","92/25411":"nib","22/25411":"nia nih","10/25411":"nid","60/25411":"nic","43/25411":"nif","54/25411":"nie","24/25411":"nig","5/25411":"nij","4/25411":"nii","158/25411":"nil","2066/25411":"nik","1835/25411":"nin","47/25411":"nim","122/25411":"nip","51/25411":"nio niq","2/25411":"nir","314/25411":"nit","3793/25411":"nis","207/25411":"niv","6/25411":"niu","17/25411":"nix","100/25411":"niw","102/25411":"niz","186/25411":"niy","1153/6122":"nja","1761/3061":"nje","283/6122":"nji","49/6122":"njl","289/3061":"njo","103/6122":"nju","1/6122":"njt","431/6122":"njw","745/11342":"nka","1/32226":"ngà ngá","349/5671":"nkc","2020/5671":"nke","1/5671":"nkh nkz","1/11342":"nkg nkt","132/5671":"nki","31/11342":"nkl","2025/11342":"nko","7/11342":"nkr","734/5671":"nkq","45/11342":"nks","652/5671":"nku","445/11342":"nkx","109/5671":"nkw","5/38":"nla rna","2/19":"nle","21/38":"nli","1/38":"nlo nlu","1/39":"nmb nmm nmu rpi rph","20/39":"nme","2/39":"nmi","4/39":"nmo rpd rpr","11/107":"nna","1/214":"nnc nnd nng nnj nnn ryd rye ryz","32/107":"nne","43/214":"nni","23/214":"nno nnu","3/214":"nns","15/214":"nny","707/11975":"nob","13/11975":"noa noi","63/11975":"nod","81/11975":"noc","7/2395":"nof","6/11975":"noe","32/11975":"noh","77/11975":"nog","29/11975":"noj","532/11975":"nol","763/2395":"nok","653/11975":"non","1537/11975":"nom","111/11975":"nop","244/11975":"noo","84/11975":"nor","66/11975":"noq","228/11975":"not","172/11975":"nos","291/11975":"nov","8/11975":"nou","167/11975":"nox","98/11975":"now","99/11975":"noz","69/11975":"noy","15/32":"npa","1117/2801":"nqa","9/2801":"nqf","97/2801":"nqe","2/2801":"nqg nqk","117/2801":"nqi","92/2801":"nqo","1/2801":"nqs","951/2801":"nqu","407/2801":"nqw","7/939":"nsb","22/939":"nsa","4/939":"nsd","49/939":"nsc","28/939":"nsf nse","11/313":"nsh","1/939":"nsg nsr nsy","161/939":"nsi","3/313":"nsl","14/939":"nsk nsp","13/939":"nsn nsu oqw","5/939":"nsm nss","16/939":"nso","59/939":"nst","2/313":"nsv","2/939":"nsw oqs","190/4639":"nta","1773/23195":"nte","1/23195":"ntd ntf ntp","974/23195":"nti","23/23195":"nth","11/23195":"ntj","1/4639":"ntm","460/4639":"ntl","4837/23195":"nto","5561/23195":"nts","188/23195":"ntr","4426/23195":"ntu","1487/23195":"ntw","218/23195":"nty","3/23195":"ntz","4/455":"nub","6/455":"nua","1/2730":"nuc nuf nug","3/910":"nue","1/455":"nui nuz","1/1365":"nul","41/2730":"nuk","391/1365":"nun","7/390":"num","2/1365":"nuo","19/1365":"nus","47/910":"nuw","5/84":"nva","23/42":"nve","704/1223":"nwa","514/1223":"nwe","2/1223":"nwi nwo ovh","1/1223":"nww ovw","1496/2445":"nxa","61/489":"nxe","26/163":"nxi","14/2445":"nxh","5/163":"nxo","128/2445":"nxu","37/2445":"nxw","5686/17993":"nya","7/17993":"nyd","9830/17993":"nye","113/17993":"nyh","431/17993":"nyi","1/17993":"nyk nys","5/17993":"nym","716/17993":"nyo","653/17993":"nyu","508/17993":"nyw","2890/14623":"nza","2647/14623":"nze","7881/14623":"nzi","1/14623":"nzl nzy nzá","940/14623":"nzo","167/14623":"nzu","78/14623":"nzw","7/36":"oad","1/72":"oai sge sgi sgo sgw","1/144":"oah oak oao oaq oaw oaz","13/144":"oal oat","17/2842":"obb","39/203":"oba","561/5684":"obe","479/5684":"obh","1/5684":"obj obn","1/28":"obi aig","5/5684":"obl obr","241/812":"obo","2/1421":"obs","785/2842":"obu","1/2842":"oby","134/633":"oca","7/211":"occ","118/633":"oce","58/633":"oci","148/633":"och","10/211":"ock","2/633":"ocl","34/633":"oco ocw","10/633":"ocr","32/633":"ocu","5/633":"oct","1/633":"ocy","772/3517":"oda","1/3517":"odd odm","121/3517":"ode odl","5/3517":"odg","2/3517":"odj","310/3517":"odi","4/3517":"odn","189/3517":"odo","7/3517":"odr","6/3517":"ods","100/3517":"odu","1822/3517":"odw","10/3517":"ody","2/165":"oec","4/165":"oeg","8/165":"oek oer","17/165":"oem","9/55":"oen","1/165":"oeq oep oex oez","7/165":"oes","41/165":"oet","19/231":"ofa","4/105":"off","458/1155":"ofi","18/385":"ofo","1/385":"ofr ofw","29/1155":"oft","1/1155":"ofs","72/385":"ofu","149/863":"oga","17/863":"ogc","2/863":"ogb ogp ogt","24/863":"oge","20/863":"ogi","3/863":"ogh","4/863":"ogl","54/863":"ogo","1/863":"ogn","111/863":"ogq","13/863":"ogs ogw","317/863":"ogr","55/863":"ogu","25/863":"ogy","44/863":"ogx","52/271":"oha","1/271":"ohe","1/813":"ohi ohk ohp ohr ohu ohy","198/271":"ohl","26/813":"ohn","2/813":"ohm","22/813":"oho","19/126":"oic","1/126":"oig","11/126":"oin","13/126":"oir","16/113":"oja","139/339":"oje","1/339":"ojj ojp ojw","61/339":"oji","11/113":"ojo","55/339":"oju","2239/31161":"oka","742/31161":"oke","2/31161":"okg okf","60/10387":"oki","776/31161":"okh","2/10387":"okk okv","1/10387":"okm","5/31161":"okl","337/2397":"oko","1/31161":"okn","58/31161":"oks","21/10387":"okr","395/611":"oku","44/10387":"okt","2351/31161":"okw","4/15111":"olb olv","1337/15111":"ola","56/15111":"old","1/15111":"olc olh olg olk olp","4/5037":"olf","89/1679":"ole","556/5037":"oli","71/15111":"oll","1/5037":"oln","2/15111":"olm","287/657":"olo","25/15111":"olt","4/1679":"ols","796/5037":"olu","1946/15111":"olw","10/15111":"oly","1113/11645":"oma","111/11645":"omc","1432/11645":"omb","591/11645":"ome","386/11645":"omd","358/11645":"omg","413/11645":"omf","206/2329":"omi","702/11645":"omh","247/11645":"omk","3/2329":"omj","22/2329":"omm","254/11645":"oml","91/2329":"omo","1186/11645":"omn","166/11645":"omq","526/11645":"omp","499/11645":"oms","9/11645":"omr","22/11645":"omu","567/11645":"omt","2/11645":"omw","264/11645":"omv","71/11645":"omy","27/11645":"omx","474/11645":"omz","1/12619":"onb","2558/12619":"ona","2197/25238":"ond","124/12619":"onc","9/25238":"onf","466/12619":"one","1/25238":"onh onr","1968/12619":"ong","103/25238":"onj","1437/12619":"oni","11/12619":"onl","2029/12619":"onk","15/12619":"onn","6/12619":"onm","1125/25238":"ono","61/25238":"onq","733/25238":"ont","135/12619":"ons","3/12619":"onv","8/12619":"onu","65/12619":"onx","176/12619":"onw","817/25238":"onz","622/12619":"ony","3/3037":"ooa ooo oox","27/3037":"ooc","51/3037":"oob","1/3037":"ooe ooj oow","63/3037":"ood","64/3037":"oog","12/3037":"oof","17/3037":"ooi","7/3037":"ooh ooq","121/3037":"ook","269/3037":"oom","156/3037":"ool","247/3037":"oon","6/3037":"oop","118/3037":"oos","47/3037":"oor","1132/3037":"oot","18/3037":"oov","22/3037":"ooy","8/3037":"ooz","57/2257":"opa","1/2257":"opc opt","73/2257":"ope","1516/2257":"oph","248/2257":"opi","9/2257":"opl","49/2257":"opm","3/2257":"opp opy","206/2257":"opo","21/2257":"opr","12/2257":"ops","5/2257":"opu","37/939":"oqa oqi","72/313":"oqe","133/939":"oqh","1/11645":"omé","475/939":"oqo","26/939":"oqu","1/387":"orb orw","59/774":"ora","15/172":"ord","13/1548":"orc","5/1548":"orf","73/1548":"ore","101/774":"orh","19/516":"org","95/1548":"ori","5/129":"orl","49/1548":"ork","53/1548":"orn","55/774":"orm","11/1548":"orp orr","25/1548":"oro","41/1548":"ors","31/1548":"oru","5/258":"ory","1254/4165":"osa","351/4165":"ose","2/4165":"osd","1/4165":"osg osf osl osn","251/833":"osi","639/4165":"osh","4/4165":"osk","1/595":"osm","8/245":"oso","16/4165":"osp","22/4165":"oss","269/4165":"osu","72/4165":"ost","43/4165":"osw","2/4083":"otb otg otp otq","104/1361":"ota","1/4083":"otd otj otm otz","4/4083":"otc","55/1361":"ote","1120/4083":"oth","1264/4083":"oti","6/1361":"otl","248/4083":"oto","8/4083":"otr","29/4083":"ott","259/4083":"ots","5/4083":"otu","28/4083":"otw","568/4083":"oty","1/50":"ouc","7/450":"oub","1/90":"oui ouk auc","56/225":"oun","17/450":"oup","37/450":"ous","14/75":"our","11/45":"out","11/450":"ouw","2/225":"ouv","427/1223":"ova","322/1223":"ove","274/1223":"ovi","16/1223":"ovo","101/1223":"ovu","206/805":"owa","2/2415":"owb owd owm owt","43/161":"owe","22/805":"owi","1/2415":"owh owp owr","2/483":"owl","100/483":"owo","4/345":"ows","304/2415":"owu","97/372":"oxa","1/744":"oxf oxk","49/744":"oxe","9/248":"oxh rtu","277/744":"oxo","3/248":"oxu","21/248":"oxw","22/101":"oya","157/1616":"oye","1/808":"oyd oyl","183/404":"oyi","5/1616":"oym","159/808":"oyo","3/202":"oys","1/1616":"oyu","359/1368":"oza","28/171":"oze","35/114":"ozi","131/684":"ozo","29/684":"ozu","41/1368":"ozw","1/1315":"pab pav","13/2630":"paa","6/1315":"pad","21/1315":"pac pai","1/2630":"paf paj paq","2/1315":"pae","126/1315":"pah","9/1315":"pag pam pay","272/1315":"pal","28/1315":"pak","223/2630":"pan","21/263":"pap","149/2630":"par","44/1315":"pat","75/526":"pas","1/263":"pau","79/2630":"paw","101/2630":"paz","4/681":"pea pee","10/681":"ped","13/681":"pec","1/454":"peg pev","185/1362":"pel","7/1362":"pek","67/227":"pen","41/1362":"pem","31/1362":"pep","5/1362":"peo","30/227":"per","1/1362":"peq","27/454":"pet","25/454":"pes","3/454":"pew","38/41":"pgw","9782/24667":"pha","5418/24667":"phe","4/24667":"phd phr","2504/24667":"phi","1/24667":"phm","177/1451":"pho","2/24667":"php pht","3/24667":"phs","3908/24667":"phu","15/24667":"phy","6/1081":"pia","5/1081":"pid","12/1081":"pic","27/1081":"pie","1/1081":"pij pip piw","309/1081":"pil","45/1081":"pik","61/1081":"pin","11/1081":"pim","80/1081":"pio","57/1081":"pir","132/1081":"pit","19/1081":"pis","25/1081":"pix","14/1081":"piy","123/244":"pla","65/244":"ple","29/244":"pli","19/244":"plo","1/244":"plw psa pst psu psw psy apu","3/244":"ply psh pso","1/76":"pmd pmf pmg pmo","53/76":"pme","1/1448":"pob poa poc pog","1/362":"pod","1/724":"pof pox","3/1448":"poe","1/181":"poi poq","417/724":"pol","19/1448":"pok poz","141/1448":"pon","3/362":"pom","35/1448":"pop pot","7/1448":"poo pou","18/181":"por","99/1448":"pos","9/724":"pow","3/724":"poy","47/105":"ppa","1/210":"ppc pps ppw","11/210":"ppf","13/210":"ppi","23/210":"ppl","1/105":"ppp","2/105":"ppy","127/1217":"pra","233/1217":"pre","204/1217":"pri","1/1217":"prm","644/1217":"pro","5/1217":"pru","36/61":"psl","13/448":"pta pto","325/448":"pte","37/448":"pti","17/448":"pth","5/224":"ptu","5/448":"pty","50/1209":"pub","14/1209":"puc pur","16/403":"pul","10/403":"puk","53/1209":"pun","265/403":"pum","10/1209":"pup","14/403":"put puz","4/1209":"pus","1/1209":"puy","263/277":"pyu","271/5122":"qab","17/5122":"qad","5/5122":"qag","1/5122":"qai qau","371/5122":"qak","97/2561":"qam","2523/5122":"qal","265/2561":"qan","109/5122":"qaq","146/2561":"qap","31/5122":"qas","383/5122":"qat","23/5122":"qaw","2/2561":"qav","15/5122":"qay","5/2561":"qaz","37/3798":"qeb","1/1899":"qeg qej","5/3798":"qem","218/633":"qel","205/3798":"qen","38/211":"qeq","236/633":"qes","5/1266":"qet qez","10/1899":"qev","749/3189":"qha","437/3189":"qhe","67/3189":"qhi","186/1063":"qho","1318/3189":"qhu","20/1063":"qhw","1245/4511":"qib","3/4511":"qid","72/4511":"qik","2/4511":"qim","63/4511":"qil","1941/4511":"qin","49/4511":"qiq","50/4511":"qis qiw","203/4511":"qir","540/4511":"qit","23/4511":"qiy","58/4511":"qiz","22/23":"qms","1/2575":"qoc qod qoi qow","104/2575":"qob","12/2575":"qog","32/515":"qok","61/2575":"qom","16/515":"qol","851/2575":"qon","176/2575":"qoq","6/2575":"qop","213/2575":"qos","13/2575":"qot qoz","29/2575":"qoy","3/5":"qqi","21/2150":"qua","1341/4300":"qub","11/860":"que","1/1075":"qud","27/4300":"qug","3/430":"qui","209/2150":"quk","201/4300":"qum","89/860":"qul","1/430":"quo","453/2150":"qun","72/1075":"quq","6/1075":"qup","23/4300":"qus","1/4300":"qur quu","11/2150":"qut","277/4300":"quz","233/574":"qwa","631/1148":"qwe","25/574":"qwi","1/1148":"qwl","43/2243":"rab","9/2243":"raa rax","95/2243":"rad","85/2243":"rac","66/2243":"raf","3/2243":"rae","28/2243":"rah","13/2243":"rag","14/2243":"raj rav","30/2243":"rai","131/2243":"ral","109/2243":"rak","371/2243":"ran","392/2243":"ram","25/2243":"rap raw","5/2243":"rao","78/2243":"rar","1/2243":"raq","228/2243":"rat","92/2243":"ras","16/2243":"rau","44/2243":"raz","143/2243":"ray","12/47":"rba","14/47":"rbo","9/254":"aaa aas aat","7/254":"aac","2/127":"aab aak","3/254":"aad aag aai","11/127":"aaf","1/127":"aah","5/127":"aam","8/127":"aal","5/254":"aao","21/127":"aan","1/254":"aap aau aav aay","4/237":"rca","23/127":"aar","28/79":"rce","13/79":"rch","5/237":"rci","46/237":"rcl","1/237":"rck rcn rct rcv","1/79":"rco","2/5715":"abb","6203/9525":"aba","2/28575":"abd","47/28575":"abc","22/237":"rcu","2503/28575":"abe","374/9525":"abh","11/237":"rcy axo","1801/28575":"abi","41/28575":"abl","1/28575":"abn abv abâ","73/367":"rda","3538/28575":"abo","4/3175":"abr","44/367":"rde","1/3175":"abs","2/367":"rdf rdu","256/9525":"abu","24/367":"rdi","8/367":"rdh","46/28575":"abw","4/9525":"aby","4/367":"rdm","1/367":"rdl rdt rdy","22/367":"rdo","523/4084":"aca","5/367":"rdp rdv","41/367":"rds","41/4084":"acc","3/367":"rdr","759/4084":"ace","1/1021":"acd acr tav taz","16/367":"rdw","645/2042":"aci","479/2042":"ach","32/1021":"ack","1/2042":"acm","3/4084":"acl","22/1021":"aco","1/4084":"acn","7/4084":"acq","16/2109":"reb","2/1021":"acp","61/2109":"rea","71/2109":"red","23/703":"rec","13/2109":"ref","39/4084":"acu","103/4084":"act","5/111":"ree","1/703":"reh","11/1021":"acw","53/2109":"reg","17/2042":"acy","80/2109":"rej","25/2109":"rei","233/2109":"rel","143/2109":"rek","149/2109":"ren","15/703":"rem","32/2109":"rep","5/4381":"adb","1/111":"rer","5/703":"req","543/4381":"ada","16/703":"ret","17/4381":"add adc","224/2109":"res","22/2109":"rev","2/703":"reu","527/4381":"ade","1/4381":"adh","14/2109":"rex","7/2109":"rew","2/2109":"rez","2/4381":"adj adz","194/2109":"rey","1675/4381":"adi","67/337":"adl","22/4381":"adm","4/35":"rfa","382/4381":"ado","6/4381":"adr","3/4381":"adt","15/4381":"ads","18/4381":"adv","160/4381":"adu","20/4381":"adw","19/4381":"ady","3/35":"rfl rra","13/41":"ael","25/162":"rga","15/82":"aet","17/54":"rge","284/1995":"afa","31/5985":"aff","5/81":"rgu","416/5985":"afi","1/1995":"afl","1/5985":"afn afm afs","767/2285":"rha","11/1995":"afo","1391/5985":"afr","32/5985":"aft","62/2285":"rhe","1024/1995":"afu","46/2285":"rhi","52/457":"rho","435/1499":"aga","60/1499":"agc","123/1499":"age","1056/2285":"rhu","1/2998":"agd agh agk","3/1499":"agg","92/2285":"rhw","1/2285":"rhy","28/1499":"agi agr","1/1499":"agm agt","17/2998":"agl","449/2998":"ago","3/2998":"agn","8/1831":"rib","499/2998":"agq","89/3662":"ria","9/2998":"ags","15/3662":"rid","127/1831":"ric","29/3662":"rif","461/2998":"agu","85/3662":"rie","75/2998":"agw","16/1831":"rig","7/3662":"rij","1/3662":"rii rir rië riñ","53/1499":"agx","22/1831":"ril","1499/3662":"rik","103/1831":"rin","14/1831":"rim","38/1831":"rip","1/2109":"reë","12/1831":"rio","302/2757":"aha","329/3662":"rit","205/3662":"ris","1/2757":"ahf ahy","35/3662":"riv","3/3662":"riu riz","40/2757":"ahe","2/1831":"rix","1/919":"ahh","13/2757":"ahi ahu","50/1831":"riy","2312/2757":"ahl","13/919":"aho","2/2757":"ahr","7/2757":"ahs","1/182":"aia aii","17/364":"aic","1/364":"aib aie aif aiv","9/182":"aim aiz","19/182":"ail","83/364":"ain","4/91":"ais","6/91":"air","29/178":"rke","27/364":"aiw","1/178":"rkg rkr rku rky rsl","6/89":"rki","5/178":"rkl rko","53/570":"aja","41/178":"rks","7/38":"aje","3/178":"rkw","22/95":"aji","22/149":"rla","11/30":"ajo","13/149":"rle rly","46/149":"rld","13/114":"aju","19/149":"rli","1/285":"ajw","1/149":"rlj rlt","12/149":"rlo","7873/27404":"aka","4/149":"rls","1/27404":"akb akm akl akp","725/27404":"ake","3/27404":"akg","3/6851":"akf","236/6851":"aki","8067/27404":"akh","1/13702":"akk","809/27404":"ako","43/96":"rma","3/13702":"aks","111/27404":"akr","1/192":"rmf rmg rmr rmu rmy","6549/27404":"aku","53/27404":"akt","557/6851":"akw","35/33778":"alb","5735/16889":"ala","12/16889":"ald","25/192":"rms","9/33778":"alc alk alm","37/33778":"alf","4551/33778":"ale","1/16889":"alh","1/64":"rmw sbf","6/16889":"alg","3839/16889":"ali","96/16889":"all","2/16889":"alp","4739/33778":"alo","1/33778":"alr alz alù","34/171":"rnc","2/171":"rnb","30/16889":"alt","91/342":"rne","23/33778":"als","5/33778":"alv","1/342":"rnf rnw rnv rné","1472/16889":"alu","29/342":"rni","1379/33778":"alw","9/16889":"aly","2/57":"rnm tcl","4/171":"rno","14152/25445":"ama","5/171":"rns","23/25445":"amc","4031/25445":"amb","1286/25445":"ame","6/5089":"amd","11/25445":"amg","72/25445":"amf","661/25445":"ami","356/25445":"amh","499/25445":"amk","1/5089":"amj amr","51/25445":"amm","38/5089":"aml","402/25445":"amo","621/25445":"amn","51/773":"rob","17/25445":"amq","18/773":"roa","68/3635":"amp","23/1546":"rod","423/25445":"ams","53/1546":"roc","24/25445":"amu amz","27/773":"rof","5/1546":"roe roz roy","92/25445":"amt","3/1546":"roh","8/25445":"amw","293/1546":"rog","181/25445":"amv","2/3635":"amy","131/1546":"roj","3/773":"roi","43/25445":"amx","101/1546":"rol ron","51/1546":"rok","55/1546":"rom","83/1546":"rop","25/773":"roo","2/773":"ror","7/1546":"roq","7767/57656":"ana","65/1546":"rot","8087/57656":"and","31/773":"ros","893/57656":"anc","3/28828":"anf","69/1546":"rov","35/1546":"rou","5967/57656":"ane","3/14414":"anh","4/773":"rox","20/773":"row","5575/28828":"ang","1231/57656":"anj","1137/14414":"ani","1/14414":"anl","573/57656":"ank","91/57656":"ann","1/57656":"anm anp ané","1875/57656":"ano","3/57656":"anr","341/28828":"anq","5/39":"rpe","6547/57656":"ant","89/28828":"ans","1/28828":"anv","663/57656":"anu","59/28828":"anx","77/28828":"anw","1129/57656":"anz","1369/14414":"any","7/39":"rpo","5/52":"aob aok","499/10492":"apa","5/10492":"apf","217/10492":"ape","2189/2623":"aph","11/2623":"api","17/10492":"apl","53/10492":"app","132/2623":"apo","87/5246":"apr","5/28":"rre","49/5246":"apt","39/10492":"aps","1/5246":"apw apy","23/140":"rro","583/2884":"aqa","699/2884":"aqe","3/28":"rry src","223/2884":"aqi","535/2884":"aqh","605/2884":"aqo","1/2884":"aqn aqq","1/267":"rsb rsc","4/89":"rsa","43/534":"rsd","81/1442":"aqu","7/178":"rse","11/267":"rsh","71/2884":"aqw","9/178":"rsi","1/534":"rsk rsr rsu","3/89":"rsm","19/267":"rsp","17/534":"rso","4/623":"arb","163/3115":"ara","5/89":"rst","169/3115":"ard","15/623":"arc","2/3115":"arf","53/623":"are","743/3115":"arh","22/3115":"arg","828/3115":"ari","39/3115":"arl","20/623":"ark","2/89":"arn","24/3115":"arm","5/248":"rta rtl","79/3115":"aro","48/3115":"arr","1/3115":"arq arx arw arí","1/496":"rtb rtg rtf rtw","17/496":"rte","181/3115":"art","8/445":"ars","3/623":"arv aru","15/124":"rti","5/62":"rth","101/3115":"ary","39/496":"rtm","1/248":"rto rtp rtr","1/124":"rtn","664/6435":"asa","35/496":"rts","1/585":"asc asm","1/12870":"asb asn asr","916/2145":"ase","1/6435":"asg","11/496":"rty","95/429":"asi","1159/12870":"ash","2/1287":"ask","5/496":"rtz","61/858":"aso","2/51":"rub ruc rui rul bse","1/51":"rua bbc bsu","7/4290":"asp","79/6435":"ass","8/459":"ruf","59/2574":"asu","1/459":"rue ruj ruv ruu","217/12870":"ast","179/12870":"asw","32/459":"rug","41/459":"run","61/459":"rum","2/459":"rup rur ruy","10/459":"ruq","245/8294":"ata","14/459":"rut","15/16588":"atc","86/459":"rus","1/8294":"atf atn","6/319":"ate","11555/16588":"ath","31/153":"ruw","3/8294":"atj","2/153":"ruz","1019/16588":"ati","1/754":"atl","21/16588":"atm","1/16588":"atp atz","7/92":"rva","105/8294":"ato","213/16588":"atr","43/16588":"att","33/92":"rve","28/319":"ats","7/1508":"atu","11/23":"rvi","51/16588":"atw","246/4147":"aty","3/92":"rvs","29/270":"aud","17/270":"aug","1/135":"auf aur auy","2/45":"auk","1/270":"auj aup","37/97":"rwa","11/90":"aus","46/97":"rwe","6/97":"rwi","2/135":"auz","7/97":"rwo","1075/2746":"ava","2/1373":"avc","417/2746":"ave","1/2746":"avh","1/97":"rwy","360/1373":"avi","28/1373":"avo","234/1373":"avu","1/1373":"avy","91/974":"awa","1/7792":"awb awl aws","85/974":"awe","1/3896":"awd awf awp awr awt","2/487":"awi","7/3896":"awk awn","2929/7792":"awo","7/214":"rya ryt","421/974":"awu","1/107":"ryn","37/237":"axa","4/107":"rys","446/2133":"axe","889/2133":"axh","26/2133":"axi axt","1/2133":"axs","29/2133":"axu","248/2133":"axw","2/2133":"axy","96/691":"aya","3/17275":"ayb ayd","4544/17275":"aye","1/17275":"ayg ayp ayr ayz","4126/17275":"ayi","7/17275":"aym","6/17275":"ayl","5882/17275":"ayo","9/17275":"ayn","21/17275":"ays","3/3455":"ayu","2/17275":"ayt","1/691":"ayw","1/14758":"azb","2677/14758":"aza","2/7379":"azd azl","886/7379":"aze","3/14758":"azh","7243/14758":"azi","1703/14758":"azo","191/14758":"azu","567/7379":"azw","4/7379":"azz","32/14863":"saa","47/14863":"sac","2/14863":"sae","59/14863":"sad","25/14863":"sag","151/14863":"saf","14/14863":"sai","84/14863":"sah","774/14863":"sak","26/14863":"saj","419/14863":"sam","490/14863":"sal","1/14863":"sao","1416/14863":"san","83/14863":"saq","455/14863":"sap","572/14863":"sas","136/14863":"sar","30/14863":"sau","298/14863":"sat","37/14863":"saw","92/14863":"sav","934/14863":"say","18/14863":"sax","591/14863":"saz","31/64":"sba","7/64":"sbe","3/64":"sbi sbo","2147/55464":"bab","1/9244":"baa","107/9244":"bad","67/6933":"bac","405/9244":"baf","1/27732":"bae","15/64":"sbu","707/55464":"bah","449/55464":"bag","3/2311":"baj","1/6933":"bai","3011/55464":"bal","2587/55464":"bak","9247/55464":"ban","1307/55464":"bam","16/187":"sca","267/18488":"bap","5/55464":"bao","175/55464":"bar","685/55464":"baq","5/187":"sce","307/9244":"bat","167/4622":"bas","847/55464":"bav","1/18488":"bau","14/187":"sci","65/13866":"bax","92/187":"sch","67/13866":"baw","1807/55464":"baz","191/6933":"bay","1/374":"scl","23/374":"sco","4/51":"bba bso","35/374":"scr","29/51":"bbe","7/51":"bbi bsi","61/84":"sda","12/67":"bcm bri","89/25939":"sea","143/25939":"sec","6013/25939":"seb","108/25939":"see seg","106/25939":"sed","63/25939":"sef","7/25939":"sei","101/25939":"seh","2879/25939":"sek","47/25939":"sej","1681/25939":"sem","5306/25939":"sel","5/25939":"seo","2014/25939":"sen","30/25939":"seq","416/25939":"sep","969/25939":"ses","155/25939":"ser","33/25939":"seu","1547/25939":"set","43/25939":"sew sev","93/25939":"sey","23/25939":"sex","405/25939":"sez","19/41":"sfa","331/10393":"beb","17/10393":"bea","93/20786":"bed","56/10393":"bec beh","78/10393":"bef bep","183/20786":"bee","3/1094":"beg","41/20786":"bej","1/10393":"bei","1204/10393":"bel","2059/20786":"bek","6301/20786":"ben","17/1094":"bem","1/20786":"beo","141/10393":"ber","61/72":"sgb","89/20786":"beq","899/20786":"bet","478/10393":"bes","91/20786":"bev","3/20786":"beu","25/10393":"bex","101/20786":"bew","367/10393":"bez","177/20786":"bey","15/17437":"shb","6211/17437":"sha","1/17437":"shc shh shk shn shr","1611/17437":"she","3886/17437":"shi","1/2491":"shm","421/2491":"sho","4/17437":"sht","1352/17437":"shu","194/2491":"shw","37/32795":"sia","894/32795":"sic","1804/32795":"sib","18/32795":"sie","431/32795":"sid","1079/32795":"sig","991/32795":"sif","4/32795":"sii siu","801/32795":"sih","532/4685":"sik","114/32795":"sij","598/32795":"sim","979/32795":"sil","15/6559":"sio","3211/32795":"sin","3245/6833":"bha","107/4685":"siq","206/6559":"sip","2199/32795":"sis","74/32795":"sir","909/6833":"bhe","2997/32795":"sit","99/4685":"siw","74/6559":"siv","534/6833":"bhi","177/4685":"siy","846/32795":"six","1458/32795":"siz","5/6833":"bhl","880/6833":"bho","5/7":"sjc","13/6833":"bhr","1245/6833":"bhu","16/2845":"bib","8/1707":"bia","9/2845":"bid","8/8535":"bic bip","13/8535":"bif big","31/8535":"bie","11/8535":"bih","4/8535":"bij","353/2845":"bil","262/8535":"bik","2009/8535":"bin","14/8535":"bim","3/173":"ska","1/569":"bio","1/1707":"bir biv","23/8535":"biq","37/8535":"bit","38/173":"ske","275/1707":"bis","1/8535":"biu","2/2845":"bix","39/173":"ski","9/173":"skh","46/2845":"biw","448/8535":"biz","4/569":"biy","1/173":"skl sku skz","26/173":"sko","5/173":"sks skt","11/173":"skr sky","2/173":"skw","38/229":"sla","11/229":"sle","18/229":"sli","1/229":"slm sly","9/229":"slo","4/229":"slu","43/230":"sma","1/230":"smb smh","27/115":"sme","4/115":"smo","6/29":"bla","7/115":"sms","8/115":"smu","5/29":"ble","9/230":"smt","85/261":"bli","61/261":"blo","13/261":"blu","1/261":"blw","2/261":"bly","18/29":"bmi","8/8517":"soa","43/8517":"soc","37/2839":"sob","6/2839":"soe","29/2839":"sod","16/8517":"sog","37/8517":"sof soh","2/8517":"soi","811/8517":"sok","512/8517":"som","551/8517":"sol","7/2839":"soo","277/2839":"son","7/8517":"soq","14/2839":"sop","76/8517":"sos","1/501":"sor","39/2839":"sou","28/2839":"sot","8/2839":"sow","9/2839":"sov","44/8517":"soy","1/8517":"sox","4/501":"soz","29/108":"spa","1/216":"spd spm sps","31/216":"spe","13/216":"spi","25/72":"spo","7/72":"spr","115/13048":"bob","15/6524":"boa","57/13048":"bod","5/13048":"boc boe boi","1/3262":"bof","9/3262":"boh","1/1631":"bog","87/3262":"bol","253/13048":"bok","1051/3262":"bon","104/1631":"bom","13/1864":"bop","101/13048":"boo","47/13048":"bor","2/1631":"boq","13/1631":"bot","33/6524":"bos","9/6524":"bov","3/1864":"bou","4/1631":"box","3/13048":"bow","15/13048":"boz","15/3262":"boy","7/9":"squ","5/14":"sri","25/474":"ssa sso","1/474":"ssc ssh ssp sss sst ssw ssy","16/79":"sse","1/158":"ssf","18/79":"ssi","49/474":"ssm","143/402":"bra","1/134":"brc","7/474":"ssr","3/158":"ssu","11/134":"bre","15/134":"bro","2/1723":"stb std stv","334/1723":"sta","1/402":"brs","1/201":"brr","1/1723":"stc stg stn stp stw","103/402":"bru","367/1723":"ste","7/1723":"sth","358/1723":"sti","4/1723":"stl","124/1723":"sto","160/1723":"str","10/51":"bsa","13/1723":"sts","141/1723":"stu","5/1723":"sty","72/3439":"sua","2/3439":"suc","67/3439":"sub","3/3439":"sue sug","11/3439":"sud","7/3439":"suf","6/3439":"sui","1593/3439":"suk","28/3439":"sum","140/3439":"sul","358/3439":"sun","157/3439":"sup","587/3439":"sus","2/181":"sur","61/3439":"sut","1/3439":"suw","5/3439":"suv","17/3439":"suz","4/9":"sve","19/624":"bub","281/8112":"bud","107/2704":"buc","37/4056":"buf","5/169":"buh","95/4056":"bug","5/2704":"buj bui","593/4056":"bul","35/507":"buk","1039/8112":"bun","69/2704":"bum","27/2704":"bup","1645/2593":"swa","161/8112":"bur","19/1014":"buq","349/4056":"but","1863/5186":"swe","1/5186":"swd","59/1014":"bus","37/8112":"buv","27/5186":"swi","53/8112":"bux","479/4056":"buz","439/4056":"buy","1/2593":"swo","3/58":"syl","2/29":"syn","45/58":"sys","50/1021":"tab","1/3063":"taa","38/3063":"tad","13/3063":"tac tax","52/3063":"taf","23/3063":"tah","41/3063":"tag tas","44/3063":"tai","84/1021":"tal","235/3063":"tak","121/1021":"tan","157/3063":"tam","11/3063":"tap","23/1021":"tar","551/3063":"tat","28/3063":"tau","17/3063":"taw","53/3063":"tay","9/20":"tbo","2/4725":"caa","184/675":"cac","44/4725":"cab","26/4725":"cad","1/525":"cag cay","1/4725":"cai","23/1575":"cak","10/189":"cam","734/4725":"cal","836/4725":"can","4/57":"tca","268/4725":"cap","116/4725":"cas","67/4725":"car","19/4725":"cau","212/4725":"cat","13/19":"tch","176/4725":"caw","11/4725":"cav","149/4725":"caz","8/57":"tco"}}