{"language":"SOTHO","ngrams":{"2/15":"cca cco mfu ffa rvo","35/73":"ksi","6/73":"ksh","1/13":"tdr uca ucc uce uva gdi gdo gdr gdu pjw hvi qhu aco smm","1/15":"cce und mfa mfr wne rva bsc kla kma kme","1/45":"ccf ccy aap aat","1/3":"cci cne tpa cno tps lce cro tvi tvo lko lra dna dne dno mda mdd mdi mrs mve mvl mvu vha nho npa npc npu ffi wle wth fst fte wuw gcb xid xic gke gth gto pwa pwe hga hge hgo yna yti qil zum rfr azi sdl sfa sfe sgb sge sgo sne bnt lōl lōk lōn klo tbn tbu","2/73":"ksp","2/45":"ccm ccl","1/73":"kst ksa ksb","107/4552":"teb","27/4552":"tea","6/569":"ted","1/2276":"tec teg tev tex tey tod tof toi too tox","319/4552":"tef","7/4552":"tee","19/4552":"teh","5/32":"kta qub","49/4552":"tei tet","813/4552":"tel","59/1138":"tek","339/2276":"ten","127/4552":"tem","5/2276":"tep tew toa","3/8":"kth lge wse ypt zim","1/1138":"teo toc tog","327/4552":"ter","1/32":"ktl luw iab quo qun qus quw","35/4552":"tes","5/4552":"teu","1/8":"kto lgi dct dfo dfr dme dmi dve dvd vue vug wsa xed xec ypi šel","5/16":"ktr šep","39/434":"kub","8/217":"kud","2/27":"cea msb mso mst exi hto htt rke","1/62":"kuk qoj rlj rls rlr rlt","1/1":"tfr tga cge tqu cqu cwe lng lve lza uqu mla mng vne vtn wca fho fnb fpa pōt wye xce ōhl hōl xfo xho ōna xle xma ōkō ōts gqa xso xum pkl gzh pny hdi yga pvi yhe rōn yym hzi qma zbu zho bōh zva zwe jfd rzi jlp jro bjj squ szu","1/81":"ceb ceu yeo yes icu","5/434":"kum","7/162":"ced","37/434":"kul","1/434":"kuo kup kuz","9/217":"kun","3/434":"kus","1/217":"kur ewi ewo","5/81":"cel","185/434":"kut","1/162":"ceo cep ndm nds yeb","5/31":"kuw","14/81":"cen","8/81":"ces","7/81":"cer","605/3247":"tha","73/382":"the","151/3247":"thi","625/747":"kwa","118/747":"kwe","9/6494":"thl","1420/3247":"tho","1/6494":"thn thr tht","329/3247":"thu","1/747":"kwo kwn","161/6494":"thw","2/3247":"thy","13/1595":"tib","19/1595":"tia","27/1595":"tic","32/1595":"tif","2/319":"tie","1/1595":"tih tip tiq tiu tiw tiz","3/1595":"tig","8/145":"tii ulu","4/29":"til","123/1595":"tik","20/319":"tin","72/1595":"tim","12/145":"tio","7/1595":"tir","3/194":"chb chd chu","53/194":"cha","36/1595":"tit","339/1595":"tis","3/319":"tiv","65/194":"che","1/388":"chg chk chz","9/1595":"tiy","7/97":"chi","3/388":"chl chy","18/509":"tja","15/388":"cho chr","1/194":"cht chv chw","92/1527":"tje","4/1527":"tji","446/509":"tjh","3/509":"tjo","20/107":"cia","1/107":"cic cib cif ded dek dep","3/107":"cie","12/107":"cid","1/6":"kyo lca lch lci lcu lma lrd lrn ltd mgu nha nhl wls xac xin gpo gta yte yts ytu qis zol axh blo sng kli","10/509":"tjw","7/107":"cil cio","34/107":"cin","1/4":"tka tke tkg tki lje lme lmo lun mhl uze uzi vul vus wde fla wri wry fth xes xol xom xtr yce ycl hba hyl hym ixe ixh ixl cbf cbe","5/107":"cip","2/107":"cis","8/107":"cit","6/107":"civ","1342/2769":"tla","1384/8307":"tle","22/639":"tli","89/923":"tlh","1/8307":"tll tls tlō","1351/8307":"tlo","1/55":"cka ckr rgy ska skr skt","4/55":"cke","4/923":"tlu","140/2769":"tlw","3/10":"tma nzi flo hbi","6/55":"cks","1/10":"tmc dti dto dtv nla nle nlr nlt ffe nze wna fly hyd hyp hys imi iun rga","1/2":"tme lph dha dho dke dkl mcp uza mza mzi nli fda fde nza fma wre www xer xod xpe xpo gpe xti ybo ybr yco hha hho hka hko hma hme ype hsa yxo yxs qit zyl zza šab bdb bdi bhp bkg sna bpi bph kpa kpd","11/25":"cla gra","7/25":"cle","2/25":"cli wha","1/25":"clo whe who whw","1/12":"tne tng tnt tyl cyc cyy lmi lmm lpa lpi lym uxo nhe nhi nhu nhw fti ftw gtl gts","4/25":"clu","5/17":"cma","1/17":"cmd cmm cmo lfo lfu ddh ddl ddu nci eye eyo qwi igr sri","2/17":"cmi tto ddo","25/569":"tob","139/2276":"toh","45/569":"tol","409/2276":"tok","68/569":"ton","5/1138":"tom tou","51/2276":"top","75/1138":"tor","12/569":"tot","3/2276":"tos","10/569":"tow","5/207":"coa cod val","2/69":"coc col","8/207":"cob vae","4/207":"coe cos vam","1/207":"cog cov vah vas","37/207":"com","2/207":"coo cot vai vao","25/69":"con","7/207":"cop","4/69":"cor cou","97/9458":"lab","8/4729":"laa","9/9458":"lad","17/18916":"lac","59/4729":"laf","41/4729":"lae","417/9458":"lah","1/4729":"lag","11/18916":"laj","3/4":"cpa ljo dmo mho dzi wdu pdf pme","9/4729":"lai","693/18916":"lal","118/4729":"lak","1151/9458":"lan","407/18916":"lam","299/18916":"lap","823/18916":"lao","19/18916":"lar","305/9458":"lat","391/18916":"las","1/18916":"lav laz","3/4729":"lau","1/9458":"lax","8/23":"tra","15/4729":"law","31/9458":"lay","3/23":"tre cub cum cut num glo","3/38":"lba ysi","29/253":"tri","13/38":"lbe uhe","54/253":"tro","1/38":"lbi uhi uho ysa yse yso iov bba","9/253":"tru","1/19":"lbo uhu dly nvi zar rca syn byt","19/253":"try","5/38":"lbu","1/25966":"tsb tsf tsm tsp","3356/12983":"tsa","2/12983":"tsc","7581/25966":"tse","1955/12983":"tsh","1777/25966":"tsi","1486/12983":"tso","10/39":"cra ugh qhe","3/12983":"tst","5/39":"cre cru","91/25966":"tsu","1417/12983":"tsw","2/39":"cri crl ugb ugl pse psi psy","5/68":"tta","19/68":"tte obe","1/68":"tti","3/70":"lda egr","7/68":"tth ttr","1/70":"ldc lds ldr ldt egs oes","9/35":"lde","5/34":"ttl","1/14":"ldi mbu gsa gse gsf yma ymm ymu","1/34":"ttp tts avo avu","6/323":"tub","7/646":"tud tug","2/323":"tuh","1/323":"tuj","344/14759":"leb","79/29518":"lea","44/14759":"led","89/646":"tul","3/14759":"lec lex","15/646":"tuk","9/646":"tun","859/29518":"lef","34/14759":"lee","163/323":"tum","512/14759":"leh","9/29518":"leg","11/14759":"lej","23/646":"tur","4/37":"cta","45/29518":"lei","11/323":"tut","755/14759":"lel","4/323":"tus","1339/29518":"lek","1304/14759":"len","1/646":"tuu tuy","1/37":"cte cts dod pls plu","425/14759":"lem","30/14759":"lep lew","43/646":"tuw","153/29518":"leo","97/14759":"ler","41/29518":"leq","7/37":"cti","1235/14759":"let","270/14759":"les","17/14759":"lev","5/29518":"leu","13/74":"cto","2/37":"ctr ctu ply","7/14759":"ley","9/17":"lfc","2/23":"cuk cur nun gni","3/17":"lfr ddt ave","4/23":"cul","173/237":"twa","6/23":"cus","59/237":"twe","7/16":"lga","1/237":"twi tws","1/79":"two","1/16":"lgr lum iap šeh šet","560/811":"lha","31/811":"lhe","3/811":"lhi","203/811":"lho","2/811":"lhu lhō","10/811":"lhw","1/36":"tya lti lts ndi ndo yid yik yis yiy zib","1/18":"tyd typ yib ynh yro yrt zoa zou rfo rha rhe rhu axa axi sdc sle tši","12/671":"lib","15/671":"lia","27/1342":"lic","1/61":"lif ghl ghv ieb","7/1342":"lie","5/1342":"lih lig lij","9/122":"lil","107/1342":"lik","73/671":"lin","125/1342":"lim","39/1342":"lip","42/671":"lio","1/671":"lir","3/1342":"liq liu","59/1342":"lit","315/1342":"lis","15/1342":"liv","1/1342":"liw","1/7":"tzb tzv ujo myc mye myr myx gge ggm ggl gsv ymo hpo hpt rro","5/671":"liy","5/7":"tze uuw","5/12":"cyr","2/9":"lka mta mth mts yra zin zon sdg sli bts","1/9":"lks dgt mbe mre mte mti exc exh gis yin ynb yne ynn hna hni aaf rfe rff rka axm sdi sfi sfo","869/2491":"lla","9/2491":"llb","555/2491":"lle","121/2491":"lli","652/2491":"llo","6/2491":"lls","7/2491":"llu","247/2491":"llw","4/2491":"lly","9/575":"lob","3/1150":"loa","101/12650":"lod","3/12650":"loc","71/12650":"lof","49/12650":"loe","809/12650":"loh","16/6325":"log","13/6325":"loj","8/1265":"loi","186/6325":"lol","1112/6325":"lok","442/6325":"lon","51/2530":"lom","29/1265":"lop","13/1265":"loo","37/12650":"lor","39/1265":"lot","327/12650":"los","9/12650":"lov","19/6325":"lou","3/6325":"lox","38/6325":"low","1/12650":"loz","1/178":"uab uai uas vib viv viw","7/2530":"loy","8/89":"uag vin","5/178":"uam uar vio","2/89":"ual via vie vir","25/178":"uan vig vit","1/297":"ubb","71/297":"uba","166/297":"ube","4/297":"ubi ubm uby","1/33":"ubl gia šom šoh tcr","8/297":"ubo","4/249":"dac day","1/249":"daf","2/83":"dae","25/297":"ubu","2/249":"dag dak dao","7/249":"dai","11/249":"dal dar","25/249":"dan","8/249":"dam","3/83":"dat","61/249":"das","16/249":"dav","11/39":"uch uck","2/5":"dba mka nmr nrt fyi fyn ōlo gmo pba yfe bma bmi kki","8/39":"uct","55/142":"uda","1/142":"udd udl udn udo","1/5":"dbu dbt dts dtt dwa mkh mku egi nra nry fle fyt gby bmw bsi","13/142":"ude","4/99":"lsa bru","17/71":"udi","2/99":"lse gib giu git pap jun jur juv juw","8/99":"lsi","3/142":"udt","1/99":"lsk lsm lsp gim jub brr","15/71":"udu","64/99":"lso","1/71":"udy","2/151":"uea ueg","1/151":"uee ued ueh","1/72":"lta ltl zie ziw","7/72":"lte","86/151":"uel","11/151":"uen","19/72":"lth","12/151":"ues","4/17":"dde ddi","1/24":"lto ltu lty lyp lyr lys zee zen zia ikh","17/72":"ltr","13/161":"ufa","1/23":"uff ufe nua nuw","3/160":"lub","122/161":"ufi","1/160":"lud luh luu","7/80":"lue","4/161":"ufo","9/214":"deb","11/321":"dea","1/20":"lul luk nzo nzy hbo hbz hyb hye hyr hyt","1/161":"ufs","1/214":"dec","5/321":"def","5/161":"ufu","1/642":"deh dei deu","1/80":"luo","1/321":"deg","3/40":"lut","46/107":"del","13/160":"lus","113/642":"den","43/642":"dem","3/13":"uga uge iil sma smo","3/214":"deo dev","14/321":"der","5/642":"det","17/642":"des","1/39":"ugg ugo psa pst acm zue zuk acr zuu","4/39":"ugu","7/19":"uha","1465/2103":"lwa","7/38":"uhl","536/2103":"lwe","34/701":"lwi","4/9":"dge hns","1/173":"uic uib ruu","5/173":"uid uit rub rui","4/173":"uif uik uir","30/173":"uil","9/173":"uin","92/173":"uis","442/14337":"dib","92/14337":"dia","1/1593":"did omf omr omv","5/14337":"dic dig","7/48":"lyn zeb","65/4779":"dif","14/4779":"die","281/14337":"dih","6/7":"ujw","25/1593":"dij","13/4779":"dii","1/48":"lyt zet","16/531":"dil gua","424/4779":"dik","476/4779":"din","1123/14337":"dim","99/155":"uka","1058/14337":"dip","32/14337":"dio","86/14337":"dir","35/14337":"diq","29/155":"uke","2075/14337":"dit","1171/14337":"dis","3/155":"ukg","31/14337":"div","10/14337":"diu","8/155":"uki","13/14337":"diw","2/1593":"diy omn","2/31":"uku nfo oxo","1/31":"ukw nfy oxa","1/870":"ulb ulk uls","143/290":"ula","1/435":"uld ulf","2/3":"dju vhe vle wto gcu gka yri šit bng bsa","73/435":"ule","1/174":"uli","3/290":"ull","1/290":"ulp","157/870":"ulo","4/145":"ult","19/435":"ulw","805/1646":"uma","1/823":"umb umt","683/1646":"ume","1/1646":"umg umf umk umn umw umz","9/1646":"umi","19/1646":"umm","25/823":"umo","5/19":"dla","2/823":"ump","4/19":"dle zan","12/823":"umu","3/19":"dlo nvo rce syf bya","2/51":"una ezi","3/170":"unc","13/255":"une","211/510":"ung","27/170":"uni","1/510":"unn unw unz","4/255":"uno","29/510":"unt","1/255":"uns euc eud eus euy","7/170":"unu","28/255":"uny","1/75":"uoa","1/300":"uoc uor uov","1/100":"uoe oer iuf iul iuo","37/300":"uon","38/291":"upa","40/291":"upe","2/291":"uph upr","4/97":"upj","26/291":"upi","1/291":"upl","1/97":"upp aqm","10/291":"upo","2/111":"dob doh scs scu","11/291":"upt","4/111":"doc dor dot","1/111":"dof dow doz sci scl","7/111":"doe","142/291":"upu","5/111":"dol sce scr","22/111":"don","9/37":"dom plo","8/111":"dop dou","48/7955":"maa","19/7955":"mac","94/1591":"mab","267/7955":"mae","34/1591":"mad","54/7955":"mag","199/7955":"maf","386/7955":"mai","561/7955":"mah","408/7955":"mak","44/7955":"maj","116/7955":"mam","412/7955":"mal","19/1591":"mao","1809/7955":"man","49/7955":"maq","134/7955":"map","354/7955":"mas","223/7955":"mar","2/7955":"mau","1/77":"dpm","1186/7955":"mat","22/7955":"maw","1/7955":"mav","1/26":"urb iwi iwo izu izw izz izy sme","146/7955":"may","3/7955":"max","5/52":"ura","1/1591":"maz","5/156":"urc urv","1/312":"urf urh urk urr urt urw","23/312":"ure","9/52":"urg","17/63":"mba","25/156":"uri","1/78":"urn uss","1/156":"urp qhi","5/78":"uro","11/63":"mbi","5/312":"urs ury","67/312":"uru","20/63":"mbo aal","1/42":"mbr rbh rbj rbl","25/117":"usa","1/126":"mbw","1/52":"usc gop","1/468":"usb usk","35/312":"use","1/936":"usd usl usn","55/936":"usi","3/104":"ush","349/936":"uso","5/44":"dra","1/88":"drc","5/22":"dre rmi","7/104":"usu","5/104":"ust","5/468":"usw","9/88":"dri","5/88":"dro","463/2357":"uta","10/2357":"utc","3/44":"dru ppc ppo rme blu","58/2357":"ute","224/2357":"uth","5/2357":"utj utr","1/44":"dry mur voc voo ppp ppr ppy rmg rmr rmu","81/2357":"uti","729/2357":"utl","1/2357":"utp","142/2357":"uto","2/67":"dsb ogi ogp","6/67":"dsa","468/2357":"uts","1/67":"dse dsh fro ogg ogu","131/2357":"utu","22/2357":"utw","23/6797":"mea mep","6/6797":"mec meq","66/6797":"meb","52/6797":"mee","205/6797":"med","1/6797":"meg mew mex","23/971":"mef","2/971":"mei","578/6797":"meh","1/21":"uus qap","234/6797":"mek","4/21":"uur sbo","4/6797":"mej meo","15/6797":"mem","1471/6797":"mel","534/6797":"men","40/971":"mes","321/6797":"mer","90/6797":"meu","128/971":"met","13/6797":"mey","4/13":"uve hve ach izo","23/39":"uvi zul","3/446":"dub","1/446":"dua","11/892":"dud","5/446":"duc jho","1/892":"duf due duh duk duy","11/15":"mfo","3/892":"dui","289/892":"dul","17/892":"dun","171/446":"dum","5/892":"dup","53/69":"uwa","7/446":"dur jhu","31/446":"dut","104/483":"uwe","2/223":"dus","1/483":"uwi","7/892":"duw","5/483":"uwo","5/8":"dvp","4/11":"uya pfc","4/5":"dwo whi","3/11":"uye ofe yle yll tcc","1/11":"uyf uyn uys uyu dye dyn von gir pff ppl ywe rms rpo šoe kng kny","4/801":"mia mim","5/801":"mic","13/801":"mib","1/267":"mie mid","1/801":"mig mih mir miu","20/801":"mik","164/801":"mil","23/267":"min","95/267":"mis","172/801":"mit","222/2683":"mma","1729/2683":"mme","1/2683":"mmd mmh","35/2683":"mmi","2/2683":"mmm","312/2683":"mmo","371/2683":"mmu","71/11518":"moa","25/11518":"moc","47/5759":"mob","88/5759":"moe","487/11518":"mod","3/5759":"mog mov","321/11518":"mof","19/11518":"moi","488/5759":"moh","306/5759":"mok","9/11518":"moj","11/11518":"mom","610/5759":"mol","284/5759":"moo","743/5759":"mon","8/5759":"moq","8/443":"mop","517/11518":"mos","1241/11518":"mor","20/5759":"mou","1117/11518":"mot","3/11518":"mow","173/11518":"moy","50/207":"vaa","10/207":"vac","15/11518":"moz","1/1092":"mpb","685/1092":"mpa","34/207":"vak","1/546":"mpf","20/207":"van","15/182":"mpe","173/1092":"mph","1/69":"var","23/1092":"mpi","11/1092":"mpl","20/69":"vat","17/364":"mpo","1/364":"mpr mpy","1/84":"mps ovo ovu","17/1092":"mpu","7/647":"eac eam","38/647":"eab","15/647":"ead","1/647":"eag","2/647":"eaf","20/647":"eah","3/647":"eak","24/647":"eal","105/647":"ean","4/647":"eaq","11/647":"eap","29/647":"eas","45/647":"ear","12/647":"eau eat","1423/5151":"eba","1/5151":"ebd ebn eby","2429/5151":"ebe","1/1717":"ebg","583/5151":"ebi","632/5151":"ebo","16/5151":"ebr","8/5151":"ebt","11/5151":"ebs","14/1717":"ebu","1/27":"mse msg msi msl exe hte hti hth tša","57/58":"vdp","1/86":"ece ecl ecr","1/43":"ecd rda rdi rdp","5/86":"eci eck","11/43":"ech","3/43":"eco rds","12/529":"ved","2/43":"ecu","12/43":"ect","2/529":"veh","1/529":"veg vez","189/529":"vei","38/529":"vel","131/529":"ven","5/529":"vem","1/1096":"edb edm","64/529":"ver","3/1096":"eda","10/529":"vet","40/529":"ves","1/2192":"edf edh edg edl edk","7/548":"ede","8/529":"vey","1957/2192":"edi","3/548":"edo","1/137":"edr","7/2192":"eds","23/548":"edu","13/121":"mue","1/484":"muh mum muz","2/643":"eec","8/643":"eeb","1/643":"eee eeg eef eeh eeu","19/484":"mul","45/643":"eed","1/242":"muo","9/242":"mun","6/643":"eek","263/484":"mus","21/643":"eem","81/484":"mut","370/643":"eel","21/484":"muw","32/643":"een","5/643":"eep","10/643":"ees","13/643":"eer","69/643":"eet","417/977":"efa","1/1954":"eff","345/1954":"efe","223/1954":"efi","189/1954":"efo","11/1954":"efr","2/977":"eft","9/1954":"efs","166/977":"efu","3/7":"mwa vrc gga yda","11/70":"ega","19/70":"ege","1/35":"egg egh egu egy aam","4/35":"ego","23/178":"vid","13/178":"vic","7/89":"vil","139/428":"eha","14/89":"vis","601/3852":"ehe","479/3852":"ehi","71/321":"ehl","1/3852":"ehn ehp","16/107":"eho","5/3852":"ehu","43/1926":"ehw","2/543":"eic eig eif eij","1/181":"eib eik","2/181":"eie","5/543":"eid","23/543":"eih","11/543":"eim","24/181":"eil","233/543":"ein","13/543":"eip","61/543":"eis","3/181":"eir eiy qen","1/543":"eiu eiv","55/543":"eit","13/67":"eja","13/201":"eje","32/201":"eji","3/67":"ejo eqw ogo ogn","5/67":"eju eqa eqo","31/67":"ejw","362/1731":"eka","881/3462":"eke","293/1154":"ekg","196/1731":"eki","15/1154":"ekh","1/1731":"ekk","5/1731":"ekl","202/1731":"eko","5/3462":"ekn","13/3462":"eks","7/3462":"ekr","13/1731":"eku","7/1154":"ekt","47/3462":"ekw","1/6513":"elb elk elv","2303/6513":"ela","2/2171":"eld","1/13026":"elc elf elp elu","2144/6513":"ele","1/4342":"elh elg eln elm elt","4/501":"eli","785/6513":"ell","307/2171":"elo","12/2171":"els","215/6513":"elw","1/2171":"ely","18/245":"ema","1/2695":"emc emh","17/2695":"emb","62/385":"eme","1/245":"emf","141/2695":"emi","16/2695":"emm","174/385":"emo","2/2695":"emn","58/245":"emp","1/539":"ems","3/2695":"emu","1/22":"voe vol vom vos pfm pfu rgs rmo rpa rpe rpi rps rpr rpu jeh","7/44":"voi","3/22":"vor","17/6671":"enb","2391/13342":"ena","25/13342":"end","19/13342":"enc","1/6671":"enf enh","7/22":"vou","433/13342":"ene","8237/13342":"eng","1/1906":"enj","19/6671":"eni","1/13342":"enl enr enq enu","18/6671":"enk","15/1906":"enn","43/1906":"eno","717/13342":"ent","205/13342":"ens","31/6671":"enw","5/13342":"enz","304/6671":"eny","1/1850":"eoa eof","4/925":"eoe","26/925":"eoh","3/1850":"eok","1/925":"eom eop","12/925":"eol","18/925":"eon","7/1850":"eos","9/1850":"eor","8/925":"eot","17/13117":"nab","4/13117":"naa naf nap","10/13117":"nad","30/13117":"nac","7/13117":"nae","777/13117":"nah","1/1009":"nag","2/13117":"naj nao naz","3/13117":"nai nau","82/239":"epa","336/13117":"nal","938/13117":"nak","874/13117":"nan","140/13117":"nam","53/239":"epe","261/1195":"eph","36/13117":"nar","51/1195":"epi","157/13117":"nat","1/1195":"epk epr","31/13117":"nas","5/28":"vra","5/13117":"naw","30/239":"epo","11/13117":"nay","11/28":"vre","8/1195":"ept","41/1195":"epu","1/41":"nba nbu sve svi","2/1195":"epw","5/41":"nbe","24/67":"eqe","33/41":"nbo","23/67":"eqh","7/67":"equ","2/187":"nca nct","45/187":"nce","19/187":"nch","2/563":"erb","515/2252":"era","17/2252":"erd erl erv","3/2252":"erc","1/563":"erf","154/563":"ere","1/1126":"erh","4/187":"nco ncy","27/2252":"erg","1/187":"ncr","54/563":"eri","9/2252":"erk ery","15/563":"ern","11/1126":"erm","1/2252":"erp","113/1126":"ero","13/2252":"err","15/1126":"ert","61/2252":"ers","51/1126":"eru","7/54":"nda","9/563":"erw","23/54":"nde","1/216":"ndf ndz","105/827":"esa","4/827":"esc","1/648":"ndk","13/827":"esb","686/2481":"ese","5/648":"ndl ndw","78/827":"esi","5/324":"ndp ndu","67/827":"esh est","27/827":"esk","5/216":"ndr","4/2481":"esm","20/2481":"esl","94/827":"eso","1/2481":"esn esv","7/648":"ndy","1/827":"esp wep","32/2481":"ess","232/2481":"esu","46/2481":"esw","3/6022":"neb","17/3011":"nea","5/3011":"ned","5/6022":"nec neg","2/3011":"nef","23/6022":"nee","161/3011":"neh","15/3011":"nej","21/6022":"nei","602/12643":"eta","160/3011":"nel","7/6022":"nek","913/6022":"nen","1/3011":"nem","1447/12643":"ete","89/6022":"nep","1375/12643":"eth","87/6022":"neo","39/6022":"ner","342/12643":"etj","350/12643":"eti","586/12643":"etl","286/3011":"net","51/3011":"nes","1/12643":"etn etv","1/6022":"neu","19/3011":"new","484/12643":"eto","20/12643":"etr","4/3011":"ney","29/12643":"ett","7266/12643":"ets","56/12643":"etu","9/31":"nfa","22/12643":"etw","4/12643":"etz","2/12643":"ety","6/31":"nfe oxe rlo","4/31":"nfi nfl nfr","1/85":"euf eyc eyh eyl eyr eyu","2/255":"eum eun euw hoh","6/85":"eur","97/255":"eut","7/19071":"ngb ngs","713/19071":"nga","4/19071":"ngd ngm ngp","2/19071":"ngc ngq","44/19071":"nge","25/19071":"ngh","23/19071":"ngi","11/91":"eva","16/19071":"ngl","2/6357":"ngk","1/19071":"ngn ngz","34/91":"eve","167/6357":"ngo","38/19071":"ngr","6/13":"evi","8/19071":"ngt","1/91":"evn evu","31/19071":"ngu","2/91":"evo","802/19071":"ngw","1/6357":"ngy","15/31":"ewa","5/217":"ewc","74/217":"ewe","3/217":"ews","1/609":"nib nid nih nir niq niu niz","2/29":"nia hra","4/203":"nic nig","2/609":"nif nio","9/203":"nie","4/27":"exa exp ext","6/203":"nil","13/203":"nik","12/203":"nin","4/609":"nim","15/203":"nit","43/609":"nis","31/609":"niv","5/11":"nja pfi","2/11":"nje nji nju yla yli rpv","52/85":"eya","4/85":"eys","427/824":"nka","29/206":"nke","1/824":"nkh nkt nks","15/206":"nkg","1/51":"eza ezo ezu qam igl igu","43/824":"nki","46/51":"eze","11/206":"nko","7/824":"nkr","73/824":"nku","5/103":"nkw","3/5":"nme ōla gma pbo yfi kke","209/689":"nna","365/1378":"nne","258/689":"nng","33/1378":"nni","7/1378":"nno","1/1378":"nnt","9/1378":"nnw","27/1378":"nny","7/2194":"nob","1/1097":"noa noj","15/2194":"nod nos","1/2194":"noc noe noy","2/1097":"nof nog nov","23/2194":"noh","19/1097":"noi","81/1097":"nol","71/1097":"nok","259/1097":"non","36/1097":"nom","9/2194":"nop","6/1097":"nor nou","53/1097":"not","5/5974":"waa","13/2194":"now","11/11948":"wac","41/11948":"wab","213/11948":"wae","57/11948":"wad","1/5974":"wag","1/11948":"waf","3/412":"wai","47/5974":"wah","97/11948":"wak","19/11948":"wam","1243/11948":"wal","27/5974":"wao","1977/11948":"wan","3/11948":"waq","5/2987":"wap","11/2987":"was","335/11948":"war","2/2987":"wau","45/2987":"wat","21/11948":"way waz","22/29":"nqa","6/29":"nqe","43/2102":"fad","2/1051":"fac fak","7/2102":"faf","13/1051":"fae","47/2102":"fah","5/2102":"fai fao","68/1051":"fal","150/1051":"fan","1/29":"nqu hro","142/1051":"fap","8/1051":"far","959/2102":"fat","6/1051":"fas","1/1051":"fau","2/199":"nsb nsu","23/398":"nsa nsi","3/398":"nsc","3/199":"nsf nso","209/398":"nse","13/398":"nsh","11/398":"nsk nsv","1/398":"nsn nsp hug","21/398":"nst","4/199":"nss","8/4135":"wea","254/4135":"web","7/4135":"wee wei","36/827":"wed","2/4135":"weg wej","285/3802":"nta","6/4135":"weh","136/4135":"wek","163/1901":"nte","79/827":"wel","1002/4135":"wen","44/1901":"nti","145/1901":"nth","21/4135":"wes","135/3802":"ntj","77/4135":"wer","23/827":"weu","184/4135":"wet","933/3802":"ntl","1/4135":"wew","49/1901":"nto","732/1901":"nts","16/1901":"ntr","12/1901":"ntu","26/1901":"ntw","1/3802":"nty","1/46":"nuc nue nug nur gng","2/399":"feb","1/2394":"fea fev","61/2394":"fed","1/1197":"fec","2/1197":"fef","347/2394":"fee","23/2394":"feh","11/2394":"fei","5/23":"nut gli","421/2394":"fel","5/1197":"fek","5/46":"nus","5/266":"fen fes fez","17/2394":"fem","34/1197":"fep","59/2394":"fer","281/798":"fet","2/19":"nva ozi ysb zak aze sym syr","13/19":"nve","1/30":"fff ffo ffu wng wni wns wny slo","268/357":"nwa","86/357":"nwe","2/357":"nwi","1/357":"nwn qab qay","3/227":"wic","4/227":"wib","1/227":"wid wif","64/227":"wil","19/227":"win","77/227":"wis","2/227":"wir","46/227":"wit","1789/2720":"nya","1/1360":"nyd","35/136":"nye","1/1053":"fib fio fiv fiu","7/680":"nyi","17/1053":"fic","3/2720":"nyn","50/1053":"fif","5/1053":"fie","401/1053":"fih","2/1053":"fig fix","161/2720":"nyo","107/1053":"fil","14/351":"fik","74/1053":"fin","1/544":"nyu","11/1360":"nyw","14/1053":"fir","11/351":"fit","43/351":"fis","1/1901":"ntš","3/20":"flu","5/94":"woe oce","7/94":"woh oco rna","1/94":"woo wou fot oct","43/94":"won","25/94":"wor","1/47":"wot fos ocu oqw rng rnr aud auh aux","1/1128":"foa foh fog foi fop","5/376":"fod","31/564":"fof","133/564":"fol","17/141":"fok","11/376":"fon","5/1128":"fom fox","1/564":"foo fow","38/141":"for","19/1128":"fou","1/395":"oac oap","23/395":"oab","9/395":"oae","4/395":"oad oaf oat gaf","11/79":"oah","2/79":"oak","2/395":"oam","6/79":"oal oar","51/395":"oan","3/395":"oas","61/1496":"obb","17/44":"oba","5/187":"obi","3/748":"obl","291/1496":"obo","91/1496":"obu","3/94":"oca rnm","13/94":"occ","6/47":"oci","45/737":"fra","35/94":"och","9/94":"ock rni","38/737":"fre","632/737":"fri","5/737":"frk","2/47":"ocr rns","1/737":"frr fru fry","1/1637":"odb odf","17/1637":"oda","14/1637":"ode","1454/1637":"odi","7/12":"fsh","10/1637":"odo","133/1637":"odu","1/175":"oea gru","1/350":"oec oeo","1/140":"oeb","51/700":"oed","1/700":"oeh oeu","13/700":"oek","81/350":"oem","87/350":"oel","41/700":"oen","3/700":"oep","31/140":"oet","61/605":"ofa","1/121":"off","1/1210":"ofh oft","39/1727":"fub","3/1727":"fua fud","17/242":"ofi","5/1727":"fuf","1/1727":"fue fuh fuo","134/605":"ofo","35/1727":"ful","48/1727":"fun","169/605":"ofu","695/1727":"fum","25/1727":"fup","45/1727":"fur","502/1727":"fut","4/67":"oga ogw","91/1727":"fuw","11/67":"oge","35/67":"ogr","927/4235":"oha","72/847":"ohe","18/605":"ohi","1437/4235":"ohl","1/605":"ohn","1349/4235":"oho","2/4235":"ohr","6/4235":"ohu","3/605":"ohw","4/673":"oic oiq","2/673":"oie oif","8/673":"oid","1/673":"oii","157/673":"oik","95/673":"oim","29/673":"oil","34/673":"oin","53/673":"oip","7/673":"ois","44/673":"oir","158/673":"oit","6/17":"oja qwe","37/119":"oje","15/119":"oji","5/119":"oju","19/119":"ojw","1/119":"ojy qai","461/2344":"oka","1167/4688":"oke","261/2344":"okg","233/4688":"oki","15/4688":"okh","3/4688":"okk","1/4688":"okm okt","683/2344":"oko","3/1172":"oks","35/4688":"okr","7/2344":"oku","367/4688":"okw","2/7567":"olb olf olp olt","1763/7567":"ola","26/7567":"old","1/7567":"olc olk ols olv","1313/7567":"ole","3/7567":"olh olm","162/7567":"oli","381/7567":"oll","3543/7567":"olo","11/7567":"olu","331/7567":"olw","283/1593":"oma","8/1593":"omb","52/177":"ome","1/531":"omg guj gup","200/1593":"omi","68/1593":"omm","325/1593":"omo","100/1593":"omp","5/1593":"oms","8/531":"omu","1/9217":"onb onh onz","3873/9217":"ona","20/9217":"ond","6/9217":"onf","389/9217":"one","2887/9217":"ong","2/9217":"onj onr","121/9217":"oni","5/9217":"onl","5/709":"onk","210/9217":"onn","233/9217":"ono","374/9217":"ont","33/9217":"ons","11/9217":"onv","3/9217":"onu","70/9217":"onw","622/9217":"ony","2/1363":"ooa","6/1363":"oob ood oop","179/1363":"oof","1/1363":"ooi","120/1363":"ooh","40/1363":"ook","10/1363":"oom","12/1363":"ool","31/1363":"oon","3/1363":"oos","5/1363":"oor","3/47":"oot oqu","1/2298":"opb opf opn opp","529/2298":"opa","5/6":"xan","121/1149":"ope","323/1149":"oph","85/2298":"opi","5/2298":"opl","4/1149":"opm","569/2298":"opo","101/2298":"opr","17/2298":"opt","7/2298":"ops","21/766":"opu","1/383":"opy","10/47":"oqa","8/47":"oqe","2/1975":"gaa gaj gaw","13/47":"oqh","58/1975":"gab","14/1975":"gae gai","13/1975":"gad","12/47":"oqo","1/1975":"gag gav","177/1975":"gah","72/1975":"gak","44/1975":"gam","143/1975":"gal","83/1975":"gao","191/1975":"gan","28/1975":"gap","81/1975":"gas","17/1975":"gar","66/1975":"gau","167/395":"gat","1/4980":"orb","291/1660":"ora","13/2490":"ord","8/1975":"gaz","2/1245":"orc ors","1/1660":"orf orr","2363/4980":"ore","7/2490":"org","77/1245":"ori","1/332":"orl ork","11/2490":"orn","1/830":"orm","1/1245":"orp","88/1245":"oro","3/332":"ort","191/4980":"oru","7/10":"gbo","337/2490":"orw","4/1245":"ory","28/127":"osa","8/381":"osc","161/508":"ose","1/1524":"osg osk osm osl osr osy","56/381":"osi","77/1524":"osh","103/762":"oso","7/1524":"osp","5/762":"oss","3/508":"osu","4/381":"ost","9/127":"osw","158/4467":"ota","1/4467":"otd","2/1489":"otc","119/4467":"ote","1190/4467":"oth","72/1489":"otj","45/1489":"oti","935/4467":"otl","2/13":"gde act smi","126/1489":"oto","1/1489":"otr otš","2/4467":"otq","10/4467":"ott","1177/4467":"ots","40/4467":"otu","7/13":"gdp","5/1489":"otw","1/309":"oua ouk oum ouw","2/103":"ouc oub","5/309":"oud oup","11/309":"oug","4/103":"ouf ouv","3/602":"gea ges","1/1204":"gec geb gee gei gek gey","6/103":"oul","11/1204":"ged gem","1/602":"gef","56/309":"oun","20/309":"ous","11/103":"our","80/309":"out","13/301":"gel","17/602":"geo","59/1204":"gen","2/309":"oux ouz","9/602":"gep","39/1204":"ger","439/602":"get","11/168":"ova","47/56":"ove","1/168":"ovh","5/84":"ovi","17/28":"owa","37/224":"owe","1/224":"owd owm owo owr","3/224":"owi ows","5/224":"owl jab","3/28":"own","1/112":"owt imm jap","11/31":"oxf","3/31":"oxi","25/61":"gha","5/61":"gho","21/61":"ght","272/367":"oya","1/367":"oyc oym oyn","41/367":"oye","5/99":"gic","23/99":"gid","29/367":"oyo","3/367":"oys","10/99":"gil","14/99":"gio jul jus","13/99":"gin","17/19":"oza","7/23":"gla gle","17/46":"gna","12/23":"gno","1/130":"goa","17/416":"gob","7/1040":"goe","7/65":"god","1/520":"gog","133/2080":"goh","9/520":"gok","49/2080":"gom","111/416":"gol","3/1040":"goo","33/208":"gon","19/2080":"gos","41/2080":"gor","1/2080":"gou","469/2080":"got","11/1040":"gow","1/416":"gov iaa iae","4/1089":"pab","7/1452":"paa","59/4356":"pad","1/726":"pac pau","7/4356":"paf","1/2178":"pae","29/1452":"pah","1/4356":"pag","13/4356":"pai pay","469/4356":"pal","43/726":"pak","113/726":"pan","31/2178":"pam","89/4356":"par","2/1089":"paq","13/396":"pat","1/198":"pas","51/175":"gre","3/25":"gri","19/175":"gro","6/175":"gry","3/14":"gst pyg pyu rbo jan rre rri","5/2674":"pea","6/191":"ped","3/2674":"pec","2/1337":"pef","3/1337":"pee","173/2674":"peh","6/1337":"pej","11/1337":"pei","1291/2674":"pel","74/1337":"pen","1/2674":"pem pev","16/1337":"pep","4/191":"peo","8/191":"per","165/2674":"pet","27/1337":"pes","115/531":"gub","5/531":"gue","2/177":"gud","2/531":"gug gur","13/531":"gui","1/177":"guk gus","10/531":"gum","64/531":"gul","2/59":"gun rte","269/531":"gut","1019/3555":"pha","1444/3555":"phe","626/1529":"gwa","27/395":"phi","898/1529":"gwe","4/3555":"phl","514/3555":"pho","4/1529":"gwi","1/3555":"php phs phr","107/1185":"phu","1/1529":"gwn","1/711":"phy","3/707":"pia pid","1/707":"pic pix","6/707":"pie","4/707":"pig","100/707":"pil","18/707":"pik","96/707":"pin","2/707":"pim","5/707":"pip","1/101":"pio ryb ryi ryl ryu ryx","13/707":"pir","44/707":"pit","73/707":"pis","12/13":"pja","2/7":"gya gyp ydg ydr ymp hpi rbe rra bco","11/37":"pla","8/37":"ple","5/37":"pli","2/1779":"poa poi poq pow","6/593":"pod poe poh","427/1779":"pol","15/593":"pok","184/1779":"pon","5/593":"pom","11/593":"pop","4/593":"poo","49/593":"por","289/1779":"pot","20/593":"pos","1/593":"pov","14/1779":"pou","1/1779":"pox","1/10253":"yac yae yao yay","50/10253":"yab","20/10253":"yad","2/10253":"yaf yaq yap yas","13/22":"ppa","22/10253":"yah","60/10253":"yak","8/10253":"yam","112/10253":"yal","1282/10253":"yan","28/10253":"yar","29/10253":"yat","220/3769":"hab","1/15076":"haa hav","207/15076":"had hau","1/3769":"hac","12/3769":"haf","229/3769":"hae","607/7538":"hah","5/15076":"hag haw","19/15076":"haj","11/7538":"hai","256/3769":"hal","35/3769":"hak","729/7538":"han","361/15076":"ham","497/15076":"hap","515/15076":"hao","178/3769":"har","2/3769":"haq","407/7538":"hat","87/15076":"has","7/409":"pra","3/15076":"haz","9/15076":"hay","106/409":"pre","61/409":"pri","1/409":"prm","229/409":"pro","2/409":"prn","3/409":"pru","7/20":"hbu","17/39":"psh","1/378":"yea yep","19/1134":"yed","2/189":"yef","1/53":"pta ptn ptu","5/42":"yeh rry","1/567":"yek","1/1134":"yem","55/378":"yel","389/1134":"yen","4/53":"pti","5/53":"pth","11/1134":"yer","30/53":"ptj","23/126":"yet","2/53":"pto","26/567":"yew","7/53":"pty","8/645":"pub","1/215":"pua","16/645":"pud","2/645":"puf pue pup","1/645":"puj","624/7057":"heb","53/645":"pui","73/7057":"hea hed","17/215":"pul","7/7057":"hec heu hew","4/645":"pun","45/7057":"hef","10/7057":"hee","13/645":"pum","496/7057":"heh","42/215":"puo","15/7057":"hej","7/645":"pur","36/7057":"hei","73/215":"put","1732/7057":"hel","28/215":"pus","228/7057":"hek","622/7057":"hen","78/7057":"hem","424/7057":"hep","9/215":"puw","405/7057":"heo","175/7057":"her","1085/7057":"het","87/7057":"hes","3/7057":"hey","65/1229":"hib","13/2458":"hia","1/1229":"hid hif","9/2458":"hic","5/1229":"hie","21/1229":"hih","3/1229":"hig hik","5/14":"pyr yme","711/2458":"hil","43/1229":"hin","12/1229":"him","7/2458":"hip","4/1229":"hio","133/1229":"hir","101/2458":"hit","360/1229":"his","50/1229":"hiv","5/2458":"hiu","3/2458":"hiw","1/2458":"hiz","7/1229":"hiy","2223/6016":"hla","1337/6016":"hle","49/6016":"hli","1/6016":"hlk hll hlt hly hlō","2203/6016":"hlo","1/3008":"hlp","7/6016":"hlu","95/3008":"hlw","1/918":"yob yok yom yoo yos","7/459":"yof","19/153":"yoh","49/918":"yol","593/918":"yon","7/918":"yop","19/918":"yor","5/918":"you","1/306":"yot","1/459":"yow","152/7395":"hob","2/1305":"hoa","548/22185":"hod","1/7395":"hoc hog","8/2465":"hof","8/4437":"hoe","38/22185":"hoj","2/2465":"hoi","1664/22185":"hol","52/4437":"hok","604/22185":"hon","302/22185":"hom","38/4437":"hop","349/22185":"hoo","1924/22185":"hor","1/4437":"hoq hov","178/22185":"hot","131/22185":"hos","8/7395":"hou","14/22185":"how","1/22185":"hoz","14/7395":"hoy","50/357":"qad","10/357":"qak qaq","75/119":"qal","3/119":"qan","2/119":"qat","3/29":"hrc iye","7/29":"hre","6/19":"yst azu sys","16/29":"hri iya","1/49":"yug yuk yum spu","5/362":"qea qem","15/362":"qeb","1/362":"qee qeh qel","34/49":"yun","3/362":"qek qeo","4/49":"yur spe spi","6/49":"yut spo","10/181":"qep","291/362":"qet","7/362":"qey","5/27":"hts","7/597":"hub","14/597":"hua","1/1194":"hud huf hue","1/199":"huh huo","1/597":"hui huu huy","22/597":"hul","5/1194":"huk","29/597":"hun","56/597":"hum","10/11":"ywa","89/597":"hup","19/597":"hur","53/199":"hut","149/597":"hus","28/597":"huw","8/13":"hvt","55/156":"qha","1326/1655":"hwa","327/1655":"hwe","17/78":"qho","1/1655":"hwi hwn","7/78":"qhw","15/62":"qob","1/124":"qoh","5/124":"qom","19/124":"qol","3/124":"qoo","9/124":"qoq","7/124":"qop","27/124":"qos","17/124":"qot","1/57":"zac zat zaz rcb rcy azo azz","23/57":"zam rch","2/57":"zao aza","3/416":"iac ias","1/208":"iad iag","1/104":"iai","5/416":"iah","5/208":"iak","15/416":"iam","33/416":"ial","69/416":"ian","17/208":"iat","1/760":"ibb","317/760":"iba","239/760":"ibe","9/152":"ibi","1/380":"ibl ibr","9/76":"ibo","59/760":"ibu","3/760":"iby","104/243":"ica","11/81":"ice","14/243":"ici ick","22/243":"ich","2/243":"icl","4/243":"ico ics","5/48":"zea","8/243":"ict","7/96":"zel","15/32":"zek","5/96":"zer","16/271":"ida","3/271":"idd","1/96":"zes zey","121/271":"ide","2/271":"idg ido","46/271":"idi","1/271":"idl idn idz","48/271":"ids","4/271":"idu","9/64":"qua","27/64":"que","3/32":"qui","1/244":"iec iep iev iez","1/64":"quj qul quu","9/244":"ied","7/244":"ief","11/244":"ieh","3/244":"iek iem iew","6/61":"iel jin","1/122":"ieo ieu","27/244":"ien","31/244":"ies","2/61":"ier jie jik jit","23/244":"iet","100/349":"ifa ife","88/349":"ifi","2/349":"ifl ify","34/349":"ifo","1/349":"ift ild","15/349":"ifu","10/17":"qwa","3/34":"iga ige igi ava","10/51":"igh","1/102":"igo igs","20/51":"ign","11/72":"zil","31/770":"iha iho","17/770":"ihe","1/154":"ihi","67/77":"ihl","3/154":"ihw","1/143":"iii iiw iiy jeb jef ayn","32/143":"iin","61/143":"iis","6/143":"iit","29/236":"ija","1/236":"ijf ijl","1/118":"ije rtg rtw awb awn aws","7/236":"iji","49/59":"ijo","1109/3096":"ika","415/3096":"ike","181/1032":"ikg","55/774":"iki","1/3096":"ikl ikr","497/3096":"iko","14/387":"iku","11/516":"ikw","4/3839":"ilb ils","126/3839":"ila","2993/3839":"ile","3/3839":"ilh","5/3839":"ilg","2/3839":"ilj ilv","247/3839":"ili","60/3839":"ill","101/3839":"ilo","1/3839":"ilr ilt ilu","240/3839":"ilw","9/3839":"ily","43/210":"ima","2/105":"imb","191/1680":"ime","31/60":"imo","5/168":"imp","1/420":"imu","1/3273":"inb inl","229/3273":"ina","77/3273":"ind","5/18":"zos rfc rhi sdv","1/1091":"inc inh inq","19/3273":"inf","350/3273":"ine","1196/3273":"ing","148/3273":"ini","17/1091":"ink","28/3273":"inn","2/3273":"inp","418/3273":"ino","332/3273":"int","71/3273":"ins","5/3273":"inv","3/1091":"inu","11/3273":"inw","70/1091":"iny","1/171":"ioa iog ioi","1/114":"ioc","1/342":"iod iom iol iox","5/342":"iof iop iot","2/171":"iok ior iou","85/114":"ion","25/342":"ios","20/259":"rab","6/3367":"raa rag rav","67/3367":"rad","11/3367":"rac","32/3367":"raf","82/3367":"rae","47/3367":"rah","3/3367":"raj ray","20/3367":"rai","145/688":"ipa","141/3367":"ral","3/1376":"ipc ips","5/259":"rak","206/3367":"ran","77/688":"ipe","101/3367":"ram","241/688":"iph","20/481":"rap","29/481":"rao","223/3367":"rar","1/3367":"raq","89/1376":"ipi","368/3367":"rat","110/3367":"ras","9/3367":"rau","1/1376":"ipp","4/3367":"rax","103/688":"ipo","15/3367":"raz","63/1376":"ipr","1/688":"ipt","19/344":"ipu","5/21":"rba","2/21":"rbi","9/59":"iqa rti","21/59":"iqe","1/63":"aaa sba sbl sby","6/59":"iqh","1/315":"aab aaj","5/59":"iqo rts","2/315":"aai aau","16/105":"aah","1/105":"aak","17/59":"iqu","1/59":"iqw rtm awr","3/35":"aan","29/315":"aas aar","3/656":"irb irk","33/328":"ira","1/164":"ird irw","247/656":"ire","1/656":"irg iry","6/1429":"abb","199/656":"iri","1299/2858":"aba","1/328":"irl","1/2858":"abc abn abp","3/328":"irm","695/2858":"abe","5/328":"irp","1/1429":"abg","7/164":"iro","5/656":"irr irs","108/1429":"abi","5/1429":"abl","3/164":"irt","9/656":"iru","519/2858":"abo","13/2858":"abr","23/86":"rde","3/2858":"abs","27/1429":"abu","1717/5128":"isa","12/1429":"abw","7/5128":"isc","1/5128":"isb isd isf","3/1429":"aby","295/2564":"ise","4/43":"rdo","7/195":"aca","365/2564":"isi","173/5128":"ish","16/195":"acc ack","5/5128":"isk isp","1/195":"acb","4/65":"ace","1/1282":"ism","29/2564":"isl","118/641":"iso","1/2564":"isn isy","11/195":"aci","3/641":"iss","3/5128":"isr","11/5128":"isu","63/2564":"ist","331/2564":"isw","2/195":"acn acq acu","7/6778":"reb rec","14/3389":"rea","19/3389":"red","17/6778":"ref","49/6778":"ree","39/6778":"reh","11/3389":"reg","3/6778":"rej reu rew rey","25/3389":"rei","351/4432":"ita","177/3389":"rel","1/4432":"itc itm","443/6778":"rek","270/3389":"ren","9/3389":"rem","311/4432":"ite","57/6778":"rep","621/4432":"ith","1/6778":"reo rez","245/4432":"itj","129/6778":"rer","9/1025":"ada","5/6778":"req","157/2216":"iti","387/4432":"itl","8/1025":"add","126/3389":"ret","3/4432":"itk itz","6/1025":"adc","373/6778":"res","19/6778":"rev","38/1025":"ade","2/3389":"rex","99/2216":"ito","35/4432":"itr","2/1025":"adj adv","878/1025":"adi","1/1025":"adl adm adr","1/554":"itt","1785/4432":"its","43/4432":"itu","2/205":"ado","9/554":"itw","3/1108":"ity","54/1025":"adu","3/2042":"aea","89/1021":"aeb","1/2042":"aee aeo aep aey","11/100":"ium","13/2042":"aed","2/1021":"aeg aev","19/2042":"aef","3/50":"ius","7/1021":"aek","127/1021":"aem","361/2042":"ael","1/50":"iuw","75/2042":"aen","20/1021":"aes","5/1021":"aer","1/1021":"aeu","23/110":"rge","140/1021":"aet","1/110":"rgi rgr","17/230":"iva ivi","77/230":"ive","107/494":"afa","5/1482":"aff","7/55":"rgu","33/494":"afe","13/230":"ivo","5/247":"afi","83/494":"afo","49/114":"afr","2/741":"aft","1/741":"afs","22/247":"afu","19/26":"iwa","5/26":"iwe ize sms","5/9":"rho sbu","22/163":"aga","62/163":"age","1/163":"agd agi agw","3/163":"agg","4/163":"agh","9/163":"ago","2/163":"agn","2/463":"rib riy","31/463":"ria","3/1852":"rid riw","7/163":"agr","25/463":"ric","9/1852":"rif","46/163":"agu","11/463":"rie","5/926":"rih","9/463":"rig","1/926":"rij","15/926":"ril","759/1852":"rik","19/463":"rin","33/926":"rim","3/463":"rip","13/1852":"rio","5/463":"rir","2041/5101":"aha","43/926":"rit","181/1852":"ris","17/1852":"riv","1/1852":"riu","538/5101":"ahe","1/5101":"ahh aht ahs","675/5101":"ahi","946/5101":"ahl","824/5101":"aho","3/5101":"ahr","12/5101":"ahu","39/5101":"ahw","1/205":"aia","1/410":"aib","14/205":"aid ail ain","33/116":"iyo","1/820":"aif aiw aiv aiy","21/164":"aik","7/116":"iyu","4/205":"aim","11/820":"aip","159/410":"ais","21/820":"air","63/820":"ait","9/26":"iza","1/54":"rki rkp rkw","3/820":"aiz","11/113":"aja","5/54":"rks","93/226":"aje","5/62":"rla rli","6/113":"ajo ssa","3/62":"rle rly","9/62":"rld","17/113":"aju","32/113":"ajw","1476/4405":"aka","197/881":"ake","359/4405":"akg","171/4405":"aki","39/4405":"akh","233/881":"ako","21/44":"rma","34/4405":"aks","2/881":"akr","79/4405":"aku","7/4405":"akt","62/4405":"akw","2/4405":"aky","4/1243":"alb","1/2216":"itš","2146/6215":"ala","9/6215":"ald alu","4/6215":"alc alk","3/6215":"alf","1586/6215":"ale","1/6215":"alh alj aln alz","8/6215":"alg","16/1243":"ali","438/6215":"all","6/6215":"alm","2/6215":"alp","1508/6215":"alo","27/6215":"alt","41/94":"rne","1/565":"als","138/6215":"alw","16/6215":"aly","181/528":"ama","29/1320":"amb","347/1320":"ame","3/55":"ami","1/2640":"amh amk amr amt amy","73/2640":"amm","593/2640":"amo","196/2729":"rob","9/2729":"roa rog roi","19/440":"amp","1/528":"ams","21/2729":"rod rou","16/2729":"roc","13/2640":"amu","101/2729":"rof","4/2729":"roe","1/1320":"amw","88/2729":"roh rot","36/2729":"roj","527/2729":"rol","3/16":"šen","24/2729":"rok","661/2729":"ron","183/2729":"rom","71/2729":"rop","31/2729":"roo","2/15557":"anb anh anu","15/2729":"ror","3234/15557":"ana","479/15557":"and","37/2729":"ros","148/15557":"anc","1/15557":"anf anj anl aná","118/2729":"rov","2731/15557":"ane","1/2729":"rox","11/2729":"row","5470/15557":"ang","2/2729":"roy","142/15557":"ani","219/15557":"ank","234/15557":"ann","899/15557":"ano","3/15557":"anq anv","768/15557":"ant","75/15557":"ans","182/15557":"anw","13/15557":"anz","777/15557":"any","8/2105":"aob aok","1/2105":"aoe aos","57/2105":"aod","97/2105":"aof","6/2105":"aoh","1/421":"aom","243/2105":"aol","15/421":"aon","24/2105":"aop","2/421":"aor","216/2105":"aot","1/448":"jaa jad jaf jah jat jas jaz","1/56":"jac","1712/3285":"apa","31/224":"jal","11/224":"jak","2/657":"apf aps","9/448":"jam","766/3285":"ape","184/3285":"aph","1/3285":"apj apy","45/448":"jar","103/1095":"api","7/657":"app","14/219":"apo","16/3285":"apr","1/1095":"apt","7/1095":"apu","26/97":"aqa","16/97":"aqe","6/97":"aqi","31/97":"aqh","10/97":"aqo","5/233":"rsa rse rsi","1/233":"rsc rsk rsp rsv","3/97":"aqu aqw","3/233":"rsl","2/233":"rso","12/233":"rsr","17/3309":"arb","973/3309":"ara","11/233":"rst","12/1103":"ard","16/3309":"arc","1/3309":"arf","240/1103":"are","14/3309":"arg","59/1103":"ari","26/3309":"arl art","7/1103":"ark","5/3309":"arn arp","3/1103":"arm","830/3309":"aro","6/1103":"arr","50/1103":"ars","2/3309":"arv","133/3309":"aru","70/3309":"arw","7/59":"rth","1/1103":"arz","35/3309":"ary","11/118":"rtl","3/118":"rto awe awd awy","155/877":"asa","3/1754":"asc asb","7/118":"rtu awo","751/1754":"ase","5/118":"rty awi","135/877":"asi","97/1754":"ash","2/877":"ask","1/1754":"asl asn asy","151/1754":"aso","3/692":"rua ruf","1/877":"asp","25/1754":"ass","5/692":"ruc","7/1754":"asu","1/346":"rue","33/877":"ast","7/346":"ruh","18/877":"asw","9/692":"rug rup","3/572":"jea","9/346":"rul","1/286":"jec jem ayd ayf aym ayr","12/173":"run","1/572":"jee","37/692":"rum","35/173":"ruo","1/7946":"atb atf","25/692":"rur","675/3973":"ata","23/572":"jel","32/173":"rut","41/572":"jek","2/3973":"atc","35/346":"rus","31/143":"jen","983/7946":"ate","477/3973":"ath","59/692":"ruw","7/143":"jeo","141/7946":"atj","10/143":"jer","1/692":"ruy","167/3973":"ati","7/286":"jet","604/3973":"atl","56/143":"jes","1/3973":"atn atm","19/572":"jew","361/7946":"ato","7/7946":"atr","7/15":"rve","7/3973":"att","1213/3973":"ats","11/3973":"atu","4/15":"rvi","35/7946":"atw","11/423":"aub","2/423":"aug","119/423":"auf","1/423":"auj auo","4/423":"aum","14/423":"aul","23/423":"aun auv","741/791":"rwa","8/141":"aus","1/141":"aur","45/791":"rwe","40/423":"aut","13/423":"auw","5/791":"rwo","21/34":"avi","857/1338":"jha","71/223":"jhe","13/1338":"jhi","43/59":"awa","9/11":"šoa kno","1/223":"jhw","2/101":"ryt","14/101":"rys","3/61":"jis","205/286":"aya","19/143":"aye","2/143":"ayi","3/286":"ayo","5/286":"ays","9/7946":"atš","3/419":"job","29/419":"joa","2/419":"jod jol jok joo","5/419":"joe","90/419":"joh","7/419":"jon","24/419":"jor","37/419":"jos","1/419":"jou joz joy","1/4121":"saa sao say","9/419":"jow","4/12363":"sac","17/4121":"sab","20/4121":"sae","128/12363":"sad","2/12363":"sag saf","8/12363":"sai","16/951":"sah","38/12363":"sak","1/12363":"saj saq sav","482/12363":"sam","131/12363":"sal","375/4121":"san","46/12363":"sap","20/12363":"sas","58/4121":"sar","43/12363":"sau","430/12363":"sat","5/12363":"saw","13/63":"sbe","154/14011":"bab","71/14011":"baa","75/14011":"bad","14/14011":"bac","65/14011":"baf","103/14011":"bae","340/14011":"bah","8/14011":"bag bau","45/14011":"baj","70/14011":"bai","391/14011":"bal","1428/14011":"bak","1463/14011":"ban","10/14011":"bam","20/111":"sca","279/14011":"bap","77/14011":"bao","189/14011":"bar","9/14011":"baq","1276/14011":"bat","301/14011":"bas","1/14011":"bav","61/111":"sch","7/14011":"bay","14/111":"sco","15/19":"bbe","11/76":"bbi","1/76":"bbo bbw","4/7":"bce","43/8752":"sea","23/17504":"sec","2593/17504":"seb","3/2188":"see","313/17504":"sed","1/4376":"seg sex","31/2188":"sef","7/8752":"sei seq","305/8752":"seh","371/17504":"sek","97/17504":"sej","139/17504":"sem","833/17504":"sel","109/4376":"seo","2147/17504":"sen","149/8752":"sep","109/8752":"ses","87/8752":"ser","3/17504":"seu","1247/17504":"set","5/8752":"sew","1/8752":"sey","1/17504":"sez","62/99":"jud","30/2407":"beb","17/4814":"bea","893/4814":"bed","7/4814":"bec","1/4814":"bef beg beu","8/2407":"bee","94/2407":"beh","15/2407":"bei","35/166":"bel","75/4814":"bek","279/4814":"ben","2/2407":"beo","123/4814":"ber","1199/4814":"bet","63/4814":"bes","5/2407":"bew","1/2407":"bez","3/4814":"bey","13/4841":"shb","402/4841":"sha","2064/4841":"she","1/4841":"shh shy","381/4841":"shi","1198/1265":"jwa","2/4841":"shl shm shp shr shv","67/1265":"jwe","608/4841":"sho","79/4841":"shu","1255/4841":"shw","17/1855":"sia","3/3710":"sic sih","89/3710":"sib","13/1855":"sie","99/3710":"sid","1/530":"sif","3/1855":"sii","9/1855":"sik","61/3710":"sim","7/530":"sil","2/265":"sio","187/1855":"sin","9/3710":"sip","253/3710":"sis","23/742":"sir","37/1855":"siu","41/265":"sit","3/265":"siy","1/3710":"six","1/1855":"siz","9/683":"bib bia","2/683":"bid bio","3/1366":"bic bie","11/1366":"bif","1/1366":"bih big biw","1/683":"bij bip biy","477/1366":"bil","7/1366":"bik","81/1366":"bin","4/683":"bir","13/1366":"biq","9/55":"ske","329/1366":"bit","263/1366":"bis","3/110":"ski sky","9/1366":"biz","79/110":"sko","61/90":"sla","1/90":"slp","35/66":"bla","17/132":"ble","7/66":"bli","37/5347":"soa","13/5347":"soc sow","18/5347":"sob","36/5347":"soe","3/5347":"sod sor soy","49/5347":"sof sos","1/5347":"soi sov","418/5347":"soh","31/5347":"sok","63/5347":"som","160/5347":"sol","72/5347":"soo sop","779/5347":"son","50/5347":"sou","286/5347":"sot","13/49":"spa","9/49":"sph","8/49":"spr","183/9469":"bob","1/557":"boa","61/9469":"bod","13/9469":"boc","60/9469":"bof boo","303/9469":"boe","1017/9469":"boh","1/9469":"bog","3/9469":"boj","479/9469":"boi","998/9469":"bol","478/9469":"bok","1588/9469":"bon","74/9469":"bom","603/9469":"bop","845/9469":"bor","14/9469":"boq","597/9469":"bot","205/9469":"bos","16/9469":"bou","4/9469":"box","27/7736":"kaa","8/9469":"bow","106/9469":"boy","45/3868":"kab","89/15472":"kae","33/15472":"kad","9/15472":"kaf","1/3868":"kai kau","189/7736":"kah","147/15472":"kak","83/15472":"kaj","315/15472":"kam","253/15472":"kal","49/7736":"kao","455/7736":"kan","1/15472":"kaq kav kay","1179/15472":"kap","7/967":"kas","171/3868":"kar","115/7736":"kat","5/7736":"kaw","15/17":"sra","1/113":"ssb ssh ssu sst","24/113":"sse","28/113":"ssi","15/113":"sso","37/99":"bra","25/99":"bre","3/113":"ssw","5/33":"bri","17/99":"bro","1/617":"stb sth","105/617":"sta","290/617":"ste","46/617":"sti","3/617":"stl sty","5/617":"stm","41/617":"sto","47/617":"str","6/617":"sts","4/617":"stu","9/617":"stw","1/527":"sua sue suh suk suj","3/527":"suc sun","8/527":"sub suf","2/527":"sud sui","3/2738":"kea","5/4107":"keb","1/2738":"kee kev","45/527":"sum","18/527":"sul suo","19/8214":"ked","11/4107":"kef","13/2738":"kei","63/2738":"keh","63/527":"sup","26/527":"sus","12/1369":"kek","1/8214":"kej keo","4/527":"sur","145/8214":"kem","21/527":"sut","175/1369":"kel","36/527":"suw","565/2738":"ken","53/8214":"kep","13/8214":"kes","269/8214":"ker","523/8214":"ket","1/4107":"kew key","10/41":"sva","26/41":"svd","2/41":"svl","35/281":"bua","1/843":"bud bug bup buq","13/843":"buc","4/843":"buf buy","12/281":"bue","67/843":"bui","118/843":"bul","109/843":"buk","32/843":"bun","2167/3746":"swa","71/843":"bur bus","29/281":"but","1529/3746":"swe","11/843":"buu","39/3746":"swi","1097/4780":"kga","1/1873":"swh","26/843":"buw","971/4780":"kge","1/3746":"swl swn","1/4780":"kgd","3/3746":"swo swu","3/478":"kgi","1531/4780":"kgo","209/2390":"kgu","3/4780":"kgt","8/27":"tše","721/4780":"kgw","11/18":"tšo","178/499":"kha","46/499":"khe","2/499":"khg","1/28":"bwa","26/499":"khi","13/14":"bwe","215/499":"kho","5/499":"khr","23/499":"khu","4/499":"khw","3/1139":"kia kiz","1/1139":"kic kid kiy","2/1139":"kib kie","13/1139":"kim","314/1139":"kil","37/1139":"kin","419/1139":"kis","12/1139":"kir","66/1139":"kit","13/30":"kle","2/753":"koa","49/2259":"kob","5/1506":"koe","17/1506":"kod","7/2259":"kof","1/2259":"koh","11/251":"kok","1/1506":"koj","131/1506":"kom","106/753":"kol","1/4518":"koo koq koy","401/4518":"kon","36/251":"kop","10/2259":"kos","17/753":"kor","4/2259":"kou","236/2259":"kot","2/2259":"kow","233/3829":"tab","1/3829":"taa","15/3829":"tad","20/3829":"tac","31/3829":"taf","71/3829":"tae","41/3829":"tah","26/3829":"tag","74/3829":"tai","139/3829":"tal","29/3829":"tak","219/3829":"tan","95/3829":"tam","100/3829":"tap","82/3829":"tao","169/3829":"tar","388/3829":"tat","2/547":"tas","16/3829":"tau","9/3829":"tax","2/3829":"taw","3/3829":"tay","1/310":"cac cah cav","29/310":"cab","3/310":"cad cam cau","17/155":"cal","13/62":"can cap","9/310":"cas","27/310":"car cat","19/33":"tch","17/197":"kra kri","156/197":"kre","4/33":"tcs","1/197":"kro","6/197":"kru","9/73":"kse"}}