{"language":"ALBANIAN","ngrams":{"1/15":"ąg ąk ąp ąt ąž ät ąc","2/15":"ąj śv św ąb","2/162767":"yş yá yń","3/162767":"yš yö","1/102057":"zł zã zä zî zö","4/15":"ąs","12/162767":"yū yā","2/34019":"zō ză","1/414701":"vǎ vɪ væ vî vø vû vī vš vū","1/162767":"yż yâ yå yú yû ył","1/204114":"zş zū zǎ zə zù zû zē zę zī","1/328":"āč āš āḏ āḥ āṣ āp āq āw āz","1/14":"ṭā ṯī ḥm ər ət əç èv íg ïd ïf ïn ït ðj ðm ðr ṯi","1/2021914":"rɪ rṇ rṓ rß ræ rõ rý rą rę rĳ rł rň rœ rů rż rž","4/469":"ća ćn","1/469":"ćc ćk ćo ćw ćë","10/469":"će","1/2371106":"tȳ tʃ tʰ tã tæ tì tï tř tű","25/469":"ći","3/469":"ću","1/7":"ṭī ęb ęg ęs ﬁr əm əv ïl ïs ði ṭṭ ṭh","1/164":"āņ āj āo","5/414701":"və và","1/1":"ċa ơn ġe ģe ʰe ĳi ươ ķe ļi ập ḱa ɒn ḷe ɛn ṃh ệt ɨd ṓp ŭn źn ʃi ʌv ɾɒ","9/344":"ăş ăm","5/172":"ăţ ăs","9/112":"ča","43/224":"če","61/224":"či","9/56":"čk","1/56":"čn ḥl ḥk ḥr ḥw ḥu ḥī şm","5/224":"čo","1/224":"čp čy","1/41":"āǧ","3/224":"ču","1/112":"čv","1/27":"șa șc ṣṣ ṣi ṣp ṣu","1/9":"șe ěd ěm ěs ņa ņs ņu łó ņģ ûr","4/39":"đa","4/27":"și ṣṇ","5/39":"đe đo","1/344":"ăț ăh","7/39":"đi","1/13":"đj īd","14/27":"șt","1/39":"đm đồ độ","2/27":"șu ṣl ṣū","13/224":"čí","8/39":"đu","3/10":"ța ṇa","1/10":"țe țu śl śn ṇe","1/2":"ți ħa ȳt ḏī ȳç ľk ľn ḫa ộc ội ům ůs ŷl þj þo","1/75":"ēa ēd ēi ēj ēl ēt ēz","2/75":"ēg","1/25":"ēk ēm ēn","17/75":"ēr","11/75":"ēs","1/129":"ėd","2/387":"ėh","1/387":"ėk ėl ėë","11/387":"ėm ėt","20/387":"ėn","58/387":"ėr","32/387":"ės","1/43":"ėv","7/387":"ėz","1/156":"īḥ īh īk īo īq īs īv īţ","3/7":"ęt ňa","1/12":"īṯ ża że żo żs","2/9":"ěk ło ņi ří îl în ût","1/18":"ěl ěz ěč ûi","5/34":"ğa","1/34":"ğd ğu ğü ţo ţâ","3/34":"ği","7/34":"ğl","1/17":"ğm ğı œl œm ùf ùh ùs ùt","2/17":"ğr œd","5/18":"ěž","2/5":"ḍa ṇu","1/4":"ħe ħo őb őn ős őt űj űm űr űs ïc","1/78":"īb īc īg","3/5":"ḍā","5/156":"īf","1/52":"īj īl īt àd","7/156":"īm īn īy","19/156":"īr","2/3":"ẓā","1/3":"ẓī ǎd ǎn ǎo ǐn ņš ɡa ɡr ồn ɡɐ ṛd ṛh ṛs ûl ʊv ÿc","7/202":"ıb ığ","3/202":"ıc ıf ıt","1/101":"ıg","13/202":"ık ıs","21/202":"ıl","9/202":"ım","31/202":"ın","1/202":"ıo ıq ıç ıë","25/202":"ır","2/101":"ıy","3/101":"ız ış","5/7":"ﬁl","25/56":"ḥa","1/28":"ḥi ïa ïk ïz","3/19":"ºc","3/56":"ḥs şo","17/45":"ła","1/45":"łc łm łą","4/45":"łk łu","2/45":"ły","5/28":"ḥā","1/22":"ńa ńe ńi ńk æf æh æs","1/6":"ḫr ḫu ḫā ɑʊ ść ţi żu ûn ÿe ÿm","7/11":"ńs","1/1871493":"nﬁ nṛ nò nô nõ ną nő nũ nț nɡ","1/5":"ṇḍ śi ṅk","7/138":"ōb","1/69":"ōd ōi ōl ōp ōr ōu ōz","1/138":"ōe","1/46":"ōg","2/69":"ōh ōs ōt","1/23":"ōj ōk","2/23":"ōm","13/138":"ōn","2/7":"əl","3/17":"œi","10/17":"œu","3/2103959":"aḍ aṅ aé aɪ","20/2103959":"aḥ","1/2103959":"aḫ aṯ aẓ aà aå aè aó aö aü aē ař aś aŭ aț","4/2103959":"aṇ aṣ aǧ","5/9":"ře","5/2103959":"aṭ aî ać ağ","1/30":"śa śc śr śū žd","1/278082":"fṣ få fæ fó fý fė","4/5":"ṅg","1/424000":"gṛ gì gô gõ gō gő gœ gş","5/63":"şa","1/504":"şb şg şh şç","1/63":"şc ød øe øj øm øp øu øv","1/252":"şd şk şp şv şü şă","43/504":"şe","2/21":"şi øb","1/126":"şl","53/126":"şt","5/168":"şu","1/2373132":"iṃ iṇ iệ ið iú ią iķ iļ iř iś iǧ iə iˡ","1/854367":"jḥ jæ jî jò jõ jă jı jǐ","1/1186566":"iṅ iṭ iæ iô iö iē iĭ iț","1/593283":"iṣ iß iā ię iō iș","19/142":"ša","3/284":"šc šā","25/284":"še","1/142":"šh šj šv","14/71":"ši","65/284":"šk","9/284":"šn","4/71":"šo","5/284":"šp","1/284":"šr ší šč šī","6/71":"št","7/284":"šu","1/8":"ɪd ɪi ɪl ɪp ɪr ɪɛ ýr ār","1/304770":"kṣ kà kš","3/16":"ǧa","4/17":"ţa ţe","3/53":"ßa","6/53":"ßb","1/53":"ßc ßd ßk ßr ßt ßu","21/53":"ße","2/53":"ßf","1/16":"ǧr ǧā ǧǧ ýo ýs","1/593971":"hồ hã hï","1/1187942":"hộ hæ hó hø hı hœ hű","7/102":"ţu","35/208":"àb","1/208":"àh ài àl àm àu","5/104":"àn","1/104":"àp","1/26":"àr","5/208":"às","9/208":"àt","21/208":"àz","3/319":"áb","19/638":"ác","1/29":"ád ák","5/638":"áe áp","1/638":"áf áã áç áč áń áš","7/638":"ág","1/319":"áh ái","1/548460":"oḷ oṭ oñ oń oż oș oʊ","3/638":"áj","47/638":"ál","7/319":"ám","173/638":"án","71/638":"ár","11/504":"şı","51/638":"ás","34/319":"át","2/1871493":"nṣ nà nđ nō nɨ","5/319":"áv","4/319":"áz","2/187":"âb âd âj","1/814886":"lậ lã lù lý lę lɛ lɡ lʌ","3/187":"âc âh","1/187":"âf âg âz","1/71":"šć","1/374":"âi âk âp âu âv âș","21/374":"âl","9/187":"âm","40/187":"ân","39/374":"âr","10/187":"âs","48/187":"ât","3/374":"ây","1/115":"ãc ãd ãh ãs","4/115":"ãe","3/115":"ãn","1/772496":"pṛ pò pć pī pł pš","97/115":"ão","1/111":"äb","19/555":"äc","1/51":"ţă úa","11/555":"äd äx","2/555":"äe äj äo","1/185":"äf ää","8/185":"äg","8/555":"äh äk","34/555":"äi","18/185":"äl","26/555":"äm äv","21/185":"än","86/555":"är","97/555":"äs","14/555":"äu","1/1563306":"sḥ sṭ sò sû sō sœ sŷ","1/555":"äy","5/348":"åb","5/174":"åd åg","103/161843":"aa","16253/2103959":"ab","16810/2103959":"ac","1/116":"åh","48809/2103959":"ad","20/14713":"ae","24579/2103959":"af","4/87":"åk","19531/2103959":"ag","25/348":"ål","16970/2103959":"ah","3076/191269":"ai","61/348":"ån","6334/161843":"aj","77513/2103959":"ak","139372/2103959":"al","52051/2103959":"am","10/87":"år","240054/2103959":"an","1236/2103959":"ao","79/348":"ås","1/174":"åt åv","31732/2103959":"ap","2/319":"áñ","25737/2103959":"aq","3/2371106":"tḥ tî","352090/2103959":"ar","11046/161843":"as","15771/161843":"at","14667/2103959":"au","41149/2103959":"av","750/2103959":"aw","2203/2103959":"ax","2419/2103959":"ay","30211/2103959":"az","1/11":"æa æk æl æn æt îm ît õg õm","3/22":"æd ær","76296/332765":"ba","568/332765":"bb","224/332765":"bc","814/332765":"bd","7091/66553":"be","15/66553":"bf","13/66553":"bg","70/66553":"bh","42559/332765":"bi","1053/66553":"bj","18/66553":"bk","3456/66553":"bl","33/66553":"bm","205/66553":"bn","26826/332765":"bo","77/332765":"bp","18/332765":"bq","4/481413":"uḥ","33498/332765":"br","1919/332765":"bs","46/66553":"bt","32731/332765":"bu","124/332765":"bv","16/332765":"bw","1/962826":"uḫ uî uò uó uđ","11/332765":"bx bā","1/107":"ūb ūf ūm","3789/332765":"by","28/332765":"bz","6/107":"ūd","9332/43455":"ça","8/43455":"çb çh","2/43455":"çc çà","3/107":"ūg ūk","4226/43455":"çd","4312/43455":"çe","22625/158801":"ca","104/158801":"cb","811/43455":"çf","1/43455":"çg çq çè çé çɪ","1/102":"ţţ","931/158801":"cc","7/107":"ūl","635/158801":"cd","3764/43455":"çi","17810/158801":"ce","16/107":"ūn","128/158801":"cf","59/43455":"çj","64/158801":"cg","2324/43455":"çk","4/107":"ūp ūs ūt","452/14485":"çl","9189/158801":"ch","2909/43455":"çm","66259/158801":"ci","24/14485":"çn","18/107":"ūr","780/158801":"cj","500/8691":"ço","2952/158801":"ck","1331/158801":"cl","47/43455":"çp","870/158801":"cm","139/158801":"cn","298/43455":"çr","256/43455":"çs","9178/158801":"co","2/14485":"çt","267/158801":"cp","108/158801":"cq","576/14485":"çu","22/43455":"çv","2/107":"ūz","1678/158801":"cr","302/158801":"cs","1470/158801":"ct","8/14485":"çy","3024/158801":"cu","95/158801":"cv","12/158801":"cw","5/158801":"cx cà cü","649/158801":"cy","50/158801":"cz","1/217":"èa èe èi èp","4/217":"èc èz","3/217":"èd","48425/888202":"da","1787/888202":"db","17/434":"èg","191/888202":"dc","649/888202":"dd","97231/888202":"de","80/444101":"df","1/434":"èk èq èu èè","32/63443":"dg","5/434":"èl","275049/888202":"dh","11/434":"èm","61027/444101":"di","15/217":"èn","18449/888202":"dj","337/888202":"dk","957/888202":"dl","2942/444101":"dm","384/444101":"dn","19/62":"èr","38/217":"ès","43412/444101":"do","9/434":"èt","142/444101":"dp","23/444101":"dq","5/962826":"uṣ","52681/888202":"dr","3387/888202":"ds","45/63443":"dt","25198/444101":"du","311/444101":"dv","180/444101":"dw","1/63443":"dx dó","19559/888202":"dy","50/444101":"dz","41/1703":"éa","19/1703":"éb","67/1703":"éc","48/1703":"éd","62/1703":"ée","6757/1409399":"ea","12/1703":"éf ék","2759/1409399":"eb","1/161843":"aß","45/1703":"ég","4462/1409399":"ec","3/1703":"éh éx","58949/2818798":"ed","5/1703":"éi éq","956/1409399":"ee","14/1703":"éj","10495/2818798":"ef","18888/1409399":"eg","6/131":"él","13235/2818798":"eh","1/348":"åé åÿ","71/1703":"ém","4823/2818798":"ei","108/1703":"én","30803/1409399":"ej","27/1703":"éo","2154/2103959":"aç","78439/2818798":"ek","3/131":"ép","31904/1409399":"el","59521/2818798":"em","225/1703":"ér","108232/1409399":"en","60/2103959":"aë","123/1703":"és","5241/1409399":"eo","132/1703":"ét","15765/1409399":"ep","1/131":"éu ñå ñé ñí","14/2103959":"aí","10977/2818798":"eq","46/1703":"év","230399/2818798":"er","15/2103959":"aï","186921/2818798":"es","161031/1409399":"et","1/1703":"éy éō éř","50/2103959":"añ","12355/2818798":"eu","2/131":"éz ñó","28283/1409399":"ev","1227/2818798":"ew","17/2103959":"aô","3525/2818798":"ex","842/1409399":"ey","13941/1409399":"ez","18/2103959":"aú","1/96":"êc êh","1/192":"êe êi êp êz êú","21121/139041":"fa","11/39726":"fb","51/30898":"fc","2/332765":"bà bē bō bœ","2/2103959":"aÿ aż","29/139041":"fd","14/332765":"bá bū","12863/139041":"fe","25/192":"êj","47/332765":"bâ","389/92694":"ff","179/278082":"fg","41/278082":"fh","1/48":"êl","3/66553":"bä","3/332765":"bå bì","5/64":"êm","3534/15449":"fi","4/332765":"bæ bç bč bė","11/48":"ên","87/4414":"fj","235/139041":"fk","1/66553":"bè bê bî","4169/139041":"fl","5/192":"êq","66/332765":"bé","59/139041":"fm","85/278082":"fn","3/64":"êr","13/192":"ês","29243/278082":"fo","47524/332765":"bë","19/139041":"fp","17/192":"êt","8/332765":"bí bó","995/278082":"fq","47/2103959":"ač","17581/278082":"fr","5291/92694":"fs","10775/139041":"ft","29671/278082":"fu","6/2103959":"ađ","11/278082":"fv fö","10/139041":"fw fä","1/332765":"bô bø bı bł bő bş bš bŷ bȳ","5/278082":"fx fí fă","1013/278082":"fy","12/332765":"bö","11/139041":"fz","227/2279910":"ëa","514/1139955":"ëb","22/1139955":"ëc","3514/1139955":"ëd","38/332765":"bü","57/759970":"ëe","110789/424000":"ga","477/759970":"ëf","197/424000":"gb","13/43455":"çã","39/424000":"gc gé","891/759970":"ëg","161/42400":"gd","14741/2279910":"ëh","109/2279910":"ëi","29/158801":"cá","5149/212000":"ge","7/158801":"câ","27/106000":"gf","1893/759970":"ëj","1/158801":"cã cē cł","191/212000":"gg","1119/759970":"ëk","33/332765":"bă","11/3392":"gh","6478/1139955":"ël","531/26500":"gi","19888/1139955":"ëm","74411/212000":"gj","71318/1139955":"ën","7/379985":"ëo","1/6625":"gk","186/2897":"çë","4/158801":"cè cê","427/26500":"gl","6337/1139955":"ëp","67/158801":"cé","1019/2279910":"ëq","71/26500":"gm","269/42400":"gn","53312/379985":"ër","11751/158801":"cë","6279/106000":"go","40026/379985":"ës","461/424000":"gp","14436/379985":"ët","3/84800":"gq","26/158801":"cí","6/379985":"ëu","3/158801":"cî cú cş","29833/2279910":"ëv","719/8000":"gr","1/1139955":"ëw","147/84800":"gs","13/2279910":"ëx","63/10600":"gt","3/759970":"ëy","7987/106000":"gu","33/424000":"gv","6823/1139955":"ëz","10/158801":"có","29/212000":"gw","7/424000":"gx","16/158801":"cô cı","47/53000":"gy","37/53000":"gz","5/38":"ìa ìu","1/76":"ìc ìd ìj ìm ìr ìv ìz","1/19":"ìe","41238/593971":"ha","1481/1187942":"hb","12/84853":"hc","1/38":"ìh ìq","1/126886":"dà","6499/1187942":"hd","13/888202":"dá dă","168058/593971":"he","3/444101":"dâ dì","623/169706":"hf","3/888202":"dã dç dò dū","389/593971":"hg","41/158801":"că","2/444101":"dä","45/169706":"hh","6/444101":"då dè dô dö","10/2103959":"ał","85987/1187942":"hi","9/76":"ìn","3425/169706":"hj","9/2103959":"ań","4457/84853":"hk","821/1187942":"hl","32/444101":"dé","38687/1187942":"hm","4/444101":"dê dō","4821/1187942":"hn","5/76":"ìs","64653/888202":"dë","4729/169706":"ho","10832/593971":"hp","41/888202":"dí","2/66553":"bī","14395/593971":"hq","9/888202":"dî","347/169706":"hr","2325/593971":"hs","110828/593971":"ht","34365/593971":"hu","3901/593971":"hv","128/593971":"hw","25/1187942":"hx","4897/593971":"hy","99/593971":"hz","1/888202":"dø dù dē dė dě dň dư","26/147":"ía","1/444101":"dú dą dœ də","1/42":"íc","1/98":"íd","1/294":"íe","51/888202":"dü","22261/791044":"ia","2/1703":"éâ","4531/791044":"ib","5/2818798":"eß eś eţ","1748/197761":"ic","9374/593283":"id","1/2818798":"eá eè eî eï eð eò eô eö eú eû eċ eī eľ eō eř eż eɪ","8395/791044":"ie","23/888202":"dā","5993/1186566":"if","17/294":"ík ít","57/2103959":"aş","7439/791044":"ig","3/98":"íl","3227/593283":"ih","2/147":"ím","51/1409399":"eå","30/2103959":"aš","2509/1186566":"ii","33/196":"ín","19035/791044":"ij","8/2103959":"aţ až","5/196":"ío","10285/2818798":"eç","117889/2373132":"ik","24383/593283":"il","189211/2373132":"im","11/588":"ír","5785/46532":"in","47/1409399":"eë","17/147":"ís","12695/593283":"io","26897/1186566":"ip","8131/2373132":"iq","3/196":"ív","55067/2373132":"ir","231689/2373132":"is","86113/593283":"it","21/2818798":"eñ","17725/2373132":"iu","1/588":"íz íþ íā íč","8621/593283":"iv","25/791044":"iw","9/1409399":"eó","129/197761":"ix","277/2373132":"iy","7195/395522":"iz","1/99":"îb îg îk îy îş îţ","2/99":"îc îo îs","1/33":"îd","1/1409399":"eü eğ","117841/854367":"ja","226/854367":"jb","139/854367":"jc","16/139041":"fà","2200/854367":"jd","1/92694":"fá fî fï","243769/854367":"je","5/139041":"fâ","154/854367":"jf","353/854367":"jg","98/284789":"jh","69757/854367":"ji","263/854367":"jj","19/278082":"fç","302/284789":"jk","2/1409399":"eć eň","4/139041":"fè","821/854367":"jl","31/278082":"fé","1707/284789":"jm","4/99":"îr","24784/854367":"jn","453/15449":"fë","16993/284789":"jo","253/854367":"jp","11/444101":"dī dı","494/284789":"jq","8/1409399":"eč eš eș","804/284789":"jr","4451/854367":"js","49237/854367":"jt","8794/284789":"ju","3/2818798":"eđ eē eł eń","3548/854367":"jv","10/854367":"jw jê","91/854367":"jx","6869/854367":"jy","2/158801":"cœ cū","605/284789":"jz","1/46347":"fú fī","53/278082":"fü","23866/152385":"ka","163/304770":"kb","167/914310":"kc","23/424000":"gà","227/914310":"kd","7/212000":"gá","86333/914310":"ke","2/139041":"fā fı","1/106000":"gâ gā","143/304770":"kf","1/212000":"gã gê gí gû gı gł","71/2279910":"ëç","61/182862":"kg","1/21200":"gä","85/60954":"kh","17/424000":"gå","23564/457155":"ki","1821/101590":"kj","1/84800":"gç","17/1139955":"ëë","22/50795":"kk","3/106000":"gè","6776/457155":"kl","2489/304770":"km","289/91431":"kn","22324/152385":"ko","949/21200":"gë","389/914310":"kp","7/30477":"kq","4273/60954":"kr","25433/914310":"ks","62767/914310":"kt","65263/457155":"ku","35/91431":"kv","43/304770":"kw","19/424000":"gó","7/914310":"kx kí kū","461/50795":"ky","31/106000":"gö","1858/457155":"kz","3/14":"ða ðu","1/791044":"iº iù iń ių","27/212000":"gü","49100/407443":"la","5345/814886":"lb","1039/814886":"lc","5/1187942":"hà","2979/814886":"ld","10/593971":"há hō","49032/407443":"le","52/593971":"hâ","1691/814886":"lf","2191/814886":"lg","1/42400":"gă","270/407443":"lh","43/1187942":"hä hè","3/593971":"hå","95289/407443":"li","4883/407443":"lj","461/1187942":"hç","1799/407443":"lk","70469/407443":"ll","46/593971":"hé","4674/407443":"lm","2/84853":"hê","819/407443":"ln","34554/407443":"lo","12785/169706":"hë","2/593971":"hì","898/407443":"lp","1/84853":"hí","2255/814886":"lq","3/1187942":"hî hē","455/814886":"lr","11399/814886":"ls","17983/814886":"lt","53543/814886":"lu","688/407443":"lv","45/407443":"lw","15/1187942":"hô","143/814886":"lx","43/17338":"ly","3/84853":"hö","407/814886":"lz","3/424000":"gė għ","40/131":"ña","18/131":"ñe","19/593971":"hü","118261/1014734":"ma","37004/507367":"mb","583/1014734":"mc","5/1186566":"ià","268/507367":"md","10/131":"ñi","7/791044":"iá","124420/507367":"me","45/1187942":"hā","360/507367":"mf","7/2373132":"iã iņ","20/444101":"dž","225/2818798":"eş","183/1014734":"mg","1/395522":"iä iž","9/1187942":"hă hī","97/507367":"mh","95915/507367":"mi","12995/1014734":"mj","51/131":"ño","25/144962":"mk","1120/593283":"iç","37/791044":"iè","639/1014734":"ml","41/2373132":"ié","885/507367":"mm","1713/1014734":"mn","41/791044":"ië","49879/1014734":"mo","8193/507367":"mp","7/131":"ñu","12/507367":"mq","5743/507367":"mr","1444/507367":"ms","1829/144962":"mt","4/593283":"iñ","56369/1014734":"mu","363/1014734":"mv","76/507367":"mw","16/593283":"ió","23/507367":"mx","1427/507367":"my","1/139041":"fœ","299/1014734":"mz","1/61":"òa òf òk òn òq òr","12/593971":"hė","78155/1871493":"na","281/623831":"nb","627/47987":"nc","4/854367":"jà jü","240757/1871493":"nd","7/854367":"já jø","89398/1871493":"ne","2/284789":"jâ jí jā jš","1954/623831":"nf","4/1409399":"ež","9001/143961":"ng","2/61":"òl","908/1871493":"nh","19/284789":"jä","150757/1871493":"ni","49161/623831":"nj","18/284789":"jç","3200/623831":"nk","8/854367":"jè","439/2373132":"ić","267/623831":"nl","4/284789":"jé","136/623831":"nm","2789/1871493":"nn","7/61":"òs","43165/1871493":"no","136307/854367":"jë","98/623831":"np","134/623831":"nq","61/2373132":"ič","412/623831":"nr","8148/623831":"ns","85171/1871493":"nt","41755/1871493":"nu","58/39819":"nv","17/854367":"jó","133/1871493":"nw","5953/1871493":"nx","6667/1871493":"ny","46/854367":"jö","2584/1871493":"nz","2/379":"óa óc óg ói óç","4/379":"ób ót","35/854367":"jú","16/379":"ód","1/379":"óe óh ój ók óu óz óë óð óñ ół","697/274230":"oa","3/379":"óf","12059/1096920":"ob","881/109692":"oc","827/30470":"od","5/2373132":"iğ","2/50795":"ká","1337/365640":"oe","1/101590":"kâ","599/45705":"of","9569/365640":"og","2/91431":"kä","15/379":"ól ów","59317/1096920":"oh","12/379":"óm","4/91431":"kå","1831/60940":"oi","1/457155":"kæ kè kê kī kł kş","145/379":"ón","49381/1096920":"oj","107/914310":"kç","13153/548460":"ok","38/379":"óp","1807/30470":"ol","59/914310":"ké","30331/548460":"om","26/379":"ór","189119/1096920":"on","18/379":"ós","613/219384":"oo","19267/182862":"kë","4469/137115":"op","8141/1096920":"oq","1/914310":"kî kù kő kű kə kʰ","5/379":"óv","5/854367":"jč jū","72407/365640":"or","62189/1096920":"os","49433/1096920":"ot","101/24930":"ou","5/277":"ov","7/304770":"kó","7/5540":"ow","1/284789":"jē jī","1487/1096920":"ox","679/1096920":"oy","61/304770":"kö","1616/137115":"oz","1/1014734":"mº mò mõ mý mč mē mě mō mş mů mű","3/94":"ôa","6/284789":"jė","2/457155":"kø","1/182862":"kú ký","1/47":"ôe ôl","31/914310":"kü","17573/96562":"pa","19/96562":"pb","1/94":"ôg ôh ôi ôj ôk ôp ôr ôv ôţ","149/386248":"pc","10/407443":"là","135/193124":"pd","31/407443":"lá","70415/772496":"pe","7/457155":"kā","9/814886":"lâ","273/772496":"pf","109/386248":"pg","27/814886":"lä","108/48281":"ph","4/407443":"lå","7/47":"ôm","42843/772496":"pi","29/94":"ôn","2677/96562":"pj","303/814886":"lç","111/193124":"pk","29/407443":"lè","18079/772496":"pl","253/772496":"pm","86/407443":"lé","5/407443":"lê lė","193/193124":"pn","44229/814886":"lë","88693/772496":"po","5/814886":"lì lî lą lš","12/47":"ôt","609/386248":"pp","5/772496":"pq","51/814886":"lí","91019/772496":"pr","31/1187942":"hū","4969/386248":"ps","23981/772496":"pt","48719/772496":"pu","15/814886":"lò","53/386248":"pv","17/772496":"pw","55/814886":"ló","7/814886":"lô","1781/772496":"px","1061/386248":"py","35/814886":"lö","37/772496":"pz","3/814886":"lø lú lţ","1/50795":"kė","4/11":"õe õr","26/407443":"lü","6896/224489":"qa","39/224489":"qb","7/224489":"qc qh","2/507367":"mà mã mţ mū","42/224489":"qd","41/1014734":"má","50493/224489":"qe","28/224489":"qf","14/407443":"lā","26/507367":"mâ","49/2373132":"iş","21/814886":"lă","15/507367":"mä mė","15/1014734":"må","23/1186566":"iš","42737/224489":"qi","2644/224489":"qj","11/1186566":"iţ","166/224489":"qk","45/1014734":"mç","70/224489":"ql","1/72481":"mè","64/507367":"mé","54/224489":"qm","3/1014734":"mê mú","275/224489":"qn","1956/224489":"qo","59522/507367":"më","11/1014734":"mì","53/224489":"qp","5/224489":"qq","5/144962":"mí","1/407443":"lč lœ lş lū lǐ","1/144962":"mî mı","110/224489":"qr","14/7741":"qs","14/854367":"jō","1063/224489":"qt","11316/224489":"qu","484/224489":"qv","6/224489":"qw qā","5/182862":"kı","3/144962":"mó","1/224489":"qx qâ qê qì qù qü qī qū","1/507367":"mô mø mû mž","3/407443":"lē","16283/224489":"qy","33/224489":"qz","103/1014734":"mö","1/474":"öa öğ","1/158":"öb öy","3/316":"öc","21/316":"öd","95/1014734":"mü","225455/2021914":"ra","11/948":"öf","27463/2021914":"rb","5/948":"ög","5745/1010957":"rc","7/474":"öh","32509/2021914":"rd","1/948":"öi","30/623831":"ná","270083/2021914":"re","1/316":"öj","4/1871493":"nâ nì","10/507367":"mā","21303/2021914":"rf","13/948":"ök öw","7/1871493":"nã nč","16916/1010957":"rg","31/1014734":"mă","16/1871493":"nä","29/474":"öl","4967/2021914":"rh","1/623831":"nå næ nø nġ nš","31/948":"öm","315895/2021914":"ri","10/79":"ön","21643/2021914":"rj","1127/1871493":"nç","15227/1010957":"rk","33/316":"öp","20/1871493":"nè","5141/2021914":"rl","41/623831":"né","45529/2021914":"rm","6/623831":"nê nţ","14/79":"ör","5946/1010957":"rn","26/237":"ös","116085/2021914":"ro","131934/623831":"në","89/948":"öt","5039/1010957":"rp","13/814886":"lī","18/623831":"ní","3597/2021914":"rq","13/61":"òò","5/316":"öv","3/623831":"nî","45438/1010957":"rr","23546/1010957":"rs","19/914310":"kō","36418/1010957":"rt","31754/1010957":"ru","11/316":"öz","9553/2021914":"rv","5/1871493":"nó nū","29/814886":"lı","70/1010957":"rw","541/2021914":"rx","17318/1010957":"ry","2/143961":"nö","2423/2021914":"rz","11/1871493":"nú ně","14/1871493":"nü","76207/1563306":"sa","1013/1563306":"sb","2/137115":"oß","561/260551":"sc","644/781653":"sd","1/1096920":"oá oê oÿ oć ođ oľ oō oź","54697/781653":"se","4/623831":"nā","3733/1563306":"sf","1/182820":"oã","295/521102":"sg","5/623831":"nă","283226/781653":"sh","206749/1563306":"si","4087/781653":"sj","21/30470":"oç","2921/260551":"sk","1/274230":"oè oû oś","8699/1563306":"sl","7/1096920":"oé oč oţ","3463/521102":"sm","2782/781653":"sn","7/99720":"oë","49765/1563306":"so","7/27":"ṣa","8462/781653":"sp","5/1014734":"mī","866/781653":"sq","1/365640":"oî oï oł","107/260551":"sr","2450/781653":"ss","118267/1563306":"st","19601/781653":"su","1705/781653":"sv","275/781653":"sw","10/1871493":"nē nı","25/1563306":"sx","2843/781653":"sy","37/521102":"sz","20/623831":"nė","17/1096920":"oú","86758/1185553":"ta","1911/2371106":"tb","1/21":"øg øs øy","278/1185553":"tc","3/772496":"pà pö pā pı","827/1185553":"td","25/772496":"pá","287701/2371106":"te","5/386248":"pâ pí","287/1185553":"tf","134/1185553":"tg","2/63":"øl","15/772496":"pä","41072/1185553":"th","1/96562":"på","136816/1185553":"ti","1/193124":"pæ př","8/63":"øn","485/27571":"tj","79/386248":"pç","533/1185553":"tk","11/772496":"pè pē","1883/2371106":"tl","69/772496":"pé","6143/2371106":"tm","3/386248":"pê","26/63":"ør","2609/2371106":"tn","60567/1185553":"to","193295/772496":"pë","635/1185553":"tp","5/12":"ży","113/2371106":"tq","1/143961":"nī","98991/2371106":"tr","5401/2371106":"ts","1601/1185553":"tt","118213/2371106":"tu","1363/2371106":"tv","13/772496":"pó","503/2371106":"tw","27/2371106":"tx","15113/1185553":"ty","318/1185553":"tz","19/772496":"pú","150931/962826":"ua","11773/962826":"ub","741/160471":"uc","3656/160471":"ud","1/99720":"oğ","5463/160471":"ue","16241/962826":"uf","6622/481413":"ug","23/772496":"pă","3250/160471":"uh","3523/962826":"ui","8030/481413":"uj","60629/962826":"uk","3/224489":"qè qî","70087/962826":"ul","13/224489":"qé","17885/320942":"um","15877/160471":"un","317/320942":"uo","80587/224489":"që","3074/160471":"up","2890/481413":"uq","1/386248":"pč pş","156581/962826":"ur","16991/320942":"us","41519/962826":"ut","145/481413":"uu","458/160471":"uv","47/962826":"uw","3/20":"ža","530/481413":"ux","1/120":"žb žj žm ží žė žň","67/320942":"uy","373/41862":"uz","7/30":"že","11/193124":"pė","13/153":"úb","5/153":"úc","4/153":"úd úm","1/153":"úe úv úz úá","19/120":"ži","36773/414701":"va","51/414701":"vb","1/40":"žk žn","47/59243":"vc","7/2021914":"rà rđ rū","1/60":"žl","6359/414701":"vd","24/1010957":"rá","204312/414701":"ve","2/153":"új úk","29/2021914":"râ rė","37/414701":"vf","13/2021914":"rã rò rč","97/414701":"vg","26/414701":"vh vv","67/2021914":"rä","47/153":"úl","65/2021914":"rå","81296/414701":"vi","8/153":"ún úr","1989/59243":"vj","72/414701":"vk","829/1010957":"rç","20/1010957":"rè","6690/414701":"vl","27/414701":"vm","17/60":"žu","239/2021914":"ré","22/1010957":"rê","260/414701":"vn","19/153":"ús","20918/414701":"vo","160067/2021914":"rë","2/51":"út","82/414701":"vp","5/1010957":"rì","22/414701":"vq vw","145/2021914":"rí","3/1010957":"rî rš","8945/414701":"vr","488/414701":"vs","9/2021914":"rð rş","55/414701":"vt","4954/414701":"vu","43/2021914":"ró","2/224489":"qē","9/414701":"vx","7/1010957":"rô","38/59243":"vy","42/1010957":"rö","71/414701":"vz","21/224489":"qė","6/1010957":"rø","1/1010957":"rù rÿ rţ","3/2021914":"rú rû","57/2021914":"rü","2753/11404":"wa","47/11404":"wb","55/11404":"wc","21/11404":"wd","5/1563306":"sà","9/521102":"sá","1619/11404":"we","13/1563306":"sâ sè","11/5702":"wf","35/2021914":"rā","3/5702":"wg","3/121880":"oş","49/1563306":"sã","11/781653":"sä","27/1010957":"ră","79/2851":"wh","5/781653":"så sā","29/1096920":"oš","2023/11404":"wi","5/11404":"wj wz","33/5702":"wk wt","10/781653":"sç","97/5702":"wl","6/2851":"wm","45/521102":"sé","1/260551":"sê só","303/11404":"wn","1001/11404":"wo","33855/521102":"së","19/11404":"wp","7/1563306":"sì sı","3/11404":"wq","7/521102":"sí","2/781653":"sî są","43/2851":"wr","441/11404":"ws","23/2851":"wu","5/2851":"wv","247/11404":"ww","2/1010957":"rē","37/5702":"wy","35/1563306":"sö","1/682":"üa üf üi üj üo üß üç üë üü","4/781653":"sø sł","1/781653":"sù sý","17/341":"üb","11/1563306":"sú","21/341":"üc","12/341":"üd","11/521102":"sü","19/682":"üe","415/28349":"xa","25/28349":"xb xw","2/341":"üg üp","69/28349":"xc","5/28349":"xd","16/341":"üh","23/1185553":"tà","29/2371106":"tá tè","1123/28349":"xe","10/1185553":"tâ","49/28349":"xf","3/28349":"xg xk","1/137115":"ož","15/682":"ük","13/781653":"să","18/1185553":"tä","85/682":"ül","12319/28349":"xh","13/682":"üm","15/2371106":"tå tē","3461/28349":"xi","50/341":"ün","923/28349":"xj","69/2371106":"tç","40/28349":"xl","71/28349":"xm","50/1185553":"té","16/28349":"xn","11/1185553":"tê tā","116/341":"ür","13/341":"üs","1091/28349":"xo","613901/2371106":"të","6/341":"üt","185/28349":"xp","26/1185553":"tí","14/1010957":"rī","2/28349":"xr xz xà","19/28349":"xs","196/28349":"xt","3/682":"üy","5/27":"ṣā","765/28349":"xu","7/682":"üz","3/1185553":"tò tı","1090/28349":"xv","10/1010957":"rı","12/1185553":"tó","1/521102":"sē sū","5/2371106":"tô tù tī tū","433/28349":"xx","105/28349":"xy","25/2371106":"tö","17/1563306":"sė","5/1185553":"tú tō","1/1185553":"tû tý tě","57/2371106":"tü","2014/162767":"ya","178/162767":"yb","13/962826":"uß","278/162767":"yc","426/162767":"yd","11/962826":"uá uţ","26935/162767":"ye","596/162767":"yf","266/162767":"yg","15/1185553":"tă","595/162767":"yh","238/162767":"yi","3231/162767":"yj","2146/162767":"yk","1097/962826":"uç","1/481413":"uè uð uă uğ uł uń uś","4144/162767":"yl","13/481413":"ué","3546/162767":"ym","3154/162767":"yn","25/481413":"uë","1175/162767":"yo","2720/162767":"yp","11/481413":"uí","7/781653":"sī","2049/162767":"yq","38681/162767":"yr","1/320942":"uï","18460/162767":"ys","11/2021914":"rō","21734/162767":"yt","1/41862":"uñ","530/162767":"yu","254/162767":"yv","98/162767":"yw","14/162767":"yx","52/162767":"yy","384/162767":"yz","46/1185553":"tė","7643/68038":"za","5551/204114":"zb","19/204114":"zc zq","73/68038":"zd","29/414701":"vá","18311/204114":"ze","5/102057":"zf","8/414701":"vâ vè","2/414701":"vã vì vó vý vě vş","8285/204114":"zg","129/414701":"vä","21817/204114":"zh","12/414701":"vå vö","21580/102057":"zi","4039/204114":"zj","10/414701":"vç","47/102057":"zk","1/160471":"uć","65/68038":"zl","24/414701":"vé","3089/102057":"zm","11/414701":"vê","611/102057":"zn","4401/34019":"zo","2981/59243":"vë","14/102057":"zp zü","7/153":"úñ","31/414701":"ví","9/320942":"uč","1571/204114":"zr","121/102057":"zs","98/102057":"zt","7339/102057":"zu","2435/204114":"zv","35/204114":"zw","13/204114":"zx","4/414701":"võ vč","1238/102057":"zy","409/204114":"zz","1/11404":"wá wł wū","15/414701":"vā","2/59243":"vă","7/11404":"wä","1/5702":"wë wā wī","3/2851":"wó","17/11404":"wö","6/414701":"vė","35/11404":"wü","1/28349":"xá xó xõ xā","7/28349":"xè xé","1138/28349":"xë","9/164":"āb","3/41":"ād","7/328":"āf āg āx","5/82":"āh ām","11/320942":"uş","9/328":"āk","7/164":"āl","16/481413":"uš","1/219384":"oț","51/328":"ān","342/162767":"yç","5/162767":"yè","7/162767":"yé","11/328":"ās","16/162767":"yë","3/82":"āt","4/162767":"yí","1/82":"āv","5/14":"ṭa","3/164":"āy","9/162767":"yü","9/68038":"zá","5/204114":"zâ","5/481413":"už","4/34019":"zç","1/68038":"zè zê zú zė","23/204114":"zé","7531/102057":"zë","1/34019":"zí zā","7/204114":"zó","5/344":"ăb","19/344":"ăc","23/344":"ăd","1/172":"ăe ăz","5/86":"ăg","11/344":"ăi","3/344":"ăj","15/172":"ăl","5/43":"ăn","7/172":"ăp","11/86":"ăr","3/43":"ăt","17/172":"ău","3/172":"ăv","18/162767":"yı","1/341":"üş","23/162767":"yō","5/68038":"zı"}}