{"language":"TSWANA","ngrams":{"1/3":"kso tpa cra cto lgi cyt dba dbe dle mba mkr mla mle mly nue nve nvi nvu xan oza ozi ozu xos gto gts gtw lêl pte ymp hme qae qar bfi src sys kla kle klo kri tdo","4/17":"cci uha exa gne zah","7/17":"cco gnt","18/347":"teb","2/17":"ccp vac vam msa mso exc ghe ghl gna","3/1388":"tea teu","3/17":"ccs zan","81/2776":"ted","1/694":"tec","1/17":"ccu mhi msh msw exh gno zab zal tša","55/2776":"tef","39/2776":"tee","1/1388":"teh tev","17/1388":"teg","3/694":"tei","505/2776":"tel","89/1388":"tek","333/1388":"ten","229/2776":"tem","4/347":"tep","5/1388":"teo","57/1388":"ter","1/1":"ktl gôt kya tko tna lbe cwa ôtl ôpô lka lng dge dmo dqa mfo dvd ešh mjo mva mwo mzw rôp ŝhe nrm wlo bêt wto wyn xer gfa gkg gqi ybo yco hbi yfr pwa hga hha yki ylv ype hpv yrs yto hsw qib qkj zbu zda iqu rfo rho áre êfa êla sda jss bgw ête bjw sne squ bqa kbl tŝh svi kfc bwe bxy ëgo kne","41/1388":"tet","31/2776":"tes","1/2776":"tex tey","11/1388":"tew","1/2":"tfa lch lco lga tze lve dhu dtc dts uxw mng mny nqa nqu wga wge fhi xca xce gba gbo gla xwi pkh pkl hms rvi sfi bmd bmc cbn","15/454":"kua","17/454":"kub","45/454":"kue","6/227":"kud","1/454":"kuf kui kuj","13/227":"kuk","7/113":"cec","17/113":"ceb ige","11/454":"kum kur","3/454":"kul","10/113":"ced","1/113":"cef igg","25/454":"kun","5/454":"kup kus","6/113":"cem","2/113":"cel pag ign","239/454":"kut","11/113":"cen","5/113":"ces","12/113":"cer","1235/4727":"tha","15/163":"the","2/4727":"thd thr","207/4727":"thi","2594/2783":"kwa","164/2783":"kwe","1410/4727":"tho","25/2783":"kwi","1/4727":"ths","1397/4727":"thu","10/4727":"thw","4/4727":"thy","2/123":"tib mbr","5/1107":"tia tic","1/1107":"tid tip tiy","1/738":"tif","25/2214":"tie tii","1/369":"tig","11/82":"til","73/2214":"tik","11/738":"tin","32/1107":"tim","64/1107":"tio","1/214":"chb chw","44/123":"tir","195/428":"cha","16/1107":"tit","169/2214":"tis","17/738":"tiv","1/2214":"tiu","10/107":"che","10/1107":"tiw","91/428":"chi","1/428":"chn","1/20":"tja lym evi evm evu","45/428":"cho","5/428":"chr","3/20":"tje uto","33/428":"chu","3/4":"tji csa nzi ydf hrs bpc","12/59":"cia","2/59":"cie civ cus eje","5/59":"cil ejo","4/59":"cin pra","30/59":"cis","1/59":"cir cub cui","3/59":"cit","559/2436":"tla","79/812":"tle","2/203":"tli","211/406":"tlh","397/4060":"tlo","1/42":"cka cky fin zip ziw","1/14":"cke dfr nfa nfe woa wos gma iho bca bco bre","1/870":"tlu","541/12180":"tlw","1/10":"tma lti lth ltw ect oyi oyo plo plu ply ppa ppi ppo hne hno hns sme smo","1/21":"cks win zie zin tcb tcl","3/10":"tme pla hna","2/5":"tmo mgu nbo nbu fco whi gdu xha pcp ple yna sko btv","5/13":"cla","1/13":"cle cli uni mch mco mcs eze ffr ovu","3/26":"clu eya azu","3/203":"tob ger","1/2030":"toa toc tof toj","1/1015":"toe too","99/2030":"tog","8/1015":"toi","111/2030":"tol","15/203":"tok","421/2030":"ton","11/1015":"tom","6/1015":"top","89/2030":"tor","11/70":"tot oys","3/1015":"tos tou","1/58":"tow","3/2030":"toy","1/4060":"tlê","1/73":"coc coj cot via","3/146":"cob coo","49/146":"cod","1/146":"coh cop cow now","19/146":"com","3/73":"col vie","9/73":"con","5/146":"cos","6/73":"cor","5/73":"cou vir vit","84/13907":"lab","679/13907":"laa","31/13907":"lad","1/13907":"lac","79/13907":"laf","156/13907":"lae","5/13907":"lah","230/13907":"lag","2/13907":"laj","33/13907":"lai","300/13907":"lal","135/13907":"lak","990/13907":"lan","357/13907":"lam","225/13907":"lap las","214/13907":"lao","88/13907":"lar","586/13907":"lat","3/13907":"lax","2/35":"tra","36/13907":"law","48/13907":"lay","13/140":"tre","19/28":"tri spa","1/70":"tro wid oyf oyk","1/140":"trs","4/35":"tru gst","1/28":"try iha ihe ihi spo","1847/8187":"tsa","2648/8187":"tse","1537/8187":"tsh","1844/24561":"tsi","1/24561":"tsm tst tsv","1649/24561":"tso","4/21":"cre fud bru","19/24561":"tsu","2926/24561":"tsw","5/21":"cri cro tch","8/23":"tte","1/23":"tti tts tty nmo","4/23":"tth bse","2/23":"ttl","1/68":"ldi ldl mhl","8/531":"tub","2/177":"tua","1/177":"tud tul ido","1/4":"cst lme lmo lso lvi lvo dhm dho vur nze fle flo gle ydn ahu awe bpa tba","28/531":"tue","807/26182":"leb","33/26182":"lea","192/13091":"led","4/177":"tuk","17/26182":"lec","41/531":"tun","565/26182":"lef","5/2014":"lee","319/531":"tum","123/26182":"leh","379/26182":"leg","5/13091":"lej lew","25/531":"tur","119/26182":"lei","35/531":"tut","1291/13091":"lel","16/531":"tus","316/13091":"lek","64/1007":"len","1/51":"cte ctr","2/531":"tuu waa idd","537/26182":"lem","122/13091":"lep","151/26182":"leo","167/26182":"ler","11/51":"cti","2199/26182":"let","411/26182":"les","1/26182":"lev leš","16/13091":"leu","3/26182":"lex","7/26182":"ley","2/51":"cts","4/51":"ctu","4/5":"lfr nha xxx ize","8/59":"cul","166/571":"twa","47/59":"cur","403/571":"twe","1/571":"twi two","1/6":"lgo uct dyn dzi nua num fha gli gra hmt zwe rks rku rpo slo syd syl syn","1339/3165":"lha","941/6330":"lhe","23/1055":"lhi","491/1266":"lho","59/3165":"lhw","1/532":"lib lid","3/133":"lia liv","11/133":"lic","1/266":"lif lie eid","45/116":"typ","5/532":"lij lip","10/133":"lil eis","29/266":"lik","199/532":"lin","9/266":"lim","15/532":"lio","3/532":"lit liu","37/266":"lis","17/532":"liw","9/532":"liz","3/53":"lla","6/53":"lle","29/159":"lli","1/159":"lll llw kip","11/159":"llo lls","2/53":"lly oop","197/10490":"lob","26/5245":"loa","99/10490":"lod","1/2098":"loc","33/2098":"lof","199/10490":"loe","2/5245":"loh","98/1049":"log","4/5245":"loj loy","117/10490":"loi","393/5245":"lol","118/5245":"lok","793/10490":"lon","101/5245":"lom","43/5245":"lop","11/5245":"loo lou","27/2098":"lor","87/2098":"lot","72/1049":"los","3/5245":"lov","1/485":"uaa uas uav","48/5245":"low","12/485":"uag","1/97":"uak","4/485":"uam uat","38/485":"ual uan","2/485":"uap","3/97":"uar","44/101":"uba","27/101":"ube","5/101":"ubi","11/101":"ubl","1/202":"ubo","6/151":"dab","3/302":"dad dak","21/202":"ubu","29/302":"dai","3/151":"dan","5/151":"dam dar","1/302":"dap daw ady","5/24":"uca uch aje","1/8":"ucc ddc dde ddi ddl ddu uti uws vus xwe jit","1/12":"uce lut flu wns glo iid iiw","1/151":"dat","9/151":"dav","177/302":"day","1/171":"udd udw","5/171":"udc udo","74/171":"udi","6/29":"dce","83/171":"udu","2/171":"udz","1/270":"ueb uen","7/270":"ued","2/135":"ueg","1/15":"lta ltl zon zor izb iza izi scr ske","163/270":"uel","13/135":"uet","1/30":"lts","1/5":"ltu ufu nbf eva nhi wha whe who ftb fth gde gdi gdo yno ynt hyu zow ava avo sco smi","11/45":"ufa","1/90":"ufe","3/8":"ddy xwa","1/24":"lub fho awu jil","49/90":"ufi","1/18":"luc nuj nun nut nus gro psi pts ptu sly","17/165":"deb","2/165":"dea deg","1/72":"lul luk lux","3/55":"dec dev ugo","1/165":"def dep dez","1/9":"lun lus uja uje ujo dla dli xaa xak pso psw pti hlo hlu ywi rde iye rpi rpr rts rty sca slu krd","4/9":"lum dlo ywa ywe sli kra","2/55":"del","7/55":"den","8/165":"dem","18/55":"uga","9/55":"der","1/55":"det ugw","19/55":"uge","1/33":"des rgi rgl rgy šhe rse rst","4/55":"ugi","1/11":"ugu mya myc nja nji njo wud hte hti rga","1003/1397":"lwa","719/2794":"lwe","67/2794":"lwi","13/17":"uhu","1/396":"uic uip","79/396":"uil","67/198":"uis","1/198":"uir","1/132":"uit rsh","89/396":"uiw","1/99":"uiz","149/15687":"dib","25/2241":"dia","11/2241":"did","1/5229":"dic div","1/40":"lyn","29/15687":"dif","25/5229":"die","25/15687":"dih","2/3":"ujw mko xot ymo zol awa bfa sra bye","1/249":"dig hai","8/581":"dij","2/1743":"dii","439/15687":"dil","1613/15687":"dik","1201/15687":"din","389/15687":"dim","66/317":"uka","800/15687":"dip","2/581":"dio","269/2241":"dir","26/317":"uke ukw","2104/15687":"dit","11/249":"dis","1/15687":"diu","20/317":"uki","27/317":"ukh","340/15687":"diw","4/5229":"diy","4/317":"uko","146/317":"uku","407/634":"ula","72/317":"ule","1/317":"ulg ull","5/634":"uli","25/634":"ulo","7/317":"ult","9/634":"ulu","10/317":"ulw","1/634":"uly","250/893":"uma","8/893":"umb","493/893":"ume","65/893":"umi","1/893":"umh umm uml umy","53/893":"umo","5/893":"ump","4/893":"umu","16/247":"una","11/494":"und","9/494":"unc","7/19":"une","45/247":"ung","1/494":"unj unk","3/247":"unn","3/494":"uno","30/247":"unt","1/247":"unu","2/247":"unw","12/247":"uny","1/360":"uoa uop","13/360":"uon","2/25":"dna oci ocr","23/25":"dne","265/436":"upa","85/872":"upe","1/109":"uph upt","151/872":"upi","1/872":"upl upp upy","63/872":"upo","1/32":"dod ouw hre hrd jul jut","1/64":"doc dop dot dow oum jud sok","11/436":"upu","5/64":"dol","13/64":"don","23/64":"dom","58/2649":"maa","4/2649":"mac maw","413/7947":"mab","131/7947":"mae","179/2649":"mad","265/7947":"mag","316/7947":"maf","586/7947":"mai","10/883":"mah","323/7947":"mak","43/7947":"maj","70/2649":"mam","262/2649":"mal","73/7947":"mao","901/7947":"man","61/2649":"map","64/883":"mas","137/2649":"mar","76/7947":"mau","827/7947":"mat","2/391":"urb uro","50/2649":"may","2/7947":"max","42/391":"ura","8/391":"urc","2/2649":"maz","27/391":"ure","11/391":"urg","174/391":"uri","4/391":"urn","28/123":"mbe","1/391":"urp urr urv","31/123":"mbi","5/123":"mbl","3/391":"urt","28/391":"urs","86/391":"uru","8/123":"mbo mbu","457/1226":"usa","97/1226":"use","69/613":"usi","7/1226":"ush","2/13":"mcc ezi azz","451/1226":"uso","5/57":"dra","3/1226":"uss","1/19":"dre eip yst","8/613":"usu","13/613":"ust","1/1226":"usw","17/57":"dri nwe","55/424":"uta","3/2120":"utc","19/530":"ute","197/2120":"uth uts","33/106":"utl","1/2120":"utt","97/2120":"utu","11/1060":"utw","1/424":"uty","9/6229":"mea mee mei","3/6229":"mec mew","50/6229":"meb","1/7":"uul uur dwe nfr nxa yum yur rbe rbi axi bns bnr bro","168/6229":"med","348/6229":"meg","24/6229":"mef","7/6229":"meh mem","352/6229":"mek","1093/6229":"mel","4/6229":"meo","388/6229":"men","12/6229":"mep","53/6229":"mes","165/6229":"mer","606/6229":"met","21/787":"dub","1/787":"dua dui","6/787":"dud","2/787":"duc dur","83/787":"due","5/787":"duh","15/787":"dug dun dut","87/787":"dul","9/787":"duk","297/787":"dum","7/16":"uwa uwe","11/787":"dup","95/787":"duo","20/787":"dus","3/787":"duw","21/68":"mha","31/68":"mhe","4/7":"dwa yun ius bcl","2/7":"dwi wom ggi ggo rba axh","5/34":"mhu","1/815":"mia mii mim mip","16/815":"mic","7/815":"mib","3/815":"mie","37/815":"mid","12/815":"mik","28/163":"mil","98/815":"min","231/815":"mis","22/163":"mit","23/815":"miw","5/12":"dys fla","5/6":"dza zwi","84/575":"mma","497/690":"mme","62/1725":"mmi","79/1150":"mmo","1/3450":"mmp","19/690":"mmu","1/1150":"mmy","45/13049":"moa","35/13049":"moc","1/13049":"mob","86/13049":"moe","208/13049":"mod","1098/13049":"mog","36/13049":"mof","49/13049":"moi","52/13049":"moh","427/13049":"mok","28/13049":"moj","18/13049":"mom","1099/13049":"mol","131/13049":"moo","1270/13049":"mon","147/13049":"mop","742/13049":"mos","1032/13049":"mor","7/13049":"mou mov","1668/13049":"mot","104/13049":"mow","6/13049":"moy","2/13049":"moz","1/34":"vai val var vas ece","11/122":"mpa","5/17":"van ext zam","47/488":"mpe","81/488":"mph","189/488":"mpi","7/34":"vat","1/488":"mpl mpy","14/61":"mpo bui","9/488":"mpu","2/285":"eaa nwi","1/285":"eac ead","73/285":"eab","2/95":"eag","4/285":"eai eas","1/95":"eak","14/285":"eam ear","13/285":"eal","59/285":"ean","3/95":"eap bla","1/57":"eau","7/57":"eat","7/1878":"ebb","481/1878":"eba","515/1878":"ebe","152/939":"ebi","521/1878":"ebo","13/14":"vdc gmt","4/939":"ebr","8/939":"ebs","19/1878":"ebu","1/939":"eby","1/85":"eca kaf","2/85":"ecc","3/170":"eci","69/170":"ech","11/170":"eco","1/170":"ecr ecw","9/34":"ecu","2/185":"vee","9/185":"vel","16/185":"ven","1/56":"mte mtl mtp","6/185":"vem","41/185":"ver","5/973":"eda","1/1946":"edd edl edm edo","12/37":"ves","3/1946":"ede","1/185":"vez","1795/1946":"edi","3/278":"edn","2/973":"edr edw","16/973":"edu","37/155":"mua eme","3/155":"muc mud muk mur","1/973":"edz","6/155":"mue","2/155":"mug mui","1/890":"eec eeb eew","7/445":"eed","9/155":"mul","2/445":"eeg eek","13/155":"mun","1/445":"eeh","1/155":"mup","27/155":"mus","112/445":"eem","3/31":"mut rmo","133/445":"eel","27/890":"een","1/89":"eep eer ncl nct ncu ncw","3/890":"ees","109/445":"eet","69/169":"efa","1/845":"eff efl","167/845":"efe","21/845":"efh","43/845":"efi efu","219/845":"efo","3/845":"efs","753/2344":"ega","45/293":"ege","413/2344":"egi","1/2344":"egl egn","94/293":"ego","18/73":"vid","3/2344":"egr","13/73":"vic","29/1172":"egw","4/73":"vil","2/73":"vik","12/73":"vin","4/169":"eha","8/73":"vis","15/169":"ehe","9/169":"ehi","139/169":"ehu","13/266":"eik","65/266":"eil","39/133":"ein","47/266":"eit","3/266":"eiy","37/59":"eja","15/59":"ejw","900/2863":"eka","468/2863":"eke","323/2863":"ekg","373/2863":"eki","20/2863":"ekh","706/2863":"eko","4/2863":"eku","68/2863":"ekw","659/1685":"ela","47/13480":"eld","1231/3370":"ele","1/6740":"elg","9/6740":"eli","2/1685":"ell","266/1685":"elo","3/13480":"elt","1/3370":"els","1/13480":"elu","118/1685":"elw","288/1705":"ema","1/1705":"emc emg emu","26/1705":"emb emm","35/341":"emi","762/1705":"emo","3/341":"emp","7/41":"voc","2/41":"voi","29/41":"vol","1/41":"vor","1/4554":"enb enf","218/2277":"ena","4/759":"end","2/2277":"enc","401/4554":"ene","603/1012":"eng","1/1518":"enj","4/2277":"eni","1/9108":"enl enm enq env enu","19/9108":"enk","13/1518":"enn","185/4554":"eno","83/1012":"ent","79/9108":"ens","17/3036":"enw","7/9108":"enz","265/4554":"eny","1/1018":"eoa eod eof eoi eom eos eou","3/509":"eob","3/1018":"eog","11/1018":"eok eol","7/509":"eon","13/1018":"eop","23/1018":"eor","14/509":"eot","9/11041":"nab nai","66/11041":"naa","2/11041":"nad nau","7/11041":"nac","3/11041":"naf","13/11041":"nae","12/11041":"nah","89/11041":"nag","50/483":"epa","330/11041":"nal","594/11041":"nak","841/11041":"nan","205/11041":"nam","169/483":"epe","23/11041":"nap","44/161":"eph","139/11041":"nao","11/11041":"nar","10/483":"epi","234/11041":"nat","1/966":"epk epw","16/11041":"nas","1/138":"epp","67/322":"epo","38/11041":"naw","20/11041":"nay","1/161":"ept","4/161":"epu","4/89":"nca","25/89":"nce","10/89":"nch","1/1810":"erb erf erg","36/89":"nci","237/1810":"era","1/905":"erd erl erp","1/362":"erc ery","767/1810":"ere","6/89":"nco","41/362":"eri","14/905":"ern","1/181":"erm erv","88/905":"ero","2/905":"err","3/89":"ncy","3/1810":"ert","33/905":"ers","61/905":"eru","65/211":"nda","23/905":"erw","1/211":"ndb ndf ndp ndy","42/211":"nde","23/211":"ndi","75/1024":"esa","1/1024":"esc esk","1/256":"esb esl","91/256":"ese","21/1024":"esd","4/211":"ndl","12/211":"ndo ndr","49/512":"esi","3/64":"esh oul","3/211":"nds","7/211":"ndu","5/32":"eso","5/512":"esp","17/1024":"ess","47/1024":"esu","19/1024":"est","27/1024":"esw","1/5169":"neb","7/5169":"nea","4/5169":"ned nek","1/10338":"nec neh","52/5169":"nee","5/1723":"neg","3/3446":"nei","26/1019":"eta","1/8152":"etd","217/5169":"nel","251/3446":"nen","151/2038":"ete","7/10338":"nep","69/4076":"eth","251/10338":"neo","13/10338":"ner","101/4076":"eti","62/1723":"net","122/1019":"etl","43/10338":"nes","1/4076":"etn etr","22/5169":"new","219/8152":"eto","2/1723":"ney","1/1019":"ett","1427/2038":"ets","23/8152":"etu","7/4076":"etw","23/91":"eub","3/91":"eug","5/14":"nfo wor bri","4/91":"eum","1/91":"eul eus eut nla nle","8/91":"eun","2/91":"eur","1/14615":"ngb ngd ngf ngn ngq ngô","156/14615":"nga","27/14615":"nge","4/14615":"ngg ngm","1/2923":"ngi ngl ngk","3/5":"eve xho xte hys zur sma btc","60/2923":"ngo","2/14615":"ngr","3/14615":"ngt","11/14615":"ngs","12/14615":"ngu","741/2923":"ngw","149/233":"ewa","46/233":"ewe","1/233":"ewl ewo ewt fru","31/233":"ews","3/359":"nib nij nis","5/359":"nia","8/359":"nic nig","6/359":"nie","38/359":"nil","2/359":"nik","16/359":"nin","12/359":"nio","19/359":"nit","4/359":"niv","1/359":"niw","8/11":"nje","1/130":"eyb eys","87/130":"eye","9/130":"eyo","107/397":"nka","73/397":"nke","6/397":"nkh","49/397":"nkg","39/397":"nki","60/397":"nko","41/397":"nku","18/397":"nkw","10/13":"ezu","89/91":"nli","22/23":"nme","15/4076":"etš","185/354":"nna","167/826":"nne","319/2478":"nng","11/177":"nni","13/413":"nno","1/2478":"nnu","1/413":"nnw","41/826":"nny","2/511":"nob","1/1022":"noa","5/511":"nod","19/2044":"nof","1/2044":"noe noi noo noz","23/1022":"nog","61/2044":"nol","31/511":"nok","65/292":"non","9/1022":"nom","9/2044":"nop nov","5/2044":"nor nou","69/2044":"not","99/2044":"nos","49/14337":"wab","103/14337":"wae","128/14337":"wad","169/4779":"wag","5/4779":"waf","5/1593":"wai","79/14337":"wak","26/14337":"wam","163/4779":"wal","41/4779":"wao","2870/14337":"wan","263/14337":"wap","23/14337":"was","43/1593":"war","119/14337":"wat","1/14337":"waw","7/14337":"way","1/4779":"waz","1/2436":"fab faf fak","11/4872":"faa","4/609":"fad","17/4872":"fac","1/4872":"fae fas","3/1624":"fag","1/1218":"fai","67/1218":"fal","31/4872":"fan","1/1624":"fam","3/406":"fap","5/4872":"fao","41/1218":"far","565/4872":"fat","1/122":"nsa","1/244":"nsc nsf nsm nsu nsw","127/244":"nse","3/122":"nsh","25/122":"nsi","1/61":"nsp","7/122":"nso","11/244":"nst","1/7970":"wea wei","49/1594":"web","10/797":"wee","124/3985":"wed","9/7970":"weg wes","23/7970":"wef","17/1001":"nta","2/3985":"wek","3/3985":"wem","11/182":"nte","741/7970":"wel","316/3985":"wen","71/4004":"nti","3/7970":"wep wew","20/1001":"nth","1/4004":"ntj ntm ntp ntz ntŝ","123/7970":"wer","21/3985":"weu","83/1594":"wet","36/143":"ntl","18/1001":"nto","327/572":"nts","2/1001":"ntr","9/4004":"ntu","5/308":"ntw","4/907":"feb","5/2721":"fea fes","17/907":"fed","1/2721":"fec feg","10/907":"fef","4/2721":"fee fep","2/2721":"fej fei fex","507/907":"fel","3/907":"fek","20/907":"fen","10/2721":"fem","42/907":"fer","583/2721":"fet","4/13":"ffa","6/13":"ffi","66/95":"nwa","3/70":"wii","13/70":"wil wis","1/105":"wir","7/24":"fhe","2/15":"wit zun ski","3/7":"nxo nxw gga ium axy","5/42":"wiw zil","169/331":"nya","717/2317":"nye","1/714":"fia","52/2317":"nyi","11/357":"fic","9/238":"fif","1/2317":"nym","47/714":"fie","1/357":"fig","341/2317":"nyo","5/51":"fil","5/714":"fik","2/2317":"nyu","18/2317":"nyw","1/119":"fir kak","127/357":"fit","33/238":"fis","2/21":"fiw ful bra","3/4004":"ntš","3/14":"woo rve bcp","3/241":"fod","32/723":"fof","4/723":"fog","18/241":"fol","332/723":"fok","7/723":"fon","1/241":"fom","1/723":"fop","100/723":"foo","40/723":"for","2/723":"fot fou","11/723":"fos","2/407":"oaa","1/37":"oab zeb zee ift","4/407":"oad","15/407":"oag","29/407":"oaf","3/407":"oai","1/407":"oak oas oay","45/407":"oam","21/407":"oal","30/407":"oan","34/407":"oap","4/37":"oar","17/407":"oat","137/398":"oba","379/1194":"obe","37/1194":"obi","175/597":"obo","1/398":"obs","3/398":"obu","4/25":"oca","1/38":"wsh ysm rni rnh rnw","38/233":"fra","31/75":"och","4/75":"ock","1/75":"ocm","11/233":"fre","2/75":"oco","127/233":"fri","13/75":"oct","56/233":"fro","1/624":"oda","1/1248":"odf odh odg odn","25/624":"ode","1033/1248":"odi","1/312":"odo","149/1248":"odu","5/11":"wuc rge","1/545":"oea oef oer","38/545":"oed","13/545":"oek","57/545":"oem","29/109":"oel","7/109":"oen","4/109":"oep","8/545":"oes","212/545":"oet","74/603":"ofa","2/201":"off","284/603":"ofe","1/603":"ofh","94/603":"ofi","10/49":"fuf","25/201":"ofo","2/603":"oft","1/49":"fuk","5/147":"fun","10/201":"ofu","3/49":"fur","17/49":"fut","1307/3662":"oga","303/1831":"oge","1/3662":"ogd","223/3662":"ogi","690/1831":"ogo","57/3662":"ogs","2/1831":"ogr","81/3662":"ogw","3/3662":"ogy","17/87":"oha","5/87":"ohe ohn","4/29":"ohi","1/87":"ohl oho rci rck rco rcu rcy","46/87":"ohu","2/503":"oic","15/503":"oid","11/503":"oif","1/503":"oii oir","65/503":"oik","4/503":"oim","14/503":"oil","19/503":"oin","75/503":"oip","9/503":"ois","160/503":"oit","3/503":"oiy","59/99":"oja","29/198":"oje","17/198":"ojo","17/99":"ojw","371/1639":"oka","16/149":"oke","321/3278":"okg","65/1639":"oki","28/1639":"okh","1283/3278":"oko","4/1639":"oku","184/1639":"okw","1451/7404":"ola","1/617":"old aoa aom","663/2468":"ole","1/3702":"olg","3/1234":"oli aob","19/7404":"oll","1/7404":"olk olv oly","1171/2468":"olo","1/2468":"ols","7/1851":"olu","353/7404":"olw","329/1979":"oma","28/1979":"omb","583/1979":"ome","2/1979":"omg","207/1979":"omi","1/1979":"omk","118/1979":"omm","396/1979":"omo","251/1979":"omp","5/1979":"omu","1/9913":"onb","1704/9913":"ona","45/9913":"ond","2/9913":"onc","3178/9913":"one","3095/9913":"ong","41/9913":"oni","178/9913":"onl","49/9913":"onk","332/9913":"onn","311/9913":"ono","435/9913":"ont","19/9913":"ons","3/9913":"onx","114/9913":"onw","187/9913":"ony","1/265":"oob","19/795":"ood","1/795":"oof oot","23/265":"ook","2/795":"oom","7/265":"ool","28/795":"oon","9/265":"oor","577/1924":"opa","2/9":"xam xau hle qui iyo sbe sla","409/1924":"ope","120/481":"oph","11/148":"opi","1/962":"opl opr","2/481":"opm","1/1924":"opp opt ops opy","283/1924":"opo","3/1924":"opu","23/11111":"gaa","242/11111":"gab","160/11111":"gae","154/11111":"gad","903/11111":"gag","27/11111":"gaf","119/11111":"gai","409/11111":"gak","6/11111":"gaj","144/11111":"gam","508/11111":"gal","407/11111":"gao","1717/11111":"gan","552/11111":"gap","72/11111":"gas","356/11111":"gar","66/11111":"gau","580/11111":"gat","2/11111":"gaw","1/5604":"orb orl orô","1043/5604":"ora","5/5604":"ord orn","1/11111":"gaz","1/1868":"orc ork","3323/5604":"ore","17/5604":"org","53/5604":"ori","1/467":"orm","1/1401":"orp","46/467":"oro","23/1401":"orr","31/5604":"ort","1/2802":"ors ory","56/1401":"oru","205/5604":"orw","669/2644":"osa","5/2644":"osc","187/1322":"ose","949/2644":"osi","36/661":"osh","1/2644":"osm osl","75/661":"oso","3/2644":"osp","1/661":"oss","93/2644":"osu","5/1322":"ost","33/1322":"osw","139/2078":"ota","1/6234":"otc","27/2078":"ote","241/2078":"oth","55/6234":"oti","717/2078":"otl","275/6234":"oto","1/1039":"ott","1223/3117":"ots","7/6234":"otu","28/3117":"otw","1/128":"ouc oub ouf","9/64":"ouk","1/1421":"gee ges gew","34/1421":"ged","6/1421":"geg","15/128":"oun","1/16":"oup ous ajo","7/64":"our","10/1421":"gem","7/32":"out ajw","95/203":"gel","17/1421":"geo","22/203":"gen","307/1421":"get","7/52":"ova","9/13":"ove","1/52":"ovi","163/336":"owa","85/336":"owe","5/48":"own","5/336":"ows","15/34":"gha","11/34":"ght","37/70":"oya","1/35":"oye gss ave avu","1/842":"gia sur suu","3/842":"gic sub sud suf sus","3/421":"gie sum","317/842":"gil","6/421":"gin","69/842":"gis","1/421":"giu","19/421":"giw","72/21725":"goa","1/21725":"goc goh","26/4345":"gob","4/4345":"goe","362/21725":"god","162/21725":"gog","28/21725":"gof","1/4345":"goi gou gow","152/21725":"gok","3/21725":"goj","424/21725":"gom","1253/21725":"gol","4/1975":"goo","283/4345":"gon","224/21725":"gop","511/21725":"gos","3349/21725":"gor","764/21725":"got","2/1975":"gov","23/21725":"goy","27/2486":"pab","65/2486":"paa","25/2486":"pad","1/2486":"pac pao pau","15/2486":"paf","3/2486":"pae pah","5/2486":"paj","2/1243":"pai","214/1243":"pal","41/2486":"pak","285/2486":"pan","73/2486":"pam","26/1243":"pap","48/1243":"par","197/2486":"pat","9/1243":"pas","12/1243":"pay","23/36":"gre","5/36":"gri","1/943":"peb pej pey","2/2829":"pea","66/943":"ped","4/2829":"pec","25/2829":"pee","39/943":"peg","8/943":"pei pes","351/943":"pel","5/2829":"pek","169/2829":"pen","5/943":"pep","22/2829":"peo","61/2829":"per","27/943":"pet","11/2829":"pew","2/31":"gua gue gul","1/31":"gub yil rmb rmi rms rmw rmy","4/31":"gum","15/31":"gun","5/31":"gus","817/1980":"pha","1/660":"phc","71/495":"phe","5/33":"phi pho","1421/5556":"gwa","2065/2778":"gwe","1/2778":"gwg gwi","1/1980":"phn","131/990":"phu","4/963":"pid pic","170/963":"pie","1/963":"pii pim pip piu","71/321":"pil","2/963":"pik","37/321":"pin","1/321":"pio","16/963":"pir","115/963":"pit","38/963":"pis","67/963":"piw","8/109":"pme","1/1696":"pob","1/848":"poa","237/1696":"pod","37/1696":"poe pok pos","17/1696":"pog","5/1696":"poi","361/1696":"pol","117/848":"pon","9/1696":"pom","31/1696":"pop","3/848":"poo","75/1696":"por","89/424":"pot","3/1696":"pou","47/6464":"yaa","7/1696":"pow","1/6464":"yac","5/3232":"yab yao","11/3232":"yad","9/6464":"yag","1/3232":"yaf yas yay","5/6464":"yak","7/10":"ppe","37/6464":"yam","187/6464":"yal","435/6464":"yan","1/808":"yap","15/6464":"yar","29/6464":"yat","118/1079":"hab","7/3237":"haa","16/3237":"had","2/3237":"hac","1/498":"haf","18/1079":"hae","5/6474":"hah haw","151/6474":"hag","7/6474":"haj","841/6474":"hal","140/3237":"hak","631/6474":"han","541/6474":"ham","173/6474":"hap","47/6474":"hao","317/6474":"har","685/3237":"hat","12/1079":"has","1/3237":"hau","11/6474":"hay","9/59":"pre","24/59":"pri","16/59":"pro","3/974":"yeb","1/974":"yee yei yer yeu","16/487":"yed","55/487":"yeg yen","2/487":"yem","41/487":"yel","1/487":"yes","147/974":"yet","22/719":"pub","2/719":"pua pup","10/719":"pud","4/719":"pue pun","29/3327":"heb","10/3327":"hea","60/719":"pui","158/719":"pul","49/3327":"hed","50/3327":"hef","25/3327":"hee","1/3327":"heh hew hey","82/719":"puo","382/3327":"heg","8/719":"pur","2/3327":"hei","12/719":"put","754/3327":"hel","55/1109":"hek","341/719":"pus","338/3327":"hen","56/3327":"hem","86/3327":"hep","17/3327":"heo","85/3327":"her","85/1109":"het","3/1109":"hes","1/62":"yii yik","3/62":"yin","42/43":"pye","12/181":"hib","6/1267":"hia","22/1267":"hid","2/1267":"hic hii","11/1267":"hie","1/1267":"hih","4/1267":"hig","89/1267":"hil","45/1267":"hik","64/1267":"hin","10/181":"him","54/1267":"hip","3/1267":"hio","232/1267":"hir","110/1267":"hit","73/1267":"his","111/1267":"hiv","57/1267":"hiw","5/9":"hla","1/1531":"yoa yob yow","6/1531":"yok","2/1531":"yom","14/1531":"yol","100/1531":"yoo","363/1531":"yon","25/1531":"yor","5/1531":"you","26/1531":"yot","218/4889":"hob","28/4889":"hoa","36/4889":"hod","61/4889":"hof","12/4889":"hoe","169/4889":"hog","5/4889":"hoj","8/4889":"hoi","607/4889":"hol","972/4889":"hok","127/4889":"hon","240/4889":"hom","387/4889":"hop","19/4889":"hoo","40/4889":"hor","302/4889":"hot","81/4889":"hos","22/4889":"hou","7/4889":"how","2/4889":"hoy","3/16":"hri","87/2381":"hub","17/2381":"hua","69/2381":"hud","1/2381":"huf hug huw","3/2381":"hue huu","12/2381":"huh","6/2381":"huj","2/2381":"hui","138/2381":"hul","58/2381":"huk","49/2381":"hun","169/2381":"hum","152/2381":"hup","68/2381":"huo","78/2381":"hur","753/2381":"hut","687/2381":"hus","383/492":"hwa","301/1476":"hwe","25/1476":"hwi","1/1476":"hwo","1/409":"iaa iae iag iah","12/409":"iab","19/409":"iak","79/409":"iam","51/409":"ial","42/409":"ian","30/409":"iap","2/409":"ias","9/409":"iar","69/409":"iat","115/468":"iba","17/78":"ibe","19/234":"ibi","1/468":"ibl ibr","9/52":"ibo","5/18":"ibu","24/179":"ica","1/179":"icc ici","22/179":"ice","14/179":"ich","19/179":"ick","4/179":"ico","6/179":"icu","8/179":"ict","6/37":"zel","10/37":"zen","9/37":"zer zez","106/531":"ida","5/531":"ide","1/531":"idg idw idz","335/531":"idi","37/531":"ids","5/177":"idu","7/9":"que sbu","2/423":"iec","8/423":"ied","35/423":"ieg","1/141":"ief iep","1/423":"iek ieu","7/141":"iem","80/423":"iel","56/141":"ien","14/423":"ies","4/423":"ier","11/141":"iet","47/111":"ifa","20/111":"ife","31/111":"ifi","10/111":"ifo","20/113":"iga","1/226":"igb","3/113":"igi","15/226":"igh","59/113":"igo","5/226":"igw aeg","8/21":"zim rta","23/28":"ihu","1/96":"iig iit jus","3/32":"iii","19/96":"iil","1/48":"iip aji aju","23/96":"iis","6/49":"ija","8/245":"ije","4/245":"iji","158/245":"ijo","9/49":"ijw","631/2760":"ika","11/138":"ike","157/460":"ikg","179/2760":"iki","33/920":"ikh","43/230":"iko","25/552":"iku","47/2760":"ikw","2/3369":"ilb ilf ilt ils ilv","103/3369":"ila","4/3369":"ild","2461/3369":"ile","17/3369":"ili","34/1123":"ill","99/1123":"ilo","1/3369":"ilu","111/1123":"ilw","29/3369":"ily","253/1246":"ima","10/623":"imb","107/1246":"ime","16/623":"imi","1/1246":"imk","3/1246":"imm","799/1246":"imo","13/623":"imp","5/1246":"imu","1/2416":"inb inl inv inu sic siu siv","555/2416":"ina","5/1208":"ind","11/2416":"inc","3/2416":"inf","129/1208":"ine","987/2416":"ing","13/1208":"ini","23/2416":"ink","25/2416":"inn","161/2416":"ino","33/302":"int","13/2416":"ins","5/2416":"inw sif sip","57/2416":"iny","2/237":"ioa","22/237":"iof","1/237":"iok","4/237":"iol","169/237":"ion","11/237":"iop","8/237":"ior","1/79":"iou aci acr ssp ssy","5/237":"iot","293/4407":"rab","70/4407":"raa","22/1469":"rad","2/4407":"rac raj rao","82/1469":"raf","5/4407":"rae","8/4407":"rah","268/1469":"rag","23/4407":"rai","277/1441":"ipa","86/4407":"ral","106/4407":"rak","257/4407":"ran","48/1469":"ram","280/1441":"ipe","289/1441":"iph","100/4407":"rap","66/1469":"rar","129/1441":"ipi","1/1441":"ipl ipt ips","508/4407":"rat","32/4407":"ras","1/4407":"rax raw raz","344/1441":"ipo","149/4407":"ray","10/131":"ipu","1/500":"aaa aam","1/625":"aac","16/625":"aab","1/2500":"aae aao aaz","3/625":"aad","33/500":"aag","17/1250":"aaf","7/2500":"aai","359/1250":"aak","1/1250":"aaj aas","3/1250":"aal","621/2500":"aan","2/625":"aap","67/2500":"aar","2/29":"rce","11/1250":"aat","22/29":"rch","918/3125":"ira","1/3125":"ird irc irg irl irr iry","3/29":"rcl","592/3125":"ire","163/625":"iri","431/1299":"aba","1/2598":"abc aby","223/866":"abe","1/866":"abg abj","578/3125":"iro","80/1299":"abi","2/1299":"abl","6/3125":"irs","1/125":"iru","5/27":"rda","156/3125":"irw","821/2598":"abo","1/27":"rdc iyi","1/1299":"abr","26/1299":"abu","4/27":"rdi","1206/3187":"isa","8/1299":"abw","4/3187":"isc","468/3187":"ise","2/27":"rdl","8/79":"aca act","852/3187":"isi","34/3187":"ish","3/3187":"isk isu","5/79":"acc sso","1/3187":"ism isl","17/79":"ace","347/3187":"iso","8/3187":"isp","12/79":"ach","37/3187":"iss","18/79":"ack","2/3187":"isr","141/3187":"ist","2/79":"aco sse ssm","9/3187":"isw","38/11037":"reb","1/849":"rea","4/15":"zul sch","15/3679":"red","1/11037":"rec","10/11037":"ref","82/11037":"ree","4/11037":"reh rei","38/3679":"reg","7/11037":"rej","155/5574":"ita","490/11037":"rel","1/5574":"itc itj itr","550/11037":"rek","296/11037":"ren","44/11037":"rem","179/2787":"ite","32/11037":"rep","601/5574":"ith","1/3679":"reo rev","1/1812":"adb ada adr adz","10/849":"rer","665/5574":"iti","1/604":"add adc","233/11037":"ret","553/2787":"itl","59/11037":"res","7/1812":"ade","1/906":"adh","2/3679":"rew","29/1858":"ito","23/11037":"rey","547/604":"adi","1/2787":"itt","386/929":"its","209/5574":"itu","5/604":"ado sid","4/2787":"itw","29/2787":"ity","121/1812":"adu","1/1130":"aea aee aeo aep","17/1130":"aeb","7/565":"aed","32/565":"aem","214/565":"ael","9/226":"aen","23/1130":"aes","13/565":"aer","59/565":"aet","1/565":"aev","7/193":"iva","114/193":"ive","2/33":"rgr šhw","14/193":"ivi","126/361":"afa","2/1083":"afc afh","2/361":"aff","446/1083":"afe","2/193":"ivo","64/1083":"afi","50/361":"afo","17/1083":"afr","6/361":"afu","337/406":"iwa","69/406":"iwe","1571/3832":"aga","47/958":"age","1/1916":"agd agh","1/3832":"agg agu","173/3832":"agi","485/1916":"ago","1/958":"agn","101/1906":"rib","55/1906":"ria","109/1906":"rid","3/1916":"agr","22/953":"ric","19/1906":"rif","2/953":"rie","453/1916":"agw","13/953":"rig","373/1906":"ril","61/953":"rik","21/953":"rin","69/1906":"rim","7/1906":"rip","1/1906":"rio riu riz","4/953":"rir","16/39":"aha","123/1906":"rit","227/953":"ris","5/1906":"riv riw","11/156":"ahe","5/52":"ahi","1/78":"ahl ahm","1/39":"aho","17/27":"iya","1/1198":"aia aif aih aiv","5/1198":"aic aib aii","16/599":"aid","3/1198":"aig aim","213/1198":"aik","2/599":"aij","133/1198":"ail","65/1198":"ain","4/599":"aip","229/1198":"ais","3/599":"air","158/599":"ait","10/599":"aiw","15/32":"aja","1/29":"rla rld rlo","14/29":"rle","11/29":"rli","1745/3566":"aka","235/3566":"ake","210/1783":"akg","32/1783":"aki","37/3566":"akh","453/1783":"ako","1/3566":"akn","8/31":"rma","3/3566":"akr","7/1783":"aku","6/31":"rme","70/1783":"akw","2147/6512":"ala","1/1628":"ald","1/3256":"alc alk alt","3/6512":"alf alm","1627/6512":"ale","3/3256":"ali","19/6512":"all","1/6512":"aln","2/19":"rna rns","2291/6512":"alo","3/38":"rne","5/6512":"alu","317/6512":"alw","11/19":"rnm","1007/3016":"ama","27/3016":"amb","893/3016":"ame","175/3016":"ami","1/3016":"amk aml","3/116":"amm","69/377":"amo","80/1319":"rob","5/2638":"roa rou","33/1508":"amp","11/3016":"ams","11/2638":"rod","1/2638":"roc roe","7/2638":"rof","1/116":"amu","157/2638":"rog","10/1319":"roj","287/2638":"rol","93/2638":"rok","217/1319":"ron","145/2638":"rom","59/2638":"rop","3/2638":"roo roy","8/1319":"ror","4880/14459":"ana","4/761":"and","255/2638":"rot","50/14459":"anc","21/2638":"ros","3/14459":"anf","2111/14459":"ane","33/2638":"row","3820/14459":"ang","2/14459":"anj anx","68/14459":"ani","1/14459":"anl anq anv","147/14459":"ank","386/14459":"ann","802/14459":"ano","756/14459":"ant","122/14459":"ans","10/14459":"anu","34/14459":"anw","13/14459":"anz","59/761":"any","11/18":"rps","29/1234":"aod","35/617":"aog","1/1234":"aof aoi aoo aow aoy","17/1234":"aok","179/617":"aol","71/1234":"aon","23/617":"aop","2/617":"aos","5/1234":"aor","77/1234":"aot","3/1336":"jab jas","545/1336":"jaa","1/2672":"jad jai jat","5/2672":"jac","1/668":"jah jaz","1/1336":"jag jaj","463/2127":"apa","413/1336":"jal","1/334":"jak","111/668":"jan","9/2672":"jam","841/2127":"ape","3/2672":"jap","128/2127":"aph","13/2672":"jar","220/2127":"api","1/2127":"apk","10/11":"šha","105/716":"rra","101/709":"apo","3/709":"apr","2/2127":"apt","589/716":"rre","1/709":"aps","70/2127":"apu","5/358":"rri","83/2127":"apy","7/716":"rro","1/716":"rrr rru","1/358":"rry","1/44":"rsb rso","1/66":"rsa rsk","7/44":"rsd","5/132":"rsi","1023/3134":"ara","8/1567":"ard","69/3134":"arc","845/3134":"are","3/3134":"arg ark arv","49/1567":"ari","25/3134":"arl","4/1567":"arm","11/3134":"arp","313/1567":"aro","7/1567":"arr","4/63":"rte rti rth","12/1567":"art","1/1567":"ars","121/1567":"aru","37/1567":"arw","11/1567":"ary","1/63":"rtm rtp rtu rtw rtz","196/1495":"asa","1/115":"asc ass","2/1495":"asb ask","558/1495":"ase","294/1495":"asi","49/1495":"ash","1/1495":"asl asn asp","49/299":"aso","8/1033":"rub rue","34/1033":"rua","6/1033":"rud","5/1033":"ruc ruf rug","12/1495":"asu ast","72/1495":"asw","1/1033":"ruj ruu","88/1033":"rui","63/1033":"rul","4/277":"jec jeg","100/1033":"ruk","1/277":"jef","11/1033":"run","27/1033":"rum","29/1033":"rup","105/1033":"ruo","140/1033":"rur","46/273":"ata","313/1033":"rut","53/277":"jel","3/277":"jek","22/1033":"rus","1/7644":"atf","11/277":"jen","44/637":"ate","202/1911":"ath","17/7644":"atj","9/277":"jer","281/7644":"ati","5/277":"jet","85/364":"atl","57/277":"jes","1/1274":"atm att","61/277":"jew","409/7644":"ato","3/2548":"atr","2411/7644":"ats","1/273":"atu","59/7644":"atw","2/367":"aub","7/367":"aud","10/367":"aug aup","49/367":"auf","6/367":"auk","9/367":"aul","57/367":"aun","446/543":"rwa","17/367":"aus","1/367":"aur aux","146/367":"aut","32/181":"rwe","3/367":"auw","1/543":"rwu","19/35":"avi","1/60":"awi","1/120":"awn","13/24":"jim","735/968":"aya","21/968":"aye","1/484":"ayi joa joe joj joi jol jom","1/121":"ayo","2/121":"ays","1/26":"aza azd","7/26":"aze","9/26":"azi","3/484":"job","5/242":"joh","5/484":"jok","47/484":"jon","31/484":"joo","7/484":"jor","21/484":"jot","4/121":"jos","3/1297":"saa","19/5188":"sab","5/10376":"sae","539/10376":"sad","13/5188":"sag","7/5188":"saf","17/10376":"sai","25/5188":"sak","3/5188":"saj","197/5188":"sam","181/5188":"sal","1/10376":"sao","977/10376":"san","5/1297":"sap","5/5188":"sas","15/5188":"sar","1/2594":"sau","297/10376":"sat","287/10376":"say","245/16888":"bab","29/4222":"baa","87/8444":"bad","5/8444":"bac","1/2111":"baf baz","93/16888":"bae","19/16888":"bah","251/16888":"bag","9/16888":"baj","137/16888":"bai","529/16888":"bal","415/16888":"bak","1881/16888":"ban","55/16888":"bam","65/8444":"bap","27/4222":"bao","333/16888":"bar","1/45":"sce sci scu","1753/16888":"bat","119/8444":"bas","1/4222":"bau","43/16888":"bay","7/8":"bbi","153/18151":"sea","101/18151":"sec","316/18151":"seb","327/18151":"see","155/18151":"sed","447/18151":"seg","7/2593":"sef","18/18151":"sei","29/18151":"seh","849/18151":"sek","34/18151":"sej","73/18151":"sem","950/18151":"sel","284/18151":"seo","334/2593":"sen","421/18151":"sep","120/18151":"ses","255/18151":"ser","4/18151":"seu","1633/18151":"set","54/18151":"sew","9/25":"bdf","64/18151":"sey","3/18151":"sex","1/18151":"sez","16/25":"bdp","5/2316":"beb","11/2316":"bea","85/579":"bed","1/386":"bec","1/1158":"bef","175/192":"jun","10/579":"bee","21/193":"beg","11/772":"bei","152/579":"bel","71/2316":"bek","45/772":"ben","1/2316":"bem bez","1/772":"bep","3/772":"beo","49/772":"ber","187/2316":"bet","3/386":"bes","5/772":"bew","13/2316":"bey","277/1247":"sha","727/2494":"she","1/2494":"shh","1/4988":"shg","859/877":"jwa","347/4988":"shi","3/4988":"shn","18/877":"jwe","153/1247":"sho","5/172":"shu","1309/4988":"shw","25/1208":"sia","69/4832":"sib","55/4832":"sie","27/1208":"sig","11/4832":"sii","45/2416":"sik","5/4832":"sij siy","565/4832":"sim","109/4832":"sil","19/4832":"sio","137/4832":"sin","169/4832":"sis","131/4832":"sir","435/4832":"sit","197/2416":"siw","1/4832":"siz","8/1139":"bib bir","11/1139":"bia bip","156/1139":"bid","9/1139":"bif","7/1139":"bie","1/1139":"bih bio biq","3/1139":"big bik biu","534/1139":"bil","46/1139":"bin","72/1139":"bit","103/1139":"bis","23/1139":"biw","9/95":"ble","22/95":"bli","59/95":"blo","3/896":"soa","1/512":"soc","9/3584":"sob","3/3584":"soe","3/1792":"sod","85/1792":"sog","3/512":"sof","1/3584":"soi sov","85/896":"som","73/896":"sol","17/3584":"soo","93/512":"son","19/3584":"sop","11/896":"sos","5/3584":"sor","1/448":"sou","17/256":"sot","1/1792":"sow soy","5/7":"bnf","3/28":"spe","5/84":"spi","239/10535":"bob","3/245":"boa","111/10535":"bod","3/10535":"boc","104/10535":"bof","1/84":"spu","181/10535":"boe","17/10535":"boh","676/10535":"bog","101/10535":"boj","58/2107":"boi","212/2107":"bol","60/2107":"bok","541/2107":"bon","31/2107":"bom","3/215":"bop","10/2107":"boo","633/10535":"bor","1388/10535":"bot","318/10535":"bos","19/10535":"bou boy","1/10535":"box","4/4165":"kaa","2/2107":"bow","2/357":"kab","328/12495":"kae","1/735":"kad","107/12495":"kag","36/4165":"kai","1/12495":"kah kaâ","1/2499":"kaj","31/2499":"kam","251/12495":"kal","6/4165":"kao","72/833":"kan","19/2499":"kap","104/12495":"kas","307/12495":"kar","9/4165":"kau","43/2499":"kat","4/2499":"kaw","1/1785":"kav","1/595":"kay","2/12495":"kaz","4/79":"ssa","14/79":"ssi","28/79":"ssu","30/281":"sta","2/281":"std","26/281":"ste","3/281":"sth","18/281":"sti","1/281":"stm sts stw","48/281":"sto","104/281":"str","6/281":"stu","4/421":"sua","3/23":"bso","16/421":"sue suk","11/842":"sug","21/5734":"kea","16/23":"bsw","15/5734":"keb kee","27/2867":"ked","39/842":"sul","20/2867":"keg","3/5734":"kef kek","7/842":"sun","14/2867":"kei","325/421":"sup","1/5734":"kej kew","40/2867":"kem","19/842":"sut","383/5734":"kel","9/5734":"keo","2/47":"ken","15/2867":"kep","5/2867":"kes","203/5734":"ker","301/5734":"ket","3/2867":"key","360/1037":"bua","15/1037":"bud","1/1037":"buc","46/1037":"bue buk","7/1037":"bug bun","80/1037":"bul","1803/3188":"swa","10/1037":"buo","1/3188":"swc","36/1037":"bur","120/1037":"but","663/1594":"swe","52/1037":"bus","29/1594":"swi","1975/5194":"kga","5/1037":"buw","131/5194":"kge","1/5194":"kgd","3/5194":"kgi","1171/2597":"kgo","16/17":"tšh","737/5194":"kgw","108/241":"kha","7/482":"khe","1/482":"khg","12/241":"khi","17/241":"kho","165/482":"khu","35/482":"khw","1/954":"kia kio kiy","2/477":"kib kie kid","1/477":"kik","5/954":"kim","38/159":"kil","43/954":"kin","101/477":"kis","31/954":"kir","44/477":"kit","5/318":"kiw","38/4635":"koa","3/103":"kob","1/4635":"koe","43/4635":"kod","2/4635":"kog koi koy","2/927":"kof","193/4635":"kok","5/927":"koj","62/927":"kom","919/4635":"kol","41/1545":"koo","67/1545":"kon","574/4635":"kop","1/515":"kos","41/4635":"kor","203/4635":"kot","1/927":"kow","129/2735":"tab","7/2735":"taa","6/2735":"tad tai","1/2735":"tac tav tax","32/2735":"taf tak","19/2735":"tae","2/2735":"tah","49/2735":"tag","87/2735":"tal","134/2735":"tan","62/2735":"tam","22/2735":"tap","9/2735":"tao","94/2735":"tar","61/2735":"tat","21/2735":"tas","153/2735":"tau","3/2735":"taw","27/2735":"tay","2/137":"caa","1/137":"cab caf cam cau cav","10/137":"cad","3/137":"cai","11/137":"cal","14/137":"can","4/137":"cap","50/137":"cas","15/137":"car","8/137":"cat"}}