{"language":"PERSIAN","ngrams":{"63449/606861":"پی","1/5":"ﭼﯿ ﻈا ګف ګی ﺳﺎ ﻈﺮ ﻈﻮ ﻐﻠ ﻗﺎ","1/1":"ﮭد ڌا ﺜﻨ ہگ ﻜﺮ ﺬا ٶل","1/2":"ﻇر ﺨﺎ ﮬﯾ ﺿﺮ ﺆا ﻇﺮ ﮬا","1/60":"ﺗﯾ ﺗﺒ ﺗﺠ ﺗﻴ ﺗﻲ ﺗﻨ ﺗﻧ ﺗﻦ ﺗﻤ ﺗﻠ ﺗر","1/20":"ﺗﯽ ﺍﺭ ﭘز ﭘه ﻗﺪ ﻗﻊ ﻗﺼ ﻗﻮ ﻧﺘ ﻧﻔ ﻧﻮ ﻧﻬ ﭘﺴ ﭘﺲ ﭘﺮ","1/331529":"چؤ چث چظ چژ","38/331529":"چئ","27780/331529":"چا","56/331529":"چب","15/331529":"چة چذ","315/331529":"چت","7/331529":"چج","41/331529":"چخ","1/227":"ﺁﻗ ﺁﻧ ﺁﻥ ﺁش ﺁر ﺁد ﺁذ ﺁخ ﺁت ﺁب ﺁپ ﺁﯾ","90/331529":"چد","20356/331529":"چر","109/331529":"چز","3559/331529":"چس","758/30139":"چش","6/331529":"چص","1626/331529":"چط","8/331529":"چع چە","194/331529":"چغ","3/34":"ﺘﯿ ﺘﺎ ﺘﺮ ﺘﮕ","177/331529":"چف","1726/331529":"چق","1966/331529":"چك","834/331529":"چل","2215/331529":"چم","90496/331529":"چن","78387/331529":"چه","1909/30139":"چو","13/30139":"چى","19548/331529":"چي","2737/331529":"چپ","8/30139":"چچ","1/17":"ﻋل ﯾﻂ ﺘﺨ ﺘﻐ ﺰﯼ ﻟم ﺘﻘ ﺯﺍ ﺰﺍ ﺰﺑ ﻋﯽ ﻋﻼ ﻩﯼ ﻟﺘ ﻟﺐ ﻟﺠ ﻟﻲ ﻟﻤ ﻟﻢ ﺰد ﺯی ﺰی","1/4":"ﺆﺍ ﻼف ﺻﺎ ﺻﺪ ﺻﻨ ﺆس ﻄﺮ ﻏﺎ ﻏﺮ ﻏﻮ ﻏﻦ ﻗﺒ ﭘﯿ ٱآ ٱت ٱس ٱگ","5323/331529":"چک","8182/331529":"چگ","2/331529":"چھ","9/331529":"چۀ","10852/331529":"چی","1/3042991":"هﺍ هأ هغ","2/5222433":"یﺍ یﮔ","1/9":"ﺠﯽ ﺸﮑ ﺠﻬ ﺠﻢ ﮔﺎ ﮔﻴ ﺸﺪ ﺸﺨ ﺸﻮ ﺸﻚ ﻓﯿ ﻔﺎ ﻓﻨ ﻫﯽ ﻔﻆ ﻔﻮ","1/5546588":"وﺋ وﺌ وﺳ وٱ وﯾ","2/1386647":"وﺍ","1/31":"ﺣﮑ ﺣﯿ ﺣﺘ ﺣﻠ ﺣﻔ","2/177337":"ىﺁ ىح ىز ىع","1/19":"ﺌﺖ ﺌﺕ ﺌﻠ ﺌﻞ ﺌﻴ ﺌﻮ ﺒﺐ ﺒﺖ ﺒﻮ ﺒﻪ ﺒﻘ ﮐﺮ ﮐﺴ ﮐﻮ ﮐﻠ ﻲآ ﻲش ﻲگ ﻲک ﺌت ﺌن ﺌل ﺌق ﻌﺪ ﻌﺗ ﻌﺮ ﻌﻘ ﺌﯿ ﺒﮑ ﺒﮏ","1/1386647":"وﻟ وھ وﮊ","1/6":"ﺋﺮ ﺏﻫ ﺨﺖ ﺸﺎ ﺸﺮ ﺿﻌ ﺿﻄ ﺿﻮ ﺋت ﺋم ﺋد","3/5546588":"وﻧ","1/3":"ﺋﻪ ﺨﯿ ﺛﻘ ﻀﻴ ﻄﻘ","1/238":"ﺎﺋ ﺎﺩ ﺎﺏ ﺎﻇ ﺎﻃ ﺎﺿ ﺎﺱ ﺎﻡ ﺎﻕ ﺎﻯ ﺎو ﺎع","3/140":"ﺍﺩ ﺍﻥ ﺍج ﺍت ﺍﯾ","1/140":"ﺍﺣ ﺍﺙ ﺍﺏ ﺍﻋ ﺍﻝ ﺍﻛ ﺍﻑ ﺍث ﺍئ ﺍع ﺍش ﺍح ﺍخ","1/70":"ﺍﺛ ﺍﺷ ﺍﻣ ﺍﻓ ﺍﻳ ﺍب ﺍو ﺍم ﺍد","9/2773294":"وﻻ","1/34":"ﺎﺭ ﺎﻟ ﺘﺜ ﺘﻲ ﺘﻨ ﺘﻼ ﺘﮏ","5/19":"ﺌﻪ ﺒﺎ","1/11":"ﺤﯿ أت ﺤﺎ ﺤﺴ ﺤﻞ ﮑﺎ ﮑﺮ ﮑﻨ ﮑﻦ ﮑﻢ ﮑﻠ ﻃﯽ ﺴﺖ ﻃﺒ ﻃﺶ ﻃﻤ ﻭﺯ","1/119":"ﺎﺧ ﺎﺟ ﺎﺷ ﺎﻩ ﺎﻛ ﺎب ﺎي ﺎل","1/38":"ﮐﭙ ﮐﺖ ﮐﺒ ﮐﺸ ﮐﺰ ﮐﻤ","2/119":"ﺎﺗ ﺎﻥ ﺎﻝ ﺎد","5/238":"ﺎﺕ ﺎﻋ ﺎت ﺎﯾ ﺎﯼ","3/70":"ﺍﺳ","5/119":"ﺎﺑ","9/140":"ﺍﺯ","1/28":"ﺍﻧ ﺑﺰ","1/4145732":"يﻼ يؤ","3/238":"ﺎﺳ ﺎﺯ ﺎﻳ ﺎم","3/119":"ﺎﻫ ﺎﻣ ﺎﻻ","13/56":"ﺑﺎ ﺑﻪ","19/238":"ﺎﻧ","1/7":"ﺑﺮ ﭙر ﭙو ﺼﺮ ﺼﺤ ﺼﻤ ﻛﺮ ﻛﻪ ﻨﺎ ﭙﺮ ﭙﻠ","1/40":"ﯽﺗ ﯽﺁ ﯽﻫ ﯽﯾ","1/56":"ﺑﺪ ﺑﺖ ﺑﻄ ﺑﺸ ﺑﻬ ﺑﻨ","3/32":"ﺧﯿ ﺩﻭ ﺩی","1/41":"ﺪﮔ ﻮن ﺪﻥ ﻮی ﺪﻫ ﺪو ﺪم ﺪت ﻮﻧ ﻮﻳ","2/19":"ﺒﺮ ﮐﻨ ﻌﯽ ﻌﺖ","2/51":"ﯾﺖ ﯾﺰ ﯾﺮ ﯾﺠ ﯾﮏ ﯾﯽ","1/23":"ﻘر ﻘل ﻬا ﻘﯽ ﻘﺪ ﻘﺺ ﻬﺪ ﻬﺖ ﻬﺒ ﻬﻤ ﻬﻢ ﻬﻴ","4/17":"ﯾﺎ ﺯﺩ ﻩﻫ","1/51":"ﯾﺌ ﯾﺳ ﯾﺲ ﯾﺪ ﯾﻖ ﯾﻮ ﯾﻣ ﯾﻢ ﯾر ﯾد","1/112":"ﺑﺴ ﺑﺳ ﺑﻤ ﺑﻠ ﺑﻖ ﺑﻲ ﺑت ﺑه ﺑز ﺑﭙ ﺑﮭ ﺑﯾ ﺑﯽ","3/56":"ﺑﻮ","2/67":"ﯿﺖ ﯿﺺ ﯿﺪ ﯿﻞ ﯿﻢ ﯿﮏ","1/67":"ﯿﺐ ﯿﺴ ﯿﺢ ﯿﻼ ﯿﻮ ﯿد ﯿئ ﯿﭽ ﯿﮕ ﯿﮑ","4/67":"ﯿﺎ ﯿﯿ","3/67":"ﯿﺸ ﯿﻪ ﯿﻨ","1/100643":"ژء ژع ژڤ","30/100643":"ژآ ژة","1/82":"ﺪﯾ ﻮل ﻮع ﻮذ ﺪﻳ ﻮﮔ ﻮﮎ ﻮﯾ ﺪه ﺪف ﻮﺧ ﻮﺟ ﺪی ﻮﻁ ﻮﻫ ﻮﻣ ﻮﻝ ﻮﻗ ﻮﻑ ﻮﻏ","325/100643":"ژئ","29360/100643":"ژا","35/100643":"ژب","11/67":"ﯿﺮ","40/100643":"ژت","4/19":"ﺒﻞ ﮐﻪ ﻌﯿ ﻌﻪ","3/100643":"ژج","34/100643":"ژخ","390/100643":"ژد","3/47":"ﺭﮔ ﺭﯼ ﺭی","495/100643":"ژر","2/100643":"ژز ژژ ژە","135/100643":"ژس","10/100643":"ژش","6/100643":"ژف","31/100643":"ژك","60/100643":"ژل","398/100643":"ژم","3694/100643":"ژن","25685/100643":"ژه","9121/100643":"ژو","556/100643":"ژى","12297/100643":"ژي","4/51":"ﯾﻨ","8/51":"ﯾﻦ","1/127":"ﺮﮐ ﺮﺟ ﺮﺛ ﺮﻛ ﺮح ﺮت ﺮف ﺮس","2/15":"ﺗﺎ ﺗﻮ ﻳﺐ ﻳﺮ ﻳﺠ ﻳﺴ","10/67":"ﯿﻦ","6/67":"ﯿﻤ","1/12":"ﺗﺶ ﺟﻬ ﺟﻪ ﻄﯽ ﻄﺢ ﻄﺎ ﻄﻰ ﻄﻨ ﻫﯿ ﻫﻲ","1/30":"ﺗﺴ ﺗﺤ ﺗﻐ ﺗﺸ","24/100643":"ژپ","1/15":"ﺗﺮ ﺗﺪ ﺗﻌ ﺗﺼ ﻳﭙ ﻳﺎ ﻳﺞ ﻳﺘ ﻳﻨ ﻳﻦ ﻳﻚ","1/47":"ﺭﯾ ﺭﺗ ﺭﺕ ﺭﺑ ﺭﺵ ﺭﺳ ﺭﻫ ﺭﻩ ﺭﻱ ﺭا ﺭئ ﺭم ﺭگ","2/5":"ﭼﻬ ﭼﻨ ګر ﻐﯿ ﻈﺎ ﻐﺎ","2/27":"ﮔﯿ ﮔﺰ ﮔﻲ ﻓﺎ ﻓﺰ ﻓﺖ ﻓﻌ ﻓﻀ ﻓﻪ","11/127":"ﺮﯾ","6/127":"ﺮﯼ","4/5297":"ژک","1/8":"ﮕﯿ ﺟﺮ ﺟﻤ ﺧﺘ ﺩﺍ ﮕﺮ ﮕﻴ ﻼش ﻼد ﺻﻮ ﺻﻧ ﻴﺰ","1/16":"ﮕﯽ ﺧﺒ ﺧﺎ ﺧﻄ ﺧﺸ ﺧﺮ ﺩﻩ ﻴﮕ ﺧو ﮕا ﻴﺪ ﻴﻪ ﻴﻦ","3278/100643":"ژگ","2/65":"ﺳﭙ ﺳﯽ ﺳﺒ ﺳﻂ ﺳﻔ ﺳﻴ","49/100643":"ژۀ","12051/100643":"ژی","2/3":"ﺛﺒ ﻀﺎ ۆژ","7/34":"ﺘﻪ","2/17":"ﺘﻤ ﺰﺭ ﺰﻭ ﺯﻳ ﻋﺖ ﻋﺎ ﻋﻠ ﻟﺖ ﻟﻮ ﺰا ﺰر","1/39":"ﺷﮕ ﺷﮑ ﺷﺒ ﺷﺎ ﺷﻐ ﺷﻮ ﺷﻨ ﺷﻦ ﺷﻤ ﺷﻠ ﺷت","2/39":"ﺷﮏ ﺷﯿ","1/65":"ﺳﯿ ﺳﯾ ﺳﺑ ﺳﺗ ﺳﻄ ﺳﻲ ﺳﻰ","1/18":"ﺸﮕ ﺸﻬ ﻫﺪ ﻫﻢ ﻫﻴ","1/24":"ﺟﺘ ﺟﺴ ﺟﻌ ﺟﻮ ﺟﻠ","3/8":"ﺟﺎ ﻼت","1/22":"ﺴﯿ ﺴﯽ ﺴﺒ ﺴﺌ ﺴﻬ ﺴﻦ ﺴﻤ ﺴﻠ ﺴﻴ","1/103":"ﻣو ﻣﮕ ﻣﮫ ﻣﯾ ﻣﺠ ﻣﺖ ﻣﺒ ﻣﺼ ﻣﺬ ﻣﻞ ﻣﻘ ﻣﻄ ﻣﻴ ﻣﻪ ﻣﻦ ﻣﻤ","2/9":"ﺠﺎ ﺠﻲ ﺠﻪ ﻔﺮ ﻔﺖ ﻔﻨ","1/14335":"ءء ءأ ءث ءح ءز","2/14335":"ءآ ءط ءف ءی","231/2867":"ءا","16/14335":"ءب","146/14335":"ءت","4/14335":"ءج ءگ","1/2867":"ءخ","6/14335":"ءد ءو","2/2867":"ءر ءش","3/14335":"ءس ءص","1/25":"ﻧد ﻧﮕ ﻧﻴ","69/14335":"ءظ","49/14335":"ءع","1/667649":"آء آأ آﯾ آﺑ آﺷ آﻣ آﻻ","5/667649":"آآ آؤ","46/14335":"ءق","9/14335":"ءك","3/2867":"ءل ءک","96/14335":"ءم","1030/667649":"آئ","15/667649":"آا","29/14335":"ءن","39/14335":"ءه","28534/667649":"آب","8141/667649":"آت","8/14335":"ءي","6705/667649":"آث","552/667649":"آج","437/667649":"آح","10828/667649":"آخ","4634/667649":"آد","13200/667649":"آذ","19295/667649":"آر","38696/667649":"آز","20674/667649":"آس","9742/667649":"آش","423/667649":"آص","4/31":"ﺣﺎ ﺣﻞ ﺣﻤ","7/667649":"آع","17021/667649":"آغ","1/49":"ﻨد ﻨﮑ ﻨﺞ ﻨﺘ ﻨﺶ ﻨﺰ ﻨﻈ ﻨﻴ","3/27698":"أء أط","6954/667649":"آف","28559/667649":"آق","295/667649":"آك","17470/667649":"آل","1/81":"ﻪا ﻪﺍ ﻪﻫ","11/2518":"أئ","106502/667649":"آم","1/13849":"أا أز أگ","219541/667649":"آن","5/13849":"أب أح أذ أر","5105/667649":"آه","33967/667649":"آو","37/667649":"آى","1385/13849":"أث","33476/667649":"آي","31/27698":"أج","527/27698":"أخ","12/13849":"أد","2/31":"ﺣﺴ ﺣﺪ ﺣﻖ ﺣﻴ","3283/27698":"أس","3/13849":"أش","13/27698":"أص","3/31":"ﺣﺮ ﺣﻘ","6/13849":"أع","1/27698":"أغ أچ","12/14335":"ءپ","2/7341":"ؤآ ؤز","21/13849":"أف","9/27698":"أق","1295/27698":"أك","894/13849":"أل","1/7341":"ؤئ ؤف ؤق ؤگ","5109/27698":"أم","217/13849":"أن","1969/7341":"ؤا","1/2447":"ؤب","38/13849":"أه","67/27698":"أو","121/7341":"ؤت","92/13849":"أى","1166/7341":"ؤث","86/1259":"أي","11/7341":"ؤخ","49/7341":"ؤد","16/7341":"ؤذ","4/2447":"ؤر ؤن","594/2447":"ؤس","8/7341":"ؤظ","18/1970873":"کآ","5/1970873":"کأ کة","1058/667649":"آپ","9/1970873":"کئ","243097/1970873":"کا","4/7341":"ؤك ؤه","8141/1970873":"کب","392/7341":"ؤل","449/7341":"ؤم","76480/1970873":"کت","6305/1970873":"کث","2/87":"إب إق","2/11":"ﺤﻠ ﺤﻤ ﮑﻼ ﺴﺎ","2542/1970873":"کج","8/1970873":"کح کق","32/667649":"آچ","335/2447":"ؤو","61/1970873":"کخ","1/87":"إت إج إح إخ إد إر إه إو","4/87":"إث إم","205/7341":"ؤي","10046/1970873":"کد","1751/1970873":"کذ","277452/1970873":"کر","22507/1970873":"کز","47499/1970873":"کس","3/11":"ﺤﻘ ﮑﻪ","119651/1970873":"کش","548/1970873":"کص","17/1970873":"کض","1/29":"إس إص إي","90/1970873":"کط","1/1970873":"کظ","2022/1970873":"کع","5/87":"إع إی","5413/667649":"آژ","3345/1970873":"کف","67339/1970873":"کل","1/146492":"ئآ ئغ ئچ","69726/1970873":"کم","226421/1970873":"کن","1/73246":"ئؤ ئث ئع ئژ","411122/1970873":"که","1/36":"ﻫج ﻫﺴ ﻫﻨ ﻫﻤ ﻫﻮ","8/87":"إل","73258/1970873":"کو","3/73246":"ئئ","328/1970873":"کى","13/87":"إن","3351/146492":"ئا","30152/1970873":"کي","831/146492":"ئب","2/36623":"ئة","3933/73246":"ئت","6/36623":"ئج","1/36623":"ئح ئخ","1146/667649":"آک","745/73246":"ئد","451/36623":"ئر","917/146492":"ئز","37/73246":"ئس","6812/667649":"آگ","11/146492":"ئش","4/36623":"ئص ئض","1/32":"ﺧﺖ ﺧﻀ ﺧﻲ ﺩﺳ ﻴش ﻴﮏ ﻴﭽ ﻴﭻ ﺧط ﺧد ﻴﺌ ﻴﺤ ﻴﻨ ﻴﻢ ﻴﻠ","42/36623":"ئط","2638/4989661":"اء","103/146492":"ئف","1225/14968983":"اآ","1/14968983":"اأ اإ اۀ اﭘ اﮐ اﮔ اﷲ اﺑ اﺣ اﺮ اﺿ اﻃ اﻆ اﻟ","86/36623":"ئق","7/146492":"ئك","8/4989661":"اؤ","18747/146492":"ئل","1307/36623":"ئم","58282/14968983":"ائ","3397/14968983":"اا","3881/146492":"ئن","6/19":"ﮐﺎ","7025/73246":"ئه","358666/14968983":"اب","7/4989661":"اة","26745/146492":"ئو","88/36623":"ئى","144829/4989661":"ات","23456/14968983":"اث","12395/73246":"ئي","105200/14968983":"اج","1491/13849":"أک","140198/14968983":"اح","13/82":"ﻮا","134336/14968983":"اخ","674597/14968983":"اد","6167/14968983":"اذ","20534/667649":"آی","1439119/14968983":"ار","931223/14968983":"از","312230/4989661":"اس","105801/4989661":"اش","32288/4989661":"اص","49693/14968983":"اض","83435/14968983":"اط","33496/14968983":"اظ","69846/4989661":"اع","332/318489":"اغ","1233/1970873":"کپ","27/4156546":"بآ بظ","246517/14968983":"اف","7/2078273":"بأ","170461/14968983":"اق","31565/14968983":"اك","105/1970873":"کچ","624803/14968983":"ال","61/2078273":"بئ","852074/14968983":"ام","2242654/14968983":"ان","491807/2078273":"با","10445/4156546":"بب","446506/14968983":"اه","43/2078273":"بة","219574/14968983":"او","33617/14968983":"اى","48048/2078273":"بت","36/2078273":"بث","330726/4989661":"اي","37/62038":"بج","22/7341":"ؤک","13006/2078273":"بح","56461/4156546":"بخ","1149/62038":"بد","665/4156546":"بذ","1864/13849":"أی","335784/2078273":"بر","3/82":"ﻮق ﺪر ﻮﺍ ﻮﺷ ﻮﻟ","18094/2078273":"بز","69523/4156546":"بس","38999/4156546":"بش","1560/2078273":"بص","270/2078273":"بض","66/1970873":"کژ","13213/2078273":"بط","28022/2078273":"بع","2095/4156546":"بغ","1987/4156546":"بف","36463/4156546":"بق","2396/2078273":"بك","45635/2078273":"بل","7/82":"ﻮر ﻮﺭ","7095/4156546":"بم","13/957":"ةا","67385/4156546":"بن","5/82":"ﻮد ﺪﻩ","879439/4156546":"به","115/1970873":"کک","124785/2078273":"بو","2577/2078273":"بى","152849/4156546":"بي","15/1970873":"کگ","82/7341":"ؤی","16/1970873":"کۀ","24202/14968983":"اپ","7/32":"ﺧﻮ ﺩﺭ","1/2871":"ةف ةل ةه","143/4879871":"تآ","15747/4879871":"تأ","3/4879871":"تؤ","4/4879871":"تإ","3/41":"ﺪﺍ ﻮﺩ ﻮﺳ","3614/4879871":"تئ","434460/4879871":"تا","83178/4879871":"تب","5/2871":"ةو","118/4879871":"تة","8128/14968983":"اچ","4551/4879871":"تت","2325/4879871":"تث","32068/4879871":"تج","11/36623":"ئک","85088/4879871":"تح","81465/1970873":"کی","88963/4879871":"تخ","32151/4879871":"تد","2447/4879871":"تذ","297563/4879871":"تر","3682/4879871":"تز","5/146492":"ئگ","15586/4879871":"تس","64075/4879871":"تش","88811/4879871":"تص","45/1970873":"کە","8793/4879871":"تض","960/4879871":"تط","18680/4879871":"تظ","67546/4879871":"تع","22719/4879871":"تغ","4363/14968983":"اژ","3/651683":"گآ","2645/2078273":"بپ","3/41641":"ثآ ثخ","291/1303366":"گئ","56176/4879871":"تف","230079/1303366":"گا","85751/4879871":"تق","281/651683":"گب","8106/4879871":"تك","1/1303366":"گة گٶ گڌ","5/36623":"ئۀ","67275/4879871":"تل","2652/651683":"گت","145840/4879871":"تم","2/41":"ﺪﺭ","1/651683":"گث گط گۀ","18340/124923":"ثا","163838/4879871":"تن","185/1303366":"گج","16316/124923":"ثب","346284/4879871":"ته","7/124923":"ثة ثح ثص","1359/2078273":"بچ","281310/4879871":"تو","5/651683":"گخ","212/124923":"ثت","8563/4879871":"تى","2/124923":"ثث","1549/1303366":"گد","132311/4879871":"تي","22/124923":"ثج","79959/1303366":"گذ","103495/14968983":"اک","310983/1303366":"گر","104987/1303366":"گز","31/124923":"ثد","17747/1303366":"گس","12741/1303366":"گش","35403/146492":"ئی","24239/124923":"ثر","4/124923":"ثز","23/124923":"ثس","19218/4989661":"اگ","79/124923":"ثش","9/1303366":"گع","1/124923":"ثض","3/1303366":"گغ","2/41641":"ثط ثع","34/124923":"ثغ","39/2078273":"بژ","133475/1303366":"گف","16/651683":"گق","8/651683":"گك","1/1076155":"جء جص جظ جژ جھ","12728/651683":"گل","2/1076155":"جآ جچ","31/41641":"ثف","6047/1303366":"گم","4/1076155":"جأ","9/4989661":"اھ","10681/1303366":"گن","553/124923":"ثق","13693/1303366":"گه","51317/651683":"گو","8878/124923":"ثل","51/1076155":"جئ","2920/124923":"ثم","1808/651683":"گى","1450/124923":"ثن","37633/651683":"گي","241738/1076155":"جا","21674/1076155":"جب","1900/41641":"ثه","79/1076155":"جة","103/41641":"ثو","113/124923":"ثى","27451/1076155":"جت","8222/124923":"ثي","44/1076155":"جث","5/127":"ﺮﺍ ﺮﻭ ﺮﻧ ﺮد","91/1076155":"جج","299/1076155":"جح","7414/2078273":"بک","2/47":"ﺭﺩ ﺭﺟ ﺭﺍ ﺭﺷ ﺭﻳ","48042/1076155":"جد","866/215231":"جذ","8/27":"ﮔﺮ","83466/1076155":"جر","401008/4989661":"ای","5/16":"ﮕﺎ","16952/1076155":"جز","1/27":"ﮔﺬ ﮔﺘ ﻓﺪ ﻓﺘ ﻓﻘ ﻓﻖ ﮔر","2014/215231":"جس","25009/4156546":"بگ","12582/1076155":"جش","8/1076155":"جض","2580/215231":"جع","16/14968983":"اە","1014/1076155":"جغ","832/4879871":"تپ","1/1000128":"حآ حھ حە","1609/1076155":"جف","5/1000128":"حأ","11/4156546":"بھ","4/215231":"جق","47/215231":"جك","85/4156546":"بۀ","71378/1076155":"جل","133036/1076155":"جم","52269/1076155":"جن","78235/500064":"حا","1753/83344":"حب","127911/1076155":"جه","254/4879871":"تچ","19/1000128":"حة حۀ","108202/1076155":"جو","933/1076155":"جى","29119/500064":"حت","13001/1000128":"حث","14503/1076155":"جي","10483/1000128":"حج","11/1000128":"حح حچ","7/1000128":"حخ","29803/500064":"حد","5759/1000128":"حذ","4/127":"ﺮﺩ ﺮو","60173/1000128":"حر","174489/4156546":"بی","5473/333376":"حز","2/127":"ﺮﺧ ﺮﺑ ﺮه ﺮگ","14643/333376":"حس","871/250032":"حش","17687/1000128":"حص","3093/83344":"حض","107/250032":"حط","2003/500064":"حظ","3/127":"ﺮﺡ ﺮﻣ","35/333376":"حع","61/4156546":"بە","2835/4879871":"تژ","42/651683":"گپ","20/124923":"ثپ","4/1190709":"خآ خح","697/62508":"حف","2261/31254":"حق","1649/166688":"حك","493/651683":"گچ","14203/333376":"حل","2/396903":"خئ","15479/166688":"حم","3215/500064":"حن","219589/1190709":"خا","3589/333376":"حه","70112/1190709":"خب","1/41641":"ثچ","1/91593":"خة","1897/41672":"حو","21/41672":"حى","124388/1190709":"خت","20717/1000128":"حي","40/91593":"خج","23985/4879871":"تک","2/1190709":"خخ خھ","26815/1190709":"خد","2047/1190709":"خذ","50213/1190709":"خر","3100/1190709":"خز","19625/1190709":"خس","39679/4879871":"تگ","461/10177":"خش","4291/91593":"خص","161/1190709":"خض","9/651683":"گژ","22013/1190709":"خط","1/132301":"خظ","4/27":"ﮔﻨ","4/132301":"خع","2/7047847":"دء دﻧ","18/1076155":"جپ","7697/7047847":"دآ","2590/1190709":"خف","14/4879871":"تھ","10/1190709":"خق","122/7047847":"دأ","5/7047847":"دؤ دﻻ","23/1190709":"خك","1/7047847":"دإ دګ دﮔ دﻋ دﻓ دﻣ دﻫ دﻳ","179/4879871":"تۀ","41309/1190709":"خل","8915/1190709":"خم","2506/7047847":"دئ","25481/1190709":"خن","965419/7047847":"دا","4729/1190709":"خه","22669/7047847":"دب","49/1303366":"گک","335/7047847":"دة","25667/91593":"خو","1268/1190709":"خى","40557/7047847":"دت","11717/396903":"خي","9176/7047847":"دث","12048/7047847":"دج","13/41641":"ثک","1500/7047847":"دح","11939/7047847":"دخ","23/1303366":"گگ","22878/7047847":"دد","14/7047847":"دذ","190025/4879871":"تی","1181730/7047847":"در","3112/7047847":"دز","10/124923":"ثگ","104956/7047847":"دس","30250/7047847":"دش","3/16":"ﮕﻮ ﻴﺎ","755/7047847":"دص","49/7047847":"دض","72/7047847":"دط","62/7047847":"دظ دە","17513/7047847":"دع","32/4879871":"تە","4341/7047847":"دغ","1/250032":"حپ","1/93976":"ذآ ذﺧ","37837/7047847":"دف","18293/7047847":"دق","7350/7047847":"دك","8/124923":"ثۀ","62630/7047847":"دل","5/187952":"ذئ","134540/7047847":"دم","219589/7047847":"دن","15343/46988":"ذا","4899/187952":"ذب","677377/7047847":"ده","284358/7047847":"دو","8/127":"ﺮﻓ","335/93976":"ذت","8215/7047847":"دى","248889/7047847":"دي","1/187952":"ذج ذذ ذط ذھ ذﺍ","1/46988":"ذح","398/1076155":"جک","48921/651683":"گی","3295/187952":"ذخ","4/47":"ﺭﻭ","5/93976":"ذد ذگ","21191/187952":"ذر","6157/124923":"ثی","7/187952":"ذز","15/187952":"ذس","353/1076155":"جگ","37333/187952":"ذش","1061/187952":"ذع","23/46988":"ذغ","9/8479979":"رء","8/30531":"خپ","27957/8479979":"رآ","165/5528":"ذف","41/187952":"ذق","4737/8479979":"رأ","579/8479979":"رؤ","2055/187952":"ذك","108/1076155":"جۀ","627/187952":"ذل","33/46988":"ذم","32894/8479979":"رئ","217/187952":"ذن","1588919/8479979":"را","10361/187952":"ذه","118795/8479979":"رب","155/396903":"خچ","661/46988":"ذو","386/8479979":"رة","21/93976":"ذى","175787/8479979":"رت","13995/187952":"ذي","863/8479979":"رث","61067/8479979":"رج","10879/333376":"حک","63565/8479979":"رح","79425/8479979":"رخ","767247/8479979":"رد","109/8479979":"رذ","23764/8479979":"رر","21127/1076155":"جی","84711/8479979":"رز","33/333376":"حگ","226535/8479979":"رس","129273/8479979":"رش","47780/8479979":"رص","34550/8479979":"رض","6952/8479979":"رط","26/8479979":"رظ","22488/8479979":"رع","7/1076155":"جە","8033/8479979":"رغ","3/65":"ﺳﺆ","520/1060629":"زء","3136/7047847":"دپ","349/707086":"زآ","168069/8479979":"رف","1/1060629":"زأ","44630/8479979":"رق","30189/8479979":"رك","13964/8479979":"رل","2279/2121258":"زئ","146581/8479979":"رم","161083/8479979":"رن","154300/1060629":"زا","9325/707086":"زب","290561/8479979":"ره","44/1060629":"زة","4882/7047847":"دچ","548863/8479979":"رو","1817/1060629":"زت","14646/8479979":"رى","2/1060629":"زث زﻣ","317327/8479979":"ري","3835/2121258":"زج","9/132301":"خک","276/353543":"زح","3295/2121258":"زخ","38057/1060629":"زد","1/353543":"زذ زە","37135/2121258":"زر","25901/1000128":"حی","139/1060629":"زز","3209/1060629":"زس","2519/1190709":"خگ","7783/353543":"زش","53/2121258":"زص","4/65":"ﺳﺮ","5/1060629":"زض","36/353543":"زط","248/1060629":"زظ","525/707086":"زع","137/1060629":"زغ","317/7047847":"دژ","5/46988":"ذپ","29/3122163":"سآ","114/353543":"زف","27/353543":"زق زچ","521/1040721":"سأ","319/2121258":"زك","3011/3122163":"سؤ","7/1190709":"خۀ","1734/353543":"زل","2991/346907":"سئ","131135/2121258":"زم","59915/1060629":"زن","162755/1040721":"سا","6420/346907":"سب","25761/707086":"زه","17/1040721":"سة","60115/2121258":"زو","4697/2121258":"زى","119598/346907":"ست","5/3122163":"سث","102313/2121258":"زي","4205/3122163":"سج","6/65":"ﺳﺘ","211/346907":"سح","20968/7047847":"دک","49634/3122163":"سخ","12/65":"ﺳﺖ","2269/283833":"سد","2/3122163":"سذ سژ سھ","1012/30531":"خی","131353/3122163":"سر","7/25803":"سز","92400/7047847":"دگ","5932/3122163":"سس","5318/3122163":"سش","4/3122163":"سص","1/3122163":"سض","39197/3122163":"سط","2/1040721":"سظ","919/94611":"سع","2/346907":"سغ","9257/8479979":"رپ","8/811987":"شآ","37619/3122163":"سف","10/7047847":"دھ","662/2435961":"شأ","5020/3122163":"سق","3/811987":"شؤ","454/283833":"سك","439/7047847":"دۀ","10877/346907":"سل","82/811987":"شئ","5691/346907":"سم","71762/3122163":"سن","220018/2435961":"شا","23119/2435961":"شب","1523/66429":"سه","10/811987":"شة","17461/8479979":"رچ","36484/1040721":"سو","6250/3122163":"سى","8698/73817":"شت","1/2435961":"شث","183593/3122163":"سي","6851/811987":"شج","541/811987":"شح","3177/93976":"ذک","25990/2435961":"شخ","7/22":"ﺴﺘ","121619/811987":"شد","2/2435961":"شذ شض شە","132716/2435961":"شر","287344/7047847":"دی","269/2435961":"شز","4781/811987":"شس","4624/811987":"شش","1/83":"ﻻغ ﻻز ﻻج ﻻﺗ ﻻﻧ","827/2435961":"شص","445/2435961":"شط","7/65":"ﺳﻮ","14992/2435961":"شع","653/221451":"شغ","18632/8479979":"رژ","16/83":"ﻻر","12/83":"ﻻد","329/353543":"زپ","5/601893":"صآ","2836/811987":"شف","4/200631":"صأ صق","3556/2435961":"شق","24901/2435961":"شك","3010/2435961":"شل","1/601893":"صئ صج صز صض صپ","3/83":"ﻻت ﻻى ﻻل","79108/2435961":"شم","30397/200631":"صا","113516/2435961":"شن","2/83":"ﻻب ﻻي","3842/200631":"صب","109316/2435961":"شه","41/601893":"صة","28117/221451":"شو","620/811987":"شى","2627/200631":"صت","17737/811987":"شي","15980/601893":"صح","118227/8479979":"رک","133/601893":"صخ","1/8479979":"رګ رﮐ رﮒ رﯾ رﺆ رﺣ رﺳ رﺷ رﺻ رﻓ رﻤ","70178/601893":"صد","4349/93976":"ذی","51487/601893":"صر","131373/8479979":"رگ","29/601893":"صش","4/39":"ﺷﺖ ﺷﺘ","5077/601893":"صص","3181/601893":"صط","920/200631":"صع","388/200631":"صغ","1/707086":"زژ","30035/3122163":"سپ","1/100814":"ضآ ضز ضک","17405/601893":"صف","13/8479979":"رھ","1/50407":"ضأ","2/601893":"صك","303/8479979":"رۀ","8621/66877":"صل","14110/601893":"صم","2870/66877":"صن","4555/15918":"ضا","4007/200631":"صه","803/100814":"ضب","262/3122163":"سچ","8/151221":"ضة","101251/601893":"صو","788/601893":"صى","1975/302442":"ضت","2/8479979":"رۆ رﺧ رﻧ","19/83":"ﻻن","17341/601893":"صي","1/7201":"ضج","919/302442":"ضح","1873/2121258":"زک","137/302442":"ضخ","2602/151221":"ضد","15790/151221":"ضر","470955/8479979":"ری","1/302442":"ضس ضظ ضق","6508/1060629":"زگ","55/302442":"ضش","1/151221":"ضص","26/7959":"ضط","9769/100814":"ضع","5/151221":"ضغ ضۀ","17/8479979":"رە","1/13":"ﺷﺮ ﺷﻬ ﻠﻌ ﻠﻮ ﻠﻪ","1/501153":"طء طأ طج طظ طچ طە طﻤ","610/2435961":"شپ","4/151221":"ضف","8/39":"ﺷﺪ","19/353543":"زۀ","2437/151221":"ضل","376/167051":"طئ","5941/151221":"ضم","73/151221":"ضن","32515/501153":"طا","2773/151221":"ضه","33350/501153":"طب","103/2435961":"شچ","59/501153":"طة","4936/21603":"ضو","134/501153":"طت","97/43206":"ضى","5030/151221":"ضي","3508/167051":"طح","20095/3122163":"سک","8/501153":"طخ","4/501153":"طد","100607/501153":"طر","25022/353543":"زی","5/501153":"طز","31/501153":"طس","1745/3122163":"سگ","317/501153":"طش","2/501153":"طط","17795/501153":"طع","196/501153":"طغ","4942/501153":"طف","27653/501153":"طق","14/501153":"طك طپ","8/1040721":"سۀ","57787/501153":"طل","2123/167051":"طم","62124/204985":"ظا","5323/501153":"طن","342/204985":"ظب","7244/167051":"طه","2/40997":"ظة ظۀ","35624/501153":"طو","956/501153":"طى","3381/204985":"ظت","14056/501153":"طي","2/204985":"ظح ظغ","77695/2435961":"شک","1/204985":"ظد ظک ظە","62252/204985":"ظر","64519/1040721":"سی","6/204985":"ظز","54275/2435961":"شگ","16/204985":"ظش","4/204985":"ظط","7/204985":"ظع","1/1040721":"سە","31/1232876":"عآ","390/40997":"ظف","19/1232876":"عأ","8/2435961":"شھ","26/204985":"ظق","31/2435961":"شۀ","2143/204985":"ظل","9138/204985":"ظم","713/204985":"ظن","41095/308219":"عا","6056/40997":"ظه","12897/616438":"عب","5/21603":"ضچ","40/308219":"عة","6223/204985":"ظو","58/204985":"ظى","84607/1232876":"عت","9339/1232876":"عث","7533/204985":"ظي","995/308219":"عج","23/200631":"صک","1/616438":"عح","5/1232876":"عخ","84949/1232876":"عد","1617/1232876":"عذ","60713/2435961":"شی","16057/308219":"عر","2515/308219":"عز","1315/1232876":"عس","5615/1232876":"عش","3415/616438":"عص","31789/1232876":"عض","8659/1232876":"عط","2023/308219":"عظ","2/308219":"عع","1/308219":"عغ","1/176286":"غآ غأ غؤ غئ غخ غە","10359/1232876":"عف","81/202":"ھا","6581/616438":"عق","9/202":"ھب ھر","993/616438":"عك","34/601893":"صۀ","129577/1232876":"عل","2/101":"ھت","38053/616438":"عم","64215/1232876":"عن","40397/176286":"غا","1/202":"ھج ھض ھل ھک ھﮕ ھﺴ ھﻨ","55/8013":"غب","83723/1232876":"عه","7/176286":"غة غع","22395/1232876":"عو","1565/616438":"عى","35/5342":"غت","1/58762":"غث غط","7/101":"ھد ھن","58789/1232876":"عي","4/88143":"غج","4/101":"ھز","3/202":"ھس ھش ھف","2197/88143":"غد","7571/176286":"غذ","9259/88143":"غر","22402/601893":"صی","3673/176286":"غز","1/43206":"ضگ","139/176286":"غس","52/29381":"غش","151/176286":"غص","206/88143":"غض","1/200631":"صە","11/101":"ھم","643/88143":"غف","1/88143":"غق غۀ","5/202":"ھو ھﻮ","5770/88143":"غل","4585/176286":"غم","3/101":"ھي","903/29381":"غن","431/29381":"غه","2477/58762":"غو","1/2671":"غى","1255/8013":"غي","35/501153":"طک","4635/100814":"ضی","13/167051":"طگ","3/3049":"ۀا","43/501153":"طۀ","7/1232876":"عچ","2/7":"ﺼﺪ ﺼﻮ ﻨﺪ","23477/501153":"طی","1/40997":"ظگ","1/1232876":"عژ","7/88143":"غپ","23/29381":"غچ","1299/308219":"عک","1150/40997":"ظی","173/1232876":"عگ","97/616438":"عۀ","5/176286":"غک","70413/1232876":"عی","128/88143":"غگ","13/1232876":"عە","3/227":"ﺁغ ﺁگ","7/202":"ھی","47/227":"ﺁز","18593/176286":"غی","1/3049":"ۀک ۀگ","7/227":"ﺁي","23/227":"ﺁو","15/227":"ﺁم","86/227":"ﺁن","5/227":"ﺁل","4/227":"ﺁق","3/685954":"فآ","9/685954":"فأ","21/1371908":"فؤ","47/342977":"فئ","34828/342977":"فا","202/342977":"فب","53/1371908":"فة","84933/342977":"فت","1/685954":"فث فھ فە","5773/1371908":"فج","2313/685954":"فح","641/1371908":"فخ","2683/342977":"فد","37/342977":"فذ","245915/1371908":"فر","16417/342977":"فز","15589/1371908":"فس","7165/685954":"فش","8047/1371908":"فص","6771/685954":"فض","669/1371908":"فط","12371/1371908":"فظ","27789/685954":"فع","967/342977":"فغ","8/342977":"فف","3/235582":"قآ","7/588955":"قأ","22675/685954":"فق","8823/1371908":"فك","7281/685954":"فل","1/1177910":"قئ قغ","1493/685954":"فم","22501/1371908":"فن","117318/588955":"قا","18647/588955":"قب","9940/342977":"فه","32/588955":"قة","8914/342977":"فو","1781/1371908":"فى","36016/588955":"قت","1/588955":"قث قھ قە","39601/1371908":"في","5/235582":"قج","157/1177910":"قح","1/235582":"قخ","43601/588955":"قد","203/588955":"قذ","48394/588955":"قر","3537/1177910":"قز","6251/1177910":"قس","3427/235582":"قش","5863/588955":"قص","21173/1177910":"قض","6847/235582":"قط","1/117791":"قظ","14051/588955":"قع","2/23":"ﻘﯿ ﻬﯿ ﻘﻞ ﻬﺮ ﻬﻮ","1/665723":"كآ كض كق كگ","4267/588955":"قف","3/665723":"كأ","1505/235582":"قق","19/1177910":"قك","7295/117791":"قل","2209/235582":"قم","1562/588955":"قن","79727/665723":"كا","2347/665723":"كب","53189/1177910":"قه","5/665723":"كة","75589/1177910":"قو","200/117791":"قى","24908/665723":"كت","2343/665723":"كث كى","9993/235582":"قي","1126/665723":"كج","7/665723":"كح","14/665723":"كخ","3934/665723":"كد","427/665723":"كذ","92201/665723":"كر","4745/665723":"كز","17093/665723":"كس","30677/665723":"كش","182/665723":"كص","7/11":"ﻃﺮ","41/665723":"كط","305/665723":"كع","17/685954":"فپ","127/1260062":"لآ لة","1059/665723":"كف","131/1260062":"لأ","1/1260062":"لؤ لھ","24/665723":"كك","2/630031":"لإ","21925/665723":"كل","159/1260062":"لئ","20821/665723":"كم","85079/665723":"كن","493293/2520124":"لا","158155/665723":"كه","71241/2520124":"لب","13/342977":"فچ","21838/665723":"كو","28183/630031":"لت","889/2520124":"لث","28277/665723":"كي","3139/2520124":"لج","25797/2520124":"لح","1070/630031":"لخ","10933/2520124":"لد","1861/1260062":"لذ","8087/2520124":"لر","5587/1260062":"لز","65791/2520124":"لس","2208/630031":"لش","366/630031":"لص","33/2520124":"لض","2497/630031":"لط","181/1260062":"لظ","20/227":"ﺁی","13745/2520124":"لع","2222/630031":"لغ","7/685954":"فژ","1/5512672":"مء مۆ","17/1177910":"قپ","249/5512672":"مآ","21403/1260062":"لف","431/1378168":"مأ","16249/2520124":"لق","1823/2756336":"مؤ","7651/2520124":"لك","43855/2520124":"لل","1115/2756336":"مئ","23803/630031":"لم","7806/630031":"لن","401505/2756336":"ما","59513/1260062":"له","23767/2756336":"مب","476/588955":"قچ","351/5512672":"مة","79539/2520124":"لو","5011/1260062":"لى","168819/5512672":"مت","8737/2756336":"مث","179149/2520124":"لي","87289/5512672":"مج","7367/685954":"فک","57393/2756336":"مح","42653/5512672":"مخ","45921/1378168":"مد","10605/2756336":"مذ","71519/1378168":"مر","24117/5512672":"مز","62/342977":"فگ","141545/5512672":"مس","90507/5512672":"مش","38975/5512672":"مص","4645/2756336":"مض","22515/2756336":"مط","1187/2756336":"مظ","1793/62644":"مع","5689/5512672":"مغ","499/665723":"كپ","232/6992235":"نآ","10033/5512672":"مف","8/6992235":"نأ","71257/5512672":"مق","1/2330745":"نؤ","4177/1378168":"مك","25/685954":"فۀ","17225/501152":"مل","101/2330745":"نئ","1625/501152":"مم","252649/5512672":"من","50299/776915":"نا","30359/2330745":"نب","35293/689084":"مه","29/665723":"كچ","79/2330745":"نة","298219/5512672":"مو","32321/5512672":"مى","190051/6992235":"نت","1021/6992235":"نث","15537/250576":"مي","99473/6992235":"نج","27/588955":"قک","10636/6992235":"نح","28028/6992235":"نخ","67501/466149":"ند","21/776915":"نذ","43667/6992235":"نر","49641/1371908":"فی","28483/6992235":"نز","59/1177910":"قگ","105206/6992235":"نس","155371/6992235":"نش","2630/1398447":"نص","271/1398447":"نض","24208/6992235":"نط","98824/6992235":"نظ","7949/2330745":"نع","68/2330745":"نغ","28/665723":"كژ","879/2520124":"لپ","1322/3042991":"هء","4/434713":"هآ","9329/776915":"نف","68543/6992235":"نق","21076/6992235":"نك","31/588955":"قۀ","4793/6992235":"نل","10/434713":"هئ","151649/6992235":"نم","120037/6992235":"نن","921265/6085982":"ها","37067/6085982":"هب","324202/6992235":"نه","30/3042991":"هة","94/630031":"لچ","16849/466149":"نو","24539/6085982":"هت","1539/776915":"نى","1/6085982":"هث هە","105086/2330745":"ني","3035/6085982":"هج","11/6085982":"هح","184/3042991":"هخ","80699/3042991":"هد","64/3042991":"هذ","55881/1177910":"قی","115222/3042991":"هر","22844/3042991":"هز","32884/3042991":"هس","621/98161":"هش","24/3042991":"هص","1000/3042991":"هض","1/869426":"هط","25/6085982":"هع","475/1260062":"لژ","50/5222433":"یء","66/1740811":"یآ","1649/5222433":"یأ","1/1740811":"یؤ یھ","6595/2756336":"مپ","1279/2773294":"وء","521/1386647":"وآ","796/1740811":"یئ","23745/6085982":"هف","699/6085982":"هق","50/1386647":"وأ","257431/5222433":"یا","11/5546588":"وؤ","116/434713":"هك","9748/1740811":"یب","32/1740811":"یة","6274/3042991":"هل","4649/2773294":"وئ","117629/5222433":"یت","362473/6085982":"هم","1597/5222433":"یث","62060/3042991":"هن","583295/5546588":"وا","21859/6085982":"هه","10191/1740811":"یج","86425/5546588":"وب","3/17":"ﻟﯽ ﻟﯿ","51/5546588":"وة","14239/5222433":"یح","3539/501152":"مچ","45408/3042991":"هو","2283/6085982":"هى","3301/1740811":"یخ","14585/1386647":"وت","68647/6085982":"هي","5537/5546588":"وث","182590/5222433":"ید","137/5222433":"یذ","98479/5546588":"وج","13619/2773294":"وح","248153/5222433":"یر","21837/2520124":"لک","68831/5222433":"یز","2548/1386647":"وخ","89981/5222433":"یس","315151/2773294":"ود","3089/5546588":"وذ","91579/5222433":"یش","2717/665723":"كی","2573/5222433":"یص","667833/5546588":"ور","691/1740811":"یض","64918/1386647":"وز","12359/5222433":"یط","13957/2520124":"لگ","125615/5546588":"وس","1/37":"ﻤﭗ ﻤﮑ ﻤﯿ ﻤﯽ ﻤﺌ ﻤﺴ ﻤﺰ ﻤﺮ ﻤﻞ ﻤﻬ ﻤﻪ ﻤﻦ","82/5222433":"یظ","48287/2773294":"وش","19645/5222433":"یع","15283/2773294":"وص","2605/5222433":"یغ","51749/5546588":"وض","12187/2773294":"وط","4515/2773294":"وظ","70719/5546588":"وع","6467/5546588":"وغ","139/5512672":"مژ","6308/1740811":"یف","20962/5222433":"یق","772/1740811":"یك","5/177337":"ىء","2332/6992235":"نپ","107078/5222433":"یل","20/177337":"ىآ ىس","11989/2773294":"وف","44415/1740811":"یم","18/177337":"ىأ","85327/5546588":"وق","453955/5222433":"ین","4269/2773294":"وك","24357/1740811":"یه","189/2520124":"لۀ","69510/1386647":"ول","50623/5222433":"یو","341/5222433":"یى","70149/2773294":"وم","32/177337":"ىا","236/5222433":"یي","325231/5546588":"ون","37/177337":"ىب","90967/5546588":"وه","5/26":"ﻠﯿ","2194/1398447":"نچ","9615/5546588":"وو","75/177337":"ىت","6109/5546588":"وى","1/177337":"ىث ىض ىط ىق ىۀ","3/26":"ﻠﯽ ﻠﻤ","79225/2773294":"وي","4/177337":"ىج","24839/2756336":"مک","34/177337":"ىخ ىر","65/177337":"ىد","71754/630031":"لی","11639/5512672":"مگ","102/177337":"ىش","3/3042991":"هٴ","2/103":"ﻣﮑ ﻣﯽ ﻣﺗ ﻣﺨ ﻣﻠ ﻣﻬ","9/2520124":"لە","5558/2330745":"نژ","27/4145732":"يء","932/3042991":"هپ","211/4145732":"يآ","1/689084":"مھ","369/2072866":"يأ","42/177337":"ىك","89/1378168":"مۀ","6/177337":"ىم","1511/4145732":"يئ","14/177337":"ىن ىى","365007/4145732":"يا","70/177337":"ىه","35427/4145732":"يب","49/2072866":"ية","197/6085982":"هچ","3/19":"ﺌي ﻌﺎ","7/17":"ﻋﺪ","158605/4145732":"يت","7/177337":"ىي","518/1036433":"يث","32643/4145732":"يج","17931/4145732":"يح","1535/155383":"نک","4530/1036433":"يخ","1/5222433":"یٱ","1/6992235":"نګ نہ نﭙ","280075/4145732":"يد","46/1036433":"يذ","316081/4145732":"ير","6531/62644":"می","95619/4145732":"يز","64077/2072866":"يس","183361/6992235":"نگ","29937/1036433":"يش","1631/2072866":"يص","874/1036433":"يض","16639/4145732":"يط","81/4145732":"يظ","13855/2072866":"يع","7/1378168":"مە","2189/2072866":"يغ","94/3042991":"هژ","3728/5222433":"یپ","24555/5546588":"وپ","27677/4145732":"يف","4/2330745":"نھ","33115/4145732":"يق","69547/4145732":"يك","281/6992235":"نۀ","8702/5222433":"یچ","55525/2072866":"يل","198733/4145732":"يم","607309/4145732":"ين","21980/1036433":"يه","5109/2773294":"وچ","54755/4145732":"يو","6819/4145732":"يى","20751/1036433":"يي","3044/3042991":"هک","24970/466149":"نی","4/35":"ﺍن","2581/6085982":"هگ","8405/5222433":"یژ","8/2330745":"نە","14221/5546588":"وژ","13/177337":"ىپ","1/35":"ﺍس","59/6085982":"هۀ","1/14":"ﺍر ﺍز ﻛﻴ ﻛﻧ ﻛﻣ ﻛﻠ","98363/5222433":"یک","12415/2773294":"وک","4/103":"ﻣﯿ ﻣﺪ ﻣﻌ ﻣﻲ","40175/5222433":"یگ","1038/82243":"هی","6/119":"ﺎن","4/119":"ﺎه ﺎی","6510/1386647":"وگ","223/5222433":"یۀ","1226/1036433":"يپ","22/1386647":"وۀ","9/238":"ﺎز","5357/1036433":"يچ","25/238":"ﺎر","96/177337":"ىک","98140/5222433":"یی","208701/5546588":"وی","66/177337":"ىگ","19/5222433":"یە","5/5546588":"وە","9747/4145732":"يژ","1/100":"ﻧﮑ ﻧﮏ ﻧﯾ ﻧﺒ ﻧﺐ ﻧﻄ ﻧﺳ ﻧﺮ ﻧﻜ ﻧﻌ ﻧﻊ ﻧﻰ ﻧﻪ ﻧﻧ","97583/4145732":"يک","16972/1036433":"يگ","2/49":"ﻨﮕ ﻨﺠ ﻨﺮ ﻨﻌ ﻨﻨ","1/2072866":"يھ","23/4145732":"يۀ","9/70":"ﺍی","45755/4145732":"يی","3/112":"ﺑر","3/100":"ﻧﯿ ﻧﺸ ﻧﺴ ﻧﻈ","3/50":"ﻧﯽ ﻧﻘ","29/371":"ەا","3/371":"ەت","1/371":"ەج ەح ەخ ەز ەل ەن ەپ ەک","3/49":"ﻨﯽ ﻨﻬ","18/371":"ەه","5/27":"ﻓﺮ","1/4989661":"اﮊ اﺟ","3/4":"ﭽه","25/371":"ەی","3/20":"ﻗﺮ ﻗﻠ ﭘﺎ ﭘﺪ","3/23":"ﻘﺎ ﻘﻖ ﻘﻮ","1/33":"ﻭﯼ ﻭﺣ ﻭﺟ ﻭﺍ ﻭﺿ ﻭﺷ ﻭﻧ ﻭﻡ ﻭﻟ ﻭﻑ ﻭﻏ","8/14968983":"اﯾ","3/14":"ﻛﺎ ﻛﻨ","5/23":"ﻘﻪ","63/8479979":"رﮊ","7/8479979":"رﮔ","1/26":"ﻠﺖ ﻠﻔ ﻠﻒ ﻠﻰ ﻠﻠ","1/71":"ﮊا ﮊه","2/13":"ﻠﻴ","1/2121258":"زﯾ زﺁ زﺑ زﻃ زﻴ","19/103":"ﻣﺎ","63/71":"ﮊي","5/103":"ﻣﺸ","3/103":"ﻣﺴ","8/103":"ﻣﺮ","14/37":"ﻤﺎ","7/103":"ﻣﺤ","2/37":"ﻤﺪ ﻤﻠ ﻤﻌ ﻤﻴ","9/103":"ﻣﻮ","6/103":"ﻣﻨ","3/37":"ﻤﻮ","9/100":"ﻧﺎ","5/71":"ﮊی","5/41":"ﺪا","4/25":"ﻧﺪ","1/50":"ﻧﻤ ﻧﻲ","4/49":"ﻨﻄ","6/667649":"آﻧ","13/36":"ﻫﺎ","20/127":"ﺮا","10/23":"ﻬﺎ","11/14968983":"اﺌ","4/14968983":"اﺋ اﺧ","1/4156546":"بﺄ","5/33":"ﻭﻋ","10/14968983":"اﺳ","2/4989661":"اﺷ اﻓ","2/14968983":"اﺻ اﻗ اﻩ اﻫ","2/33":"ﻭﺭ ﻭﻥ","3/4989661":"اﻣ","5/14968983":"اﻧ","46/14968983":"اﻻ","7/127":"ﺮی","2/4879871":"تﻼ","5/32":"ﻴﺮ","8/7047847":"دﺍ","3/7":"ﭙﺎ","3/7047847":"دﺳ","22/8479979":"رﺁ","3/8479979":"رﺌ","21/8479979":"رﺍ","1/10":"ﭘﻴ ﭘﻨ","6/8479979":"رﺗ","5/2121258":"زﺍ زﻧ","4/83":"ﻻﺏ","8/606861":"پآ","11/606861":"پئ","45460/202287":"پا","41/606861":"پب","4987/606861":"پت","2/202287":"پج","1/606861":"پح پص پع","3779/606861":"پخ","9749/606861":"پد","16120/606861":"پذ","106964/606861":"پر","2833/202287":"پز","48868/606861":"پس","8294/606861":"پش","34/606861":"پط","74/606861":"پف","1/202287":"پق","397/606861":"پك","2266/67429":"پل","42/67429":"پم","27233/606861":"پن","4118/606861":"په","40583/606861":"پو","370/606861":"پى","81301/606861":"پي","5/112":"ﺑﯿ","23/202287":"پپ","98/606861":"پچ","6308/606861":"پژ","2431/606861":"پک","314/606861":"پگ"}}