{"language":"CHINESE","ngrams":{"4247/46955554":"耀 丁","18286/23477777":"老","22851/46955554":"考","12/23477777":"耄 耋 菘 蕞 蜷 跺 壅 壬 饃 孛 岢 鼬 暐 歿 璦 盥 瞼 砧 硚 窈 縉 縐","95505/46955554":"者","271/46955554":"耆 咱 榆 涅 渲 篪","120707/46955554":"而","222/23477777":"耍 惶","1965/46955554":"耐","2/23477777":"耑 耜 脢 腧 舲 舾 苫 菓 菡 薘 蘚 虯 蚍 蚱 蛺 螽 衿 褊 覈 讌 讕 豸 貅 貎 貔 踟 乸 亘 軛 輋 輞 伢 輳 辻 倓 逹 僖 郯 鄆 儍 鄕 冑 醪 凼 鈰 劤 銦 勍 鋐 匏 卲 鏊 鐠 鑅 呶 咂 哐 哧 唶 啷 嗉 嗪 噘 噚 嚅 囘 坌 靭 垚 埡 韮 塜 増 颷 飊 夆 奩 姘 姵 騃 騄 騅 婊 骶 髀 嬬 孓 魩 魴 鯝 尻 岕 崐 嵗 鵟 巉 鷙 廩 黻 弁 彀 齏 徭 怍 悒 抻 掇 旮 旯 枘 柞 棐 榦 槙 槻 檣 櫞 櫳 櫸 欞 毌 毐 氘 泇 泔 泖 洳 浠 涷 湲 湴 滻 澂 澔 澪 瀲 灠 炣 烔 熵 燹 牖 猋 珒 琹 瑁 璁 璈 疔 疪 瘢 瘺 癘 癭 盦 盬 眭 瞋 矞 碲 樂 兩 年 秈 理 度 館 穰 窨 窳 笹 筮 箬 篁 粯 糢 糸 紿 緱","33/46955554":"耒 胭 茬 觴 赟 踱 鄴 劊 啫 霽 騫 鹵 汎 汞 牘 珞 琤 痼 笆","652/23477777":"耕 恆","1158/23477777":"耗 祥","131/23477777":"耘 偕 鴿 麒 瀟","11/23477777":"耙 臠 舨 蕁 蕎 蜇 襤 赳 踽 軔 倜 鄖 鋃 鋯 坳 塹 騮 媺 鰍 鱖 峒 齪 齷 悻 搡 杵 枱 汩 渚 漕 瓠 盱 笞 紺","3/23477777":"耦 胄 舋 苺 菽 蓽 蕈 蕻 蛔 螻 蟆 袓 誆 誾 謦 譙 譫 讒 谿 豕 貉 赧 跩 躚 輦 佗 佴 侔 逡 逶 傯 酐 酞 酢 醢 剜 剴 銲 鍺 鎣 鎦 鎯 鏑 陘 嚶 圯 坰 堠 頫 饜 妣 姮 驪 髯 鬻 孥 鯪 鯿 鱲 鲉 嵇 鵜 嶝 鶿 幃 庋 鼇 彅 忒 怙 慇 捌 搾 敎 昝 晗 朕 枳 桕 棨 椽 橈 歙 毎 毖 沭 浡 溽 琁 琚 璘 璠 甙 疥 磬 來 礽 篋 糌 絜 綣 緙 缶 罣","1/46955554":"耩 聎 聨 肧 肼 胗 胵 脁 脇 脕 脤 脲 腘 膕 膲 臌 臓 臢 舘 艄 艟 艤 艨 艭 艽 芐 芟 芧 芰 苃 苧 苶 茀 茌 茷 菔 葑 葸 蒴 䒷 蒽 蓂 蓧 蓰 蓳 蔆 蔞 蔟 蔪 蔴 蕔 蕥 蕫 蕸 薨 薫 藁 藇 藎 蘗 蘘 虺 虼 蚋 蚝 蚴 蚺 蛉 蛞 蜑 蜡 蜩 蝓 蝣 蝥 蝯 螗 蟣 蠐 蠲 衄 袆 袴 裇 裞 褆 褉 褘 褙 褧 襉 覂 覊 觭 觶 訏 訮 訳 詁 詏 詨 詵 詽 誄 誔 諑 諼 謷 譄 譞 豗 豳 貊 貑 賔 賙 賾 贀 贋 贘 趆 趬 跂 跈 丏 踔 踧 丶 蹞 亍 躭 亶 躹 亻 軂 仡 仫 仱 軺 伝 輥 佁 轘 轡 佪 佮 侉 侹 俢 俲 迻 迼 逈 倢 倱 逴 遄 偓 遫 遯 傈 傖 邗 邙 傴 邴 僈 僊 郛 僪 郾 郿 儌 儗 鄜 儥 鄶 児 酔 兕 酡 醑 冨 冱 冺 凊 鈁 刖 鈪 鉭 鉰 鉺 劁 劌 銍 銠 銧 銩 鋂 勅 鋏 勐 勣 鋦 鋬 鋳 勷 鋿 錁 錇 錞 錩 錬 錱 匵 卄 鍈 卐 卮 鎈 厎 厓 鎛 厬 鎸 鏇 鏐 鏕 鐃 鐡 吽 鑀 呇 呉 鑌 呑 呴 钁 钂 咅 钖 咘 咮 哞 唞 唩 唭 唵 唻 唿 啉 啍 镻 喐 喦 喨 闘 嗥 嗵 嘏 嘣 嘥 阨 阽 噉 噍 噏 噣 噭 噲 隗 嚗 嚜 嚤 嚦 嚳 嚵 囇 囌 囥 圏 圔 圗 霙 霪 圪 圬 坋 靑 坫 靬 坭 靺 垓 垕 垤 鞨 垱 垻 埌 埽 堷 堺 頼 頽 塀 塅 塍 塏 顒 塙 塲 塼 塽 墈 墐 墪 飇 売 餟 夣 夤 夲 饀 奓 妗 妠 馡 馰 駄 駆 駘 騊 騭 娳 騸 騺 驌 驒 婜 驫 媿 髁 髎 髑 髕 嫪 髭 髹 髾 鬋 鬗 嬢 鬮 魆 孋 魨 孶 魶 宂 鮈 宧 鯀 寃 鯇 寖 寘 鯠 鯡 鯢 寯 鰆 尐 鰜 鰤 鰩 鱊 鱟 鱱 鲃 岏 峁 崚 鴞 鴟 崦 嵎 鵓 嵨 鵩 嵫 鵴 嶀 鶁 鶇 嶲 鶲 嶷 鷀 巂 巃 巘 鷴 鸁 帤 幐 庛 麪 庳 麹 廋 黌 廑 黙 廛 廡 黼 黽 廾 黿 鼈 鼙 齕 彖 彳 彴 忮 怛 怢 怫 恏 恚 惝 愐 慊 慒 慥 慪 憃 憮 懐 懭 戓 戦 戧 扃 扆 扙 扽 抝 抦 抯 拫 挀 挌 挼 捯 捸 掹 揈 揎 揨 搌 搟 搣 搲 摥 摽 撖 撨 擡 擳 擸 攄 攅 攲 攷 敻 斨 斫 旄 旒 旼 昄 昑 昩 昫 晛 晣 晧 暷 曷 朅 朢 朣 杲 极 枓 枰 枻 柁 柃 栭 栺 桯 桴 梱 梲 棈 棑 棡 棪 棼 椄 椆 椊 椐 椗 楙 楺 榀 榊 榣 榿 槊 槱 樍 樗 樻 橅 橚 橛 橞 橪 橿 檁 檞 檠 櫨 欵 歃 歩 歴 殳 氅 氆 氊 氌 気 氬 汈 汜 汭 泙 泜 泝 洇 洚 洴 洹 浿 涏 涙 淁 淟 淸 渇 渉 渧 渰 渼 湅 湓 湠 溤 滝 滮 滹 漌 漎 澉 澣 々 瀹 灡 灦 炓 烎 煅 煑 煱 煳 熇 熖 熘 熰 熻 燡 爨 爿 牸 牾 犂 犇 犍 犡 犰 狃 狳 猊 玅 玕 玶 玼 珛 珰 珽 琄 琟 琯 琲 瑎 瑱 璱 瓞 瓿 甇 甍 甓 甪 畧 畯 疋 疰 㗘 痟 痷 瘥 瘰 皸 盉 盍 盷 眥 睄 睌 睖 瞹 矖 砟 硎 硨 碏 碞 磔 磧 磪 磲 磽 更 礄 金 礌 礓 卵 盧 錄 雷 祔 諾 寧 便 復 參 省 旅 力 歷 禛 列 念 禥 領 例 龍 易 秫 臨 立 切 㩒 穡 穾 竤 竸 笄 笭 笱 筇 筈 筧 筩 筻 箈 箜 篌 篏 篛 篥 篼 簮 籛 籣 粍 粛 粡 粢 粦 糉 糥 糨 糴 紬 紱 紸 経 絏 絝 綀 綃 綳 綷 緎 緑 緭 縄 縋 縯 縵 繙 纆 绝 绿 缷 罍 罎 罝 羧 羮 翃 翆 翝 翫 翬","5/46955554":"耬 聱 芾 苻 茆 菟 葒 蓖 薤 蜉 螄 蠵 蠹 衾 褟 褡 褳 訇 訢 謇 謚 譠 贄 跣 踅 蹚 躝 倥 郄 郞 郟 儸 兟 醂 冚 鉈 鉞 鋆 匐 鍠 鎌 鎭 鏜 鐧 鑭 咲 哏 嘌 噥 囁 雈 囔 圮 坵 鞣 埜 堿 塋 夔 奀 嫲 鬟 鬣 魍 魎 魑 鮫 鱆 鲇 岜 岵 鴣 鶘 鷓 帎 庥 廕 弢 鼴 齙 愆 抺 擣 擧 旳 晢 晷 杈 枒 椴 歔 殄 泫 浥 淝 湔 湞 烚 燶 爰 牝 狎 狨 獐 玀 玳 珣 瑢 瑽 璫 瘼 癤 皴 磣 契 率 稹 竪 簑 簞 絛 繅 繾 纇","1804/23477777":"耳","1909/46955554":"耶","5/23477777":"耷 脘 苳 荸 菈 菫 萇 蟀 蟋 袛 諡 貳 賒 蹠 躅 躑 俵 逄 値 遒 僮 儈 鄯 劏 鋈 勱 匍 咾 鞅 垛 餔 駢 嫗 宓 尢 鰱 岫 峋 崆 嶂 嶙 巽 怩 愓 戥 揾 搴 撅 斲 昃 昺 朞 椪 楝 樅 溴 漉 潞 熗 猢 猻 獃 獠 獺 睥 稞 簌 籓 罡","249/46955554":"耽 鹼 煒","431/46955554":"耿 媚 矽","1/23477777":"聃 聼 胙 腠 腤 臞 舄 艏 艶 艿 芨 苙 苿 荄 荍 莜 莩 莼 莿 菝 菴 萜 萭 葀 蒗 蒺 蓴 蓼 蕀 蕷 薹 蘞 蚜 蛭 蝰 螈 螭 蟥 蟯 蟴 蠆 蠑 衪 衲 裎 裾 襌 覤 覩 觔 詑 誒 誚 譪 趑 趖 趵 跖 踎 両 踨 踭 蹇 蹻 蹼 躓 亓 亹 轇 轕 轢 佧 俍 逋 倗 逭 邠 醅 醌 冾 釅 凘 鉍 鉢 鉾 銣 銥 劬 劻 勦 鋮 錛 錤 鍁 卍 鍼 鎅 鏃 鏦 鏷 吔 吚 鐿 鑪 咣 唅 唦 啁 啩 啶 閞 閰 喼 闃 闓 嘁 嘓 陃 噔 陔 噻 隠 隣 隳 囗 雰 坩 坻 坼 垙 垟 垸 垾 埇 韾 頊 頦 堽 顓 塤 塺 墘 墣 壚 壠 馼 姃 姈 姒 駡 娬 媄 媯 骾 髫 嬖 嬙 嬝 孅 孭 魽 鮓 寤 尅 鰡 鱇 鱓 屙 鱧 岥 鳧 崀 鴝 嵙 嵬 鵯 鶻 鷄 鷞 巰 鸝 鸮 鹍 幷 庠 黧 鼕 鼢 鼯 齁 齗 齜 齢 齶 徂 徼 悛 悝 悰 惇 愗 懮 懹 戉 戔 戽 扌 拏 拑 捥 掦 搯 摭 摷 擼 旃 昐 昴 晡 晩 暻 朿 杙 栖 桭 梃 椌 椥 楕 楜 楦 楩 榤 槪 槭 樫 橐 檉 檎 櫆 櫐 歨 毳 汔 汱 沔 沕 洎 洐 浜 涑 涬 淂 淥 渓 溈 溦 漰 潾 瀁 瀠 灩 烺 煆 煐 煠 煢 燔 犟 獪 玚 玦 玹 玿 珶 琡 瓮 甡 畊 疳 痎 痦 瘉 瘐 瘕 癃 癯 眀 眇 眞 眵 睭 瞶 矻 砬 碓 磳 浪 狼 綠 鹿 祅 祆 祧 禳 了 流 秏 秾 輻 見 兀 竝 笀 笥 笳 筅 筌 筦 筴 箠 篦 簋 籙 粞 糲 絎 絻 綉 綮 緃 緍 縑 縞 縲 縳 縻 繋 繮 纒 纘 罉 羼 翥","268/23477777":"聆","1647/46955554":"聊 霍","13/46955554":"聒 胛 膘 苷 莢 葳 蓑 藿 襠 謄 蹓 軚 輊 倀 倌 鑞 呷 咻 唧 嚓 顳 鬈 尸 鰹 鵠 麋 庹 悱 慼 柺 榛 氦 溱 煊 疣 癰 矍 矸 砵 砼 秭 秸 篔 羣","6293/46955554":"聖","1206/23477777":"聘","3467/23477777":"聚 惠","10139/23477777":"聞","45801/46955554":"聯","917/23477777":"聰 契","23837/46955554":"聲","305/46955554":"聳 脖 吶 崖","3/46955554":"聴 脷 腍 舁 艉 苖 苾 莛 菰 菹 葭 蒓 蔯 蕤 蕹 薷 蘄 虢 蝪 蟊 蟶 蠋 衽 觚 豊 貺 賚 贇 贜 趐 趿 踘 乂 蹕 蹧 躕 躦 仞 軫 輜 轤 逑 僉 僞 郢 郷 儐 儔 鄠 酹 醱 凃 凇 釔 凖 鈄 鈮 剞 銃 鍙 卧 厠 厰 鐔 鐙 鐶 呲 鑴 锨 啐 喏 喹 閾 嗄 闇 嗬 嘄 嘭 嘵 噃 陬 陴 嚙 嚿 囦 雫 圴 垵 塪 壙 奭 妏 駅 姞 駮 髂 鬰 魟 鯓 鯧 鰂 鰉 屝 屨 鴒 崠 崮 嵯 鷳 庒 廌 黒 黟 廰 徴 怱 恵 愨 慓 憓 懃 扥 抔 挲 捽 揼 搫 撚 擀 攰 旰 昳 暪 曈 曌 朸 柙 柝 桁 桷 棹 椋 楗 楯 楸 榚 樉 樋 櫂 欉 欸 歟 殻 毬 氡 溷 滏 漚 漶 漷 潚 潲 濶 瀦 爌 猗 珪 瑒 瑭 甏 甑 甾 畛 畠 痳 癈 睒 碭 北 數 量 聯 禚 禠 禡 利 穏 穠 箐 篾 糝 紆 綰 綹 緇 緗 繒 纈 纔 罊 罘","27/46955554":"聵 肓 舢 艮 蒟 藪 褚 譟 邕 酰 鉆 啕 霈 帚 庖 黠 齲 戇 搧 暸 桅 檄 炘 煨 燄 琮","163/23477777":"聶","18677/46955554":"職","8645/23477777":"聽","87/23477777":"聾 兮 陡 昊 笠","35/23477777":"聿 螂 軾 偌 銹 嫵 岔 摜 矜 稔","8/23477777":"肄 肱 芪 譭 豇 豺 迤 遝 酩 剮 鎗 叡 咿 喫 閬 阡 嘸 陛 雉 壆 鬯 尪 鴆 崽 鵪 巋 麝 挈 暝 枇 氤 洒 湎 湳 瓤 癸 砒 硤 稈 筲 篠","1160/23477777":"肅","526/23477777":"肆","963/46955554":"肇","10091/46955554":"肉","185/46955554":"肋 侄 杆","2015/46955554":"肌","419/23477777":"肖 挾","118/23477777":"肘 佼 韜 攸 沼","517/23477777":"肚 蔓 亨 僵 爬","111/46955554":"肛 丫 迸 邯 儂 奚 驛 恙 樽 涕 糬","976/23477777":"肝","18177/23477777":"股","365/23477777":"肢 囚","3605/46955554":"肥","1387/46955554":"肩 淘","317/23477777":"肪 蟹","7/46955554":"肫 苕 莙 萋 蝻 螟 螫 謖 讃 賸 趔 跫 仳 仵 佞 俶 儋 酈 冏 醐 鈐 鉸 銑 鋇 鋕 鏨 闐 陟 隈 雩 垡 复 饈 奼 妯 姫 嫋 嬛 鯁 鰥 鱤 鳯 崍 嵊 嶠 鸕 帙 鹀 廼 龢 恂 捋 暋 楫 欷 浯 浵 濞 燠 獬 珥 痾 睾 礅 稗 窣 窸 纛 翕","3302/23477777":"肯","22827/46955554":"育","71/46955554":"肴 蛟 佯 吆 哎 啱 喲 闌 嫣 潺 猷 猾","1679/46955554":"肺 糊","23/46955554":"肽 胴 薊 蚶 蛆 蜃 蟎 覲 諍 邋 醯 吮 嗌 騾 摞 楔 槃 櫟 沅 溟 澍 珙 琬 瘂 睏 翦","910/23477777":"胃","5216/23477777":"背","2059/46955554":"胎","1039/46955554":"胖","149/46955554":"胚 駒 琶 瓏","19/46955554":"胝 臊 臬 苜 莒 菖 蒡 薌 袪 鄞 鈎 鎘 鎢 喟 嗒 頎 鬩 嬲 嵋 懟 扺 揖 摶 槨 櫓 毽 淙 潁 濬 濯 瓴 瘸 粑 粕 羥 羸","3769/46955554":"胞","13021/46955554":"胡","57/46955554":"胤 蒿 蠣 訃 剽 夙 饌 昀 栢 泱 琿 礪","14/23477777":"胥 葺 蜱 襬 詎 俳 邨 釦 鈷 銨 劭 嗱 埸 飭 嬈 峴 庾 弒 搥 摰 旖 欒 殮 淅 漯 潯 澐 緲 縟","17/46955554":"胯 胼 腓 膈 菀 菏 蓿 蚩 袞 貲 仨 傌 邳 鈈 閏 喱 嘜 顴 壼 餽 駟 黐 慍 椏 泠 潸 疸 癆 癟","83/23477777":"胰 雍 寅 滌 琵","129/46955554":"胱 蠔 跛 鏢 喃 嬅 杠 涮 瀘","44/23477777":"胳 虱 諭 貯 鏽 棱 沓 碁","935/23477777":"胸","755/46955554":"胺 惱","66060/23477777":"能","737/23477777":"脂 匙","3683/46955554":"脅","802/23477777":"脆 睛","1238/23477777":"脈","200/23477777":"脊 髓 繡","21/23477777":"脛 貂 蹭 俁 醺 囝 坯 餑 峯 崧 珺 琰 畈 簣","9/46955554":"脣 臏 芑 蒔 藷 蘢 蚣 蜈 誑 誥 讜 趄 跼 踉 蹌 俅 郫 酊 醍 劵 銼 錸 呯 呸 唑 喁 閤 嗖 霰 頷 妺 媾 嬪 孌 寛 鯷 屌 黥 廨 忝 扦 捭 攖 斛 旂 旸 杪 樨 櫺 氙 泅 滎 炤 烜 燧 爻 犖 犛 玠 珅 琊 瓚 畑 眛 瞟 砦 礱 行 窰 篝 篳 紥 絭 縭 羯 翀","203/46955554":"脩 柄 氾","5799/46955554":"脫","69/46955554":"脯 黝 璜 璩 縝","1991/23477777":"脹","575/46955554":"脾 叉 汀 禪","55/46955554":"腆 兗 噌 囡 囿 靄 鼾 惚 昶 浬 涓 燼 琨 粿","28/23477777":"腋 臧 荀 葷 詰 鐐 霑 壑 馥 牴","31/46955554":"腌 苣 茯 蛹 賅 俟 偊 閭 嘞 駙 婧 嬴 鯤 挎 揍 敕 旎 浹 滁 炕 璣 璿 綬","991/46955554":"腎","4625/46955554":"腐 薪","55/23477777":"腑 鄲 凜 鮭 朦 浚 琥 筐 箇","512/23477777":"腔 尹","701/46955554":"腕 薏","295/23477777":"腥 愚","9295/46955554":"腦","83/46955554":"腩 膛 蜒 輓 嚀 鴕 鶩 灞 眸 磡","981/46955554":"腫 呎 纖","37/46955554":"腮 舛 藺 蜴 蹉 呻 哂 啓 霎 飈 姝 婀 鶚 齟 齬 撙 枋 犒 盂 硼 筊","794/23477777":"腰 鼻","105/46955554":"腱 膊 茗 詼 姥 黴 曳 涎 祇 緘","3317/23477777":"腳","29/46955554":"腴 芻 荏 莃 蟾 蠍 褂 襁 襖 吠 鑊 嗑 陂 塭 馗 騖 驤 鳶 齦 怔 晁 晞 灃 羿","1189/23477777":"腸","1617/46955554":"腹","659/46955554":"腺","973/23477777":"腿","533/46955554":"膀 婿 寡","399/46955554":"膏","1406/23477777":"膚","1763/46955554":"膜","244/23477777":"膝 涌 筒","2139/46955554":"膠","783/23477777":"膨","806/23477777":"膩","341/46955554":"膳 楠","93/23477777":"膺 蝙 烙","11/46955554":"膻 蓯 螯 衩 訖 讎 豋 躂 躡 逖 釙 釹 鈑 鈸 閂 喑 闈 噙 靨 顔 顥 餸 驃 嫺 嬡 鯰 屇 鱺 鷂 鼐 怏 惲 揠 撘 撳 擤 昉 杼 栃 梔 槁 殍 氐 沏 洮 溘 煖 畦 㗎 癩 睢 禤 笫 篙 紈 紘 縴","1136/23477777":"膽 弊","91/23477777":"膾 臀 蕊 璋","37/23477777":"膿 艋 蕓 嘈 噗 塾 宥 敝 潟 痞 矇 筠 糜","409/23477777":"臂 弈","16/23477777":"臃 舷 茴 蒨 蚓 豢 刈 鈽 鍬 鎏 啜 噎 鰣 鱘 嶗 捶 摑 暘 桀 楹 榖 歆 汴 瘴 硒","97/46955554":"臆 藐 侷 傚 几 唉 峪 鴛 恬 涇 焊","2255/23477777":"臉","135/46955554":"臍 罔 翡","3163/46955554":"臘","4/23477777":"臚 舂 舐 芫 苹 荇 萣 萸 萼 蓊 蔫 虻 蚪 蛐 蝌 蠡 衹 褵 謅 踀 佶 佷 迨 偲 邐 郗 僳 劄 銻 勰 鍇 吖 呤 鑷 咔 嗮 噠 噯 韡 埭 堇 堊 塩 墀 妁 娌 媞 孬 寳 屺 岀 岦 鸛 幛 廄 廸 龑 忸 懍 戢 揩 摀 朐 楢 槎 歳 殛 毘 氚 汊 泮 洌 洸 滉 漥 瀧 炔 焠 犠 狒 玘 璆 眯 矓 硃 類 翳","1971/46955554":"臟 衫","2071/46955554":"臣","993/46955554":"臥 倆","11391/46955554":"臨","117773/46955554":"自","897/46955554":"臭","65613/46955554":"至","21057/46955554":"致","1882/23477777":"臺","92/23477777":"臻 邢 怯 懿 窒","95/46955554":"臼 蠕 酣 鴦 鵲","6/23477777":"臾 芶 荽 葚 藜 蝨 贠 赭 踼 蹙 軻 佝 佾 侑 倨 邛 鈿 錙 匭 鎵 吡 唰 啾 噫 囈 囫 圇 霨 靛 塱 墬 饉 驄 婺 鰈 屣 嶋 鶼 彫 徳 忪 扞 搽 柘 棻 榎 榫 櫈 滓 濼 炆 玒 瑠 瓩 畚 瘜 硐 不 竑 笏 笪 箎 箸 簹 粲 罅 罟","49/46955554":"舀 蔻 蛀 蛾 蠱 吩 哆 韞 埤 埼 飴 奘 饞 姣 岬 徉 戌 桉 渙 玆 痿 癇 盅 砥 糠","180/23477777":"舅 藩 蟻 咗 涂 祺","65983/23477777":"與","8727/23477777":"興","20328/23477777":"舉","3605/23477777":"舊","400/23477777":"舌 賃 樞","937/23477777":"舍","1426/23477777":"舒 瑪","51/46955554":"舔 仟 釧 錡 匣 呱 啖 堦 鬨 惦 梆 殞 璟 痧 砰 窠","777/46955554":"舖 彿","281/46955554":"舜 釜 刃 棘 榕 溥","5070/23477777":"舞","2233/46955554":"舟","17825/46955554":"航","64/23477777":"舫 蠅 鈉 哽 驊 麓 慄 朮 熏 熠","4543/23477777":"般","255/46955554":"舵 蛙 娓","239/23477777":"舶 芹 荊 蔽","13/23477777":"舸 芃 芊 蒻 蘅 袈 裟 鑠 嗷 隼 埗 媧 嬗 孃 巳 忖 悌 杓 溧 猙 獰 琺 痤 縹","4808/23477777":"船","36/23477777":"舺 茍 蒯 衆 蹴 傣 剁 鉻 嗚 孑 恿 澗","2231/46955554":"艇 佩","1123/23477777":"艘","871/46955554":"艙 潰 締","2724/23477777":"艦","5178/23477777":"良","1144/23477777":"艱","30/43397":"色","1975/46955554":"艷","5279/46955554":"艾","385/46955554":"芋 云 緋","15/46955554":"芍 茼 薜 蝟 謫 踮 蹩 倏 冢 鈊 鍔 鍶 鏹 啵 嗶 頜 餮 娉 骰 鴇 鷸 麂 摁 氳 沺 浤 淶 灕 牀 犄 獒 獾 疝 癀 眙 竽 簪 縊","15/23477777":"芎 蚯 褸 諢 賁 遶 鐮 埂 妲 尕 鷲 幡 杳 椹 櫛 櫫 焱 禕 簫 紕","787/46955554":"芒","516/23477777":"芙","3101/46955554":"芝","39/23477777":"芡 蝗 隍 槿 汾 泗 牒 甯 畿","85/23477777":"芥 夭 馭 穢","10/23477777":"芩 苒 丼 儻 釆 刎 鉬 叵 唄 闋 嗔 韃 堉 墉 娑 驁 孢 孱 鶉 愎 擯 敍 暌 牯 疽 痂 瞅 秣","2037/46955554":"芬","502/23477777":"芭 衍","223/46955554":"芮 誣 寢 沮 籽 絢","507/46955554":"芯 羨","22399/46955554":"花","2639/46955554":"芳","73/46955554":"芷 辮 暱 曄 椿 槐 殤 漱 瀨","193/46955554":"芸 俑 宕 痠","296/23477777":"芽","571/46955554":"苑","159/46955554":"苓 諳 踞 嘖 巖 廝 弛 枸 眈 眺","84/23477777":"苔 蚌 遑 醣 氨","2467/46955554":"苗","321/46955554":"苛 賂 檬 煲 翹","31/23477777":"苞 飩 妊 娠 驍 悽 攞 攫 曇 楨 瑄 篆","195/46955554":"苟 蔗 凋 叭 廬 爍","25/46955554":"苡 荐 莧 虫 裱 諂 佻 俺 剉 鍘 鎧 呃 嗝 嗟 顰 餬 媜 鯛 鱉 珉 甭 畬 皰 瞓 碇 碴 祚 祜 窕","5702/23477777":"若","4129/23477777":"苦","217/46955554":"苯 蠶 鋸 閡","39277/46955554":"英","119/46955554":"茁 螃 貽","942/23477777":"茂 賈","2611/46955554":"范 鞋","1205/46955554":"茄","396/23477777":"茅 栗 窩","159/23477777":"茉 滕","351/46955554":"茜 棗 窟","753/23477777":"茨 勃 摸","300/23477777":"茫","18/23477777":"茭 蓆 仄 轂 鄢 鍰 喳 嘰 圻 拄 昵 燾 琇 瞑 紂","111/23477777":"茱 荼 藻 跆 垣 颶","1261/23477777":"茲","245/46955554":"茵","2586/23477777":"茶","113/46955554":"茸 叨 哋 燎 粄","66/23477777":"茹 衞 贛 閑 霉 撣 瑙","53/23477777":"荃 閆 懊 湮 漣 猥 珮 硯","3857/23477777":"草","2205/46955554":"荒","112/23477777":"荔 靶 妍 拭 翟","41/46955554":"荖 萵 謢 躥 轆 郴 冧 鞦 騏 幔 慳 掮 搐 澧 皋 砷","17/23477777":"荳 賡 佚 偈 釩 鎩 叼 咼 啄 嘀 鬢 惴 戍 焢 畹 痢 祎 箋 簍 粳 糅","2995/46955554":"荷","67/46955554":"荻 蜻 謨 躉 勺 妾 瀅 熹 猿 畀 綫","50/23477777":"莆 咆 晒 朧 煜","1424/23477777":"莉","4577/46955554":"莊","851/23477777":"莎","655/46955554":"莓","116/23477777":"莖 沂","82/23477777":"莘 儡 啼 坍 溼 琛 瑚 疚 皖","358/23477777":"莞 丸 挂","22/23477777":"莠 葩 褥 嗩 孿 戟 据 淦 犢 痹","109/46955554":"莪 訛 譎 邑 憨 泯 濠 濺 繚 繭 纍","2738/23477777":"莫","59/23477777":"莽 衢 丐 邃 剷 勛 錨 鏘 叻 埕 颼 娩 娼 寐","285/23477777":"菁 鑫","1145/46955554":"菅 崩 痕","301/23477777":"菇","1121/46955554":"菊 斃","1983/46955554":"菌 濫","4910/23477777":"菜","199/46955554":"菠 妞 暮 曦","289/46955554":"菩","64945/46955554":"華","481/46955554":"菱","4831/23477777":"菲","573/46955554":"菸 鉅 幟","9/23477777":"萁 萩 薡 蜍 蝎 蟠 贗 踰 仃 侗 邈 叟 啣 啰 闞 坨 餿 鯖 麩 抿 撃 攆 杷 殫 洄 洵 涔 滘 灤 煬 痱 瘙 盹 砝 稷","325/46955554":"萃 靴 睜","836/23477777":"萄 喇","2512/23477777":"萊 跑","395/46955554":"萌","857/46955554":"萍 糟","351/23477777":"萎 訝 鍊","59839/46955554":"萬","225/46955554":"萱 瑛","10493/23477777":"落","169/46955554":"葆 褐 囧 愷 拷","3199/23477777":"葉","60713/46955554":"著","856/23477777":"葛 碗","2191/46955554":"葡","4550/23477777":"董","121/46955554":"葦 孵 峨 洱 稼 羔","113/23477777":"葫 飢 髦","1251/46955554":"葬","21/46955554":"葯 薺 蜢 螳 遢 儺 醴 劼 呦 咦 喵 婢 嫚 鰓 黍 忤 怦 掄 揸 橇 涿 炅 狷 祼 羶","142/23477777":"葵 俐 徊 憧 棺 榴","2973/46955554":"蒂","291/23477777":"蒐","5609/46955554":"蒙","707/46955554":"蒜","81/23477777":"蒞 嘻 嚕 痴","173/23477777":"蒲 吟","594/23477777":"蒸 恒","581/23477777":"蒼 抹 攔","25/23477777":"蓀 蘸 郜 冽 唳 岷 楞 涪 獼 瑀","81/46955554":"蓁 蚤 衙 裳 叱 颺 徨 柢 楂 漪 濂 皚 羌","763/23477777":"蓄","248/23477777":"蓉","4115/23477777":"蓋","107/46955554":"蓓 詫 兀 鋅 咋 嘢","511/23477777":"蓬","1744/23477777":"蓮","257/46955554":"蔑 軀 銬 繆","557/46955554":"蔔 饋","29/23477777":"蔘 么 躊 冼 唬 噤 堀 愾 慵 掂 氟 淼 甬 皙 瞇 瞿","609/46955554":"蔚 薯","6101/46955554":"蔡","2798/23477777":"蔣","1021/46955554":"蔥","2013/46955554":"蔬","2487/46955554":"蔭 堆","96/23477777":"蕃 叩 璀","739/46955554":"蕉","156/23477777":"蕙 侖 抖 珀","20/23477777":"蕨 裊 裨 褫 偃 遛 鍚 鎰 鐺 鞘 韆 夸 惻 摃 檐 櫪 殭 汨 沬 炷 玨 皿","1713/46955554":"蕩","283/46955554":"蕪 硝","2835/46955554":"蕭","667/23477777":"蕾","2977/46955554":"薄","405/23477777":"薇","68/23477777":"薈 覷 諺 婁 鰻 黔 桓 滸 稟 繕","577/46955554":"薑","45/23477777":"薔 俬 鑾 忿 攙 燻","779/46955554":"薛 栽","1175/23477777":"薦","3643/23477777":"薩","379/46955554":"薰 匠 阱 漳 窺","4701/46955554":"藉","3354/23477777":"藍","5395/23477777":"藏","54/23477777":"藕 錮 鵑 彝 忐 忑 燬 眨 簷","18111/46955554":"藝","675/23477777":"藤","12201/46955554":"藥","77/46955554":"藹 蜊 鏤 鐳 嗯 嚏 浐 睪 綾","283/23477777":"蘆 礁","15129/46955554":"蘇","361/23477777":"蘊 恥 擱 笛","3451/46955554":"蘋","47/23477777":"蘑 褶 丕 乜 酶 鉦 咫 璉 籟 縈","17073/46955554":"蘭","420/23477777":"蘿 酥 鎔 彬","3405/46955554":"虎","915/46955554":"虐 紡","229/46955554":"虔 伎 頹 鯊 皂 硫","38879/46955554":"處","1847/23477777":"虛","79/23477777":"虜 嚨 嵐 揀","471/46955554":"虞 卦","21701/46955554":"號","1113/23477777":"虧","1207/46955554":"虹","313/46955554":"蚊 鑰 寥 札 潢","135/23477777":"蚵","413/23477777":"蛇 咬","2444/23477777":"蛋","259/46955554":"蛛 啞 鞠 熔","730/23477777":"蛤","102/23477777":"蛻 輟 刁 劈 驥 嬉 熾","95/23477777":"蜀 遴 唾","935/46955554":"蜂","563/46955554":"蜆 裹 喀 崑","34/23477777":"蜓 蹶 倬 吭 咧 靳 餉 餌 驀 幀 黜 筏","167/46955554":"蜘 咨 滇 濛 簧","75/46955554":"蜚 詛 嗇 屜 慫 摹 瓢 羚","776/23477777":"蜜 遙","53/46955554":"蜞 蟛 邰 酉 鈦 閹 嘍 靦 垠 嬋 鯽 徜 愴 戡 拽 氈 淄 湍 烊 琍 痙 瞌 瞥","47/46955554":"蜥 袤 亙 佰 俚 醮 鐫 嗡 噢 顢 馱 麾 怵 戕 烴 痔 瘧 箕 粼 絃 緹","42/23477777":"蜿 覃 覬 諫 丞 倔 遨 啪 顎 掐 沱 狽","535/46955554":"蝕 豚 磅","189/46955554":"蝠 嬸","1543/23477777":"蝦","247/23477777":"蝴","863/46955554":"蝶","76/23477777":"蝸 卯 唁 憎 櫚","20187/46955554":"融","177/46955554":"螞 酮 哉 噁 扒 璽 畸","633/46955554":"螢 嘲 霖","565/46955554":"螺","46/23477777":"蟄 刨 吒 孳 愣 暄 枷 狩 狸 纂","26/23477777":"蟑 訶 儆 儕 鉗 嗲 鬃 崁 徇 玥 玷 稜","23/23477777":"蟒 豌 亳 佟 匝 鎳 墑 髖 捎 澠 纓","411/46955554":"蟬 豎 抒","726/23477777":"蟲","35/46955554":"蟳 豉 跎 俎 鈀 咭 嗦 囍 頡 鱈 鵰 惆 懣","147/23477777":"蠟 躬 噓 餵 樟","415/46955554":"蠢 樁 濾","785/46955554":"蠻 撈 殿","5608/23477777":"血","63/46955554":"衊 訌 跚 釷 捺 摟 攣 瓔 瘁 筵","150985/46955554":"行","28859/46955554":"術","5205/23477777":"街","45/46955554":"衚 訐 錳 咚 掬 撂 柩 桎 梏 歛 滂 濘 熨 珩 砭 籐 籮","8979/23477777":"衛","11701/46955554":"衝","4579/46955554":"衡","6671/46955554":"衣","106169/46955554":"表","1637/23477777":"衰","1109/46955554":"衷 奢","1137/46955554":"袁","127/46955554":"袂 諦 咕 嵩 弧","2411/46955554":"袋","439/46955554":"袍 邸","65/23477777":"袒 踝 隅 槌 璐 粘","5585/46955554":"袖","37049/23477777":"被","175/23477777":"袱 凶 鮪 暇 欖 毓","8009/46955554":"裁","1745/23477777":"裂","1848/23477777":"裏","5335/46955554":"裔 紙","1949/46955554":"裕","89/23477777":"裘 逍","1147/46955554":"裙","5356/23477777":"補","9275/23477777":"裝","13465/23477777":"裡","154/23477777":"裴 笨","542/23477777":"裸 狹","16913/46955554":"製","2206/23477777":"複 敦","205/46955554":"褒 漬 琢 禿","39/46955554":"褓 鎬 鏖 鐽 鱒 彗 旻 洼 淬 湟 煸 翱","61/46955554":"褔 踹 釵 鏞 吁 鐲 闕 囹 圄 悵 掖 痲","181/46955554":"褪 鶯 怠 擒 晝 榨 氹 焙","690/23477777":"褲","80/23477777":"褻 鈍 匾 厥 泓 礫 籬","387/46955554":"襄 剎","138/23477777":"襟 抉 眶","295/46955554":"襪 輾 僭 瀰","669/46955554":"襯","5823/46955554":"襲","26058/23477777":"西","165763/46955554":"要","4509/46955554":"覆 巧","16779/23477777":"見","15190/23477777":"規","206/23477777":"覓 汕","38147/46955554":"視","41/23477777":"覦 嘶 瞠 祂 箴","24635/46955554":"親","9238/23477777":"覺","4097/46955554":"覽","35495/46955554":"觀","8757/23477777":"角","46535/46955554":"解","7/23477777":"觥 諛 讉 讖 貍 仝 僂 郤 醚 凄 卹 靼 垌 魠 鷥 廐 彊 恁 懨 捫 捻 搆 攥 敉 旌 晌 枴 樾 沆 溏 瀣 煇 瑗 瘖 睨 碚 碣 礬 綦","6423/46955554":"觸","30441/46955554":"言","7769/46955554":"訂","48147/46955554":"計","17187/46955554":"訊","14311/46955554":"討","4210/23477777":"訓","91/46955554":"訕 喋 喎 霓 奐 碉 箍 緞","2959/46955554":"託","40655/46955554":"記","1471/46955554":"訟 賄","257/23477777":"訣 躁 鄂 溯","38/23477777":"訥 詆 諉 蹋 揄 橢 燴 璞 瘠 秧 羡","13992/23477777":"訪","43771/46955554":"設","27701/46955554":"許","7534/23477777":"訴","3001/46955554":"診","2285/46955554":"註 貌","346/23477777":"証","967/23477777":"詐","126/23477777":"詒 迥 孜 槓","43/23477777":"詔 謔 跤 俸 雹 鵡 鸚 恣 惘 晾 榷 灝 焜 甥","10770/23477777":"評","5581/46955554":"詞","298/23477777":"詠 豫 錠 魄","52/23477777":"詡 嫡 峭 簸","5249/46955554":"詢","63/23477777":"詣 誅 剃 捂 瘍 瞰","6879/23477777":"試","2857/23477777":"詩","213/46955554":"詬 趾 鋰 憩 烯","263/23477777":"詭","705/46955554":"詮 呀","16985/23477777":"話","38785/46955554":"該","3365/46955554":"詳","1675/46955554":"詹","1169/46955554":"誇","2665/23477777":"誌","28584/23477777":"認","1111/46955554":"誓","2927/46955554":"誕","788/23477777":"誘","17721/46955554":"語","6229/46955554":"誠","182/23477777":"誡 囉","6543/46955554":"誤","228/23477777":"誦","40/23477777":"誨 嚥 惰 慟 懵 扉 揶 汆 玟","44447/23477777":"說","12659/23477777":"説","5193/46955554":"誰","7367/46955554":"課","291/46955554":"誹 扛 淳","1941/46955554":"誼","51603/46955554":"調","59/46955554":"諄 謁 蹣 躇 郅 圜 髻 憔 戊 拮 掰 浣 潼 獷","12111/23477777":"談","10342/23477777":"請","398/23477777":"諒 魁 尷","40379/46955554":"論","101/46955554":"諗 贅 壢 槳","2187/46955554":"諜","19/23477777":"諤 踫 佃 佇 倭 鉚 喙 霏 韁 韙 嬿 彆 忻 拴 擻 絶 絹 罈","2671/46955554":"諧","1152/23477777":"諮","294/23477777":"諱 檳","60/23477777":"諶 吱 幌 弋 捅 掣 祛","582/23477777":"諷","3409/46955554":"諸","9935/46955554":"諾","2884/23477777":"謀","3207/23477777":"謂","389/23477777":"謊","279/23477777":"謎","79/46955554":"謐 鋌 啻 陲 圃 垢 愿 拈 涸 罌 翊","309/46955554":"謗 乍 嗽 橄 澆","923/46955554":"謙 紮","9130/23477777":"講","5380/23477777":"謝","1167/46955554":"謠","227/23477777":"謬 婕 毋 瑩","43/46955554":"謳 蹬 偎 匕 鎚 嗨 圩 餞 宦 鰭 弼 摳 樵 痣","1631/46955554":"謹","117/46955554":"謾 佤 迂 鄔 酚 冗 雋 姪 鱔 拎","74/23477777":"譁 喂 孰 柿 祗","13839/23477777":"證","105/23477777":"譏 啥 嗓","20513/46955554":"識","1467/46955554":"譚","971/23477777":"譜","14198/23477777":"警","421/23477777":"譬","3021/46955554":"譯","54811/46955554":"議","1101/46955554":"譴","9755/23477777":"護","2099/23477777":"譽","42947/46955554":"讀","19014/23477777":"變","24663/23477777":"讓","3063/46955554":"讚","123/46955554":"讞 逅 剌 錕 錚 炯 缽","2560/23477777":"谷","487/46955554":"豁 淖","2150/23477777":"豆","335/23477777":"豈 鈔","4425/23477777":"豐","489/46955554":"豔","20827/46955554":"象","2976/23477777":"豪","1844/23477777":"豬","273/23477777":"豹 恪","1236/23477777":"貓 凌","5671/46955554":"貝","1055/23477777":"貞 醜","8355/23477777":"負","17509/46955554":"財","2205/23477777":"貢","4021/46955554":"貧","8398/23477777":"貨","2331/46955554":"販 顏","4665/46955554":"貪","2661/46955554":"貫 仰","10421/23477777":"責","4445/23477777":"貴","1029/46955554":"貶 斬","7917/23477777":"買","3548/23477777":"貸","32857/46955554":"費","2747/23477777":"貼","12203/46955554":"貿","2325/46955554":"賀 涵","80137/46955554":"資","613/46955554":"賊 烘","170/23477777":"賑","8907/46955554":"賓","271/23477777":"賜","2106/23477777":"賞","1487/23477777":"賠","979/23477777":"賢","12599/46955554":"賣","149/23477777":"賤 釗 縛 羹","637/23477777":"賦","25399/46955554":"質","1199/46955554":"賬","1537/23477777":"賭","3465/23477777":"賴 木","3675/46955554":"賺","18933/46955554":"購","29881/46955554":"賽","2401/46955554":"贈","2587/46955554":"贊","33/23477777":"贍 侏 咯 喆 嘮 隕 壕 幗 徬 烷 磺 箝 糗","2933/23477777":"贏","150/23477777":"贓 鯨","236/23477777":"贖 翅","2319/46955554":"赤","210/23477777":"赦 悍 槽 渦","1188/23477777":"赫 烤","14111/23477777":"走","2656/23477777":"赴","64943/46955554":"起","1995/46955554":"趁","25797/46955554":"超","14682/23477777":"越","2719/23477777":"趕","2405/23477777":"趙","379/23477777":"趟 勉","2938/23477777":"趣","2597/23477777":"趨","19519/46955554":"足","151/23477777":"趴 亟 鞍 慷 扼 瘡 睦","143/46955554":"跋 唏 奄 惺 紊","5487/23477777":"跌","3150/23477777":"距","8488/23477777":"跟","4059/46955554":"跡","2331/23477777":"跨","405/46955554":"跪 陀","19973/23477777":"路","4437/46955554":"跳","525767/46955554":"一","41777/46955554":"七","1168/23477777":"丈","52316/23477777":"三","112388/23477777":"上","70591/23477777":"下","178292/23477777":"不","1253/23477777":"踏","1991/46955554":"踐 昂","61/23477777":"丑 伉 啃 饗 孀 屎 燜 瘀 癖 祁","10504/23477777":"且","54137/46955554":"世","647/46955554":"丘","941/46955554":"丙","1873/46955554":"丟","1141/46955554":"踢 潭","33678/23477777":"並","309/23477777":"踩","192730/23477777":"中","87/46955554":"丰 釉 餒 搔 碾 粱 絀","1042/23477777":"串","216/23477777":"踴","106/23477777":"踵 匡 嗅 恕 淀 爲 痰","7687/46955554":"丹","127271/46955554":"主","57/23477777":"蹂 酗 噶 巒 懦 斟 栓 檀 窖","1811/23477777":"乃","130/23477777":"蹄 嫂","5225/23477777":"久","1755/46955554":"蹈","125/46955554":"蹊 軋 塚 搵 痺 筱","115513/46955554":"之","12019/46955554":"乎","4311/46955554":"乏 廉","245/23477777":"乒 宛 懇","301/46955554":"乓 俯 灶","259/23477777":"乖 墾","2718/23477777":"乘","699/46955554":"乙 穫","31191/23477777":"九","143/23477777":"乞 侍 憬 筷 絨 繽","645/23477777":"蹟 寸","151653/46955554":"也","3445/46955554":"蹤","139/46955554":"蹦 迢 逕 孽 擂 狡","24/23477777":"乩 体 逯 卞 嘹 頇 餾 鮎 幄 庵 皈","128/23477777":"蹲 僻 璇","1022/23477777":"乳","151/46955554":"蹺 厝 鱗 揹","2245/23477777":"乾","7811/46955554":"亂","245155/46955554":"了","6857/46955554":"予","307/46955554":"躋 斐 歎","55190/23477777":"事","61729/23477777":"二","1705/23477777":"躍","2743/23477777":"于","13709/46955554":"互","66101/46955554":"五","1549/23477777":"井","25838/23477777":"些","50413/46955554":"亞","5523/23477777":"亡","132/23477777":"亢 婭 搗 綴 綺","27795/23477777":"交","559/46955554":"亥","7862/23477777":"亦","56/23477777":"躪 鄱 唷 并 慚 濡 筑","22570/23477777":"身","4519/23477777":"享","41903/46955554":"京","366/23477777":"亭","6889/46955554":"亮","1063/46955554":"躲","318/23477777":"躺 闡","196283/23477777":"人","17283/46955554":"什","3039/23477777":"仁 麵","153/46955554":"仆 遐 隋 晏 矗","1645/46955554":"仇","54207/46955554":"車","63161/46955554":"今","20069/46955554":"介","1439/23477777":"軌","23451/46955554":"仍","30452/23477777":"軍","431/23477777":"軒 尬","3869/46955554":"仔","326/23477777":"仕 俞 傭 隧","187001/46955554":"他","1011/46955554":"仗","4148/23477777":"付","2131/46955554":"仙 奔 鹽","7175/46955554":"軟","32343/23477777":"代","24063/46955554":"令","101806/23477777":"以","2373/46955554":"仲","37959/46955554":"件","638/23477777":"軸","29689/23477777":"任","49/23477777":"軼 恫 捱 梢 氮 珂","11342/23477777":"份","679/23477777":"仿","15164/23477777":"企","12530/23477777":"較","7215/46955554":"載","12837/46955554":"伊","3153/46955554":"伍","1050/23477777":"伏 堪","1787/46955554":"伐 卓","4297/23477777":"休","335/46955554":"輒 檯 絞","2167/46955554":"輔","104/23477777":"伕 摻 攘 癜 砌","8420/23477777":"輕","771/46955554":"伙 叢","2873/23477777":"輛","5631/46955554":"輝","2237/46955554":"輩","4654/23477777":"輪","7199/46955554":"伯","4611/46955554":"輯 阻","4493/23477777":"估","4601/46955554":"伴","144/23477777":"伶 娥","1245/23477777":"伸","7915/46955554":"輸","465/46955554":"伺","2435/46955554":"輻 轟","11509/46955554":"似","117/23477777":"伽 卒 鏟 鑲 頤","1328/23477777":"輿","1193/46955554":"轄 懲 曆","147/46955554":"轅 佘 僥 韭 骼 弭 犁 笙","101385/46955554":"但","12795/46955554":"佈","25385/46955554":"轉","477/46955554":"轍 咳","62325/46955554":"位","570/23477777":"轎","11878/23477777":"低","12279/23477777":"住","1211/46955554":"佐","338/23477777":"佑","10653/46955554":"佔","15380/23477777":"何","3351/46955554":"余","7319/46955554":"佛","66800/23477777":"作","31753/46955554":"你","429/23477777":"佢","162/23477777":"佣 翎","141/23477777":"佬 漓 繃","9069/46955554":"佳","3519/46955554":"併","40455/46955554":"使","264/23477777":"侃","91462/23477777":"來","336/23477777":"侈","8514/23477777":"例","12295/23477777":"供","2303/23477777":"辛","640/23477777":"辜 怡","7598/23477777":"依","623/46955554":"辟 圭 墻 渣","2093/46955554":"辣 埋 柬","32429/46955554":"辦","423/23477777":"辨 焚","4745/46955554":"辭","184/23477777":"侮","560/23477777":"侯","1891/23477777":"辯","308/23477777":"辰 焉","688/23477777":"辱","20395/46955554":"農","2740/23477777":"侵","454/23477777":"侶 馨","9167/23477777":"便","27035/46955554":"係","8523/46955554":"促","591/23477777":"迄","6075/23477777":"俄","2033/23477777":"迅","3587/46955554":"俊","8935/46955554":"迎 障","377/46955554":"俏 鑄 奸 扔","24851/23477777":"近","6237/46955554":"返","3437/46955554":"俗 狂","461/46955554":"俘 閘 緯 罄","54973/46955554":"保","1271/46955554":"俠 凰","23602/23477777":"信","187/46955554":"迦 逞 酯 陞 淤","4017/23477777":"迪","6335/46955554":"迫","327/46955554":"迭 瑣 竿","13175/46955554":"修","9689/46955554":"述 永","1457/23477777":"俱","996/23477777":"迴 柯","3835/23477777":"迷","226/23477777":"迺 靚 曜","11551/46955554":"追","167/23477777":"俾 韶 庄 弔 瀝","7334/23477777":"退","6500/23477777":"送","2256/23477777":"逃","1037/23477777":"逆","891/23477777":"倉","185011/46955554":"個","2904/23477777":"倍","18317/46955554":"透","10487/46955554":"逐","53884/23477777":"們","5164/23477777":"倒","6581/46955554":"途","589/46955554":"倖","373/23477777":"逗 捍 畏","479/46955554":"倘 嶄","9636/23477777":"候","203261/46955554":"這","383/46955554":"倚 剿 沽 箏","59179/46955554":"通","386/23477777":"逛 吾","2023/46955554":"逝 嚇","2619/23477777":"借","9072/23477777":"速","18693/23477777":"造","1625/46955554":"倡","1745/46955554":"逢","179/23477777":"倣 酋 韌","14620/23477777":"連","367/46955554":"倦 餚","186/23477777":"倩 鄒 晟","429/46955554":"倪","3979/23477777":"倫","949/23477777":"逮","8086/23477777":"週","99327/46955554":"進","27/23477777":"逵 邡 冪 閎 戾 掟 搪 甌 窿 紉 綑","617/23477777":"逸","21811/46955554":"值","2673/46955554":"逼","1900/23477777":"逾","99/46955554":"遁 鍥 騁 麴 漾 濮 癲","1445/46955554":"遂","6324/23477777":"假","5145/23477777":"遇 左","3901/23477777":"偉 漸","33885/46955554":"遊","42105/46955554":"運","2470/23477777":"遍","63501/23477777":"過","528/23477777":"遏","2466/23477777":"偏","32824/23477777":"道","26364/23477777":"達","7265/46955554":"違","37949/46955554":"做","1143/23477777":"遜","6789/23477777":"停","1459/23477777":"遞 妙","9101/23477777":"遠","1797/46955554":"遣","6251/23477777":"健","5345/23477777":"適","6640/23477777":"遭","821/46955554":"遮","1556/23477777":"遲","2249/46955554":"側 咖","785/23477777":"遵 拋","1495/23477777":"偵","3387/46955554":"偶","3235/46955554":"偷","2088/23477777":"遷 塞","33258/23477777":"選","8539/46955554":"遺","1591/46955554":"遼","72/23477777":"遽 鍍 嫦 孖 楣 洙 甕 硅","1317/46955554":"偽 泳","8709/46955554":"避","163/46955554":"傀 鏵 漩","3316/23477777":"邀","1621/23477777":"邁","62/23477777":"邂 銓 唆 崴 紜","40084/23477777":"還","796/23477777":"傅 刷","65/46955554":"邇 呔 嗤 颯 鱸 崢 濰 燿 皎 礡 穹","20287/46955554":"邊","422/23477777":"傍","1967/46955554":"邏 堵","5009/46955554":"傑","325/23477777":"傘 卜","23321/46955554":"備","329/23477777":"傢 僧","36479/46955554":"那","8179/46955554":"邦","337/23477777":"邪","626/23477777":"催","1979/46955554":"邱","715/23477777":"傲","20760/23477777":"傳","432/23477777":"邵 壘","4594/23477777":"債","8357/23477777":"傷","290/23477777":"傻","3491/46955554":"傾","773/46955554":"郁","9551/23477777":"僅","1259/46955554":"郊","1302/23477777":"郎","11630/23477777":"像","2400/23477777":"僑 沉","161/23477777":"僕","744/23477777":"僚","965/46955554":"郝","747/46955554":"郡","103673/46955554":"部","4243/46955554":"郭 駕","1793/46955554":"僱","2306/23477777":"郵","50419/46955554":"價","103065/46955554":"都","2840/23477777":"儀","30831/46955554":"億","359/46955554":"儉 屁","11259/46955554":"鄉","426/23477777":"儒","3513/23477777":"儘","175/46955554":"鄙 嘎 馴 恃 氯 渭 着 祟","4221/46955554":"償","2084/23477777":"鄧","17163/46955554":"優","2472/23477777":"鄭","1652/23477777":"鄰","4335/46955554":"儲 泡 淡","227/46955554":"儷 妒","89/46955554":"鄺 錐 擢","337/46955554":"儼 叮 壺 汲","1156/23477777":"允","37067/23477777":"元","1283/23477777":"兄","11743/46955554":"充","1279/23477777":"兆 欲","1523/46955554":"兇","37663/46955554":"先","29143/46955554":"光","30643/46955554":"克","243/46955554":"酌 吼 壹 骸 戮 祠","1957/46955554":"兌","14479/46955554":"免","15735/46955554":"配","6120/23477777":"酒","21007/46955554":"兒","416/23477777":"兔","164/23477777":"兜 檸 滔","211/46955554":"兢 鋻 骷 鱷 嶽 燊","69653/46955554":"入","110069/46955554":"內","51724/23477777":"全","43657/23477777":"兩","121/23477777":"酪 鬍 殆 糙","22812/23477777":"八","777/23477777":"酬","61395/23477777":"公","45539/46955554":"六","95/86794":"共","695/46955554":"酵 錶","8481/46955554":"兵","43093/23477777":"其","909/23477777":"酷","11328/23477777":"具","2999/46955554":"酸","5733/23477777":"典","2349/23477777":"兼","218/23477777":"冀 焰","191/23477777":"醃 剔 懾","58/23477777":"冇 哼 闔 撬 昕","406/23477777":"醇 挪","657/23477777":"醉","109/23477777":"冉","1374/23477777":"冊 壯","334/23477777":"醋 眷","42481/46955554":"再","3097/46955554":"冒","2277/23477777":"醒","192/23477777":"冕","32/23477777":"醛 囪 黷 愫 斕 槤 潦 焯","232/23477777":"醞 陋 拐","7185/46955554":"冠","540/23477777":"冤","148/23477777":"冥 瘩","25843/46955554":"醫","1829/46955554":"醬","1830/23477777":"冬","7135/46955554":"冰","353/46955554":"冶","3818/23477777":"冷","616/23477777":"釀 瘦 罩","693/46955554":"釁","4333/46955554":"准","2307/46955554":"采 嘅","507/23477777":"凈 粽","4248/23477777":"釋","25455/46955554":"里","859/23477777":"凍","88157/46955554":"重","4358/23477777":"野","41955/46955554":"量","243/23477777":"釐 妃","74239/46955554":"金","513/46955554":"釘","876/23477777":"凝","8137/46955554":"針","2074/23477777":"凡","3601/46955554":"釣","4791/46955554":"凱","114/23477777":"凳 恍 毗 渥 玖 矣 稠","791/46955554":"凸 帆 狠","233/46955554":"凹 櫥","212705/46955554":"出","536/23477777":"函","1534/23477777":"刀","108773/46955554":"分","8141/23477777":"切","10409/46955554":"刊","7711/46955554":"刑","169/23477777":"划 卉 堰","277/46955554":"鈕 灼 糰","8874/23477777":"列","7986/23477777":"初","288/23477777":"鈞 晃","204/23477777":"鈣 厄 拱","16379/46955554":"判","17396/23477777":"別","74445/46955554":"利","483/23477777":"刪","523/46955554":"刮 癱","92899/23477777":"到","448/23477777":"鈴 掙","51277/46955554":"制","3355/23477777":"券 幸","339/46955554":"鈺 哄","2600/23477777":"刺","5628/23477777":"刻","319/46955554":"鈾","69/23477777":"鉀 咐 咩","35079/46955554":"則","657/46955554":"鉉","1057/23477777":"削","71/23477777":"剋 驢 鷗 滙 瑾 簇","63788/23477777":"前","48/23477777":"鉑 嘿 孺 嶇 鸞 撩 淞 竺","280/23477777":"剖 縷","505/46955554":"鉛 彪 炫","12005/46955554":"剛","607/23477777":"剝 卸","196/23477777":"鉤 癡","1358/23477777":"剩","816/23477777":"剪","19777/46955554":"副","1627/46955554":"割 框","33275/46955554":"創","10423/23477777":"銀","20965/46955554":"劃","916/23477777":"銅","9031/23477777":"劇","13265/46955554":"劉","968/23477777":"劍 磨","3807/46955554":"劑","247/46955554":"銖","1221/23477777":"銘","100829/46955554":"力","875/46955554":"銜","21075/46955554":"功","49344/23477777":"加","807/23477777":"劣","25265/46955554":"助","3685/23477777":"努","141/46955554":"銫 鑣 燁","913/23477777":"劫","2091/46955554":"銳 挫","17239/46955554":"銷","123/23477777":"劾 坷","547/46955554":"鋁 滄 禱","3253/46955554":"勁","5103/46955554":"勇","5167/46955554":"勒","4085/46955554":"鋒","109273/46955554":"動","780/23477777":"勘","27481/23477777":"務","12037/46955554":"勝","10167/46955554":"勞","1805/46955554":"募 鬼","14393/23477777":"勢","30/23477777":"鋤 嚎 餛 奬 悴 擰 擷 煦 痍 絳","2525/46955554":"勤","2063/46955554":"鋪","1019/46955554":"勳","2527/23477777":"勵 您","709/23477777":"勸","385/23477777":"勻 啤","2264/23477777":"鋼","1281/46955554":"勾","801/46955554":"勿 牠","12243/46955554":"錄","35725/46955554":"包","433/23477777":"匆","219/23477777":"匈","80385/46955554":"化","71297/46955554":"北","98/23477777":"錘 雌 燮 狙","15787/46955554":"錢","7883/46955554":"錦","971/46955554":"匪 稻","1025/23477777":"錫","7981/46955554":"匯 廳","4912/23477777":"錯","110/23477777":"匱 噩 囤 棧 澇","1117/46955554":"匹","1081/46955554":"匿 淩 禦","35065/23477777":"區","86886/23477777":"十","28173/46955554":"千","359/23477777":"卅","14452/23477777":"升","7540/23477777":"午","22165/46955554":"半","2969/46955554":"鍋","805/46955554":"卑 汰","15539/23477777":"協","26582/23477777":"南","18889/46955554":"博","495/46955554":"鍛 恤","927/23477777":"占","8559/23477777":"卡","18711/46955554":"印","13603/46955554":"危","30057/46955554":"即","213/23477777":"卵 咎 狐","2735/23477777":"鍵","14777/23477777":"卷","29183/46955554":"卻","819/23477777":"鍾","1641/46955554":"卿","86/23477777":"鎂 尉 瀛","809/46955554":"鎊 燦","1893/23477777":"鎖","612/23477777":"厘 窄","2344/23477777":"厚","21224/23477777":"原","412/23477777":"厭","10027/46955554":"鎮","1106/23477777":"厲","67737/46955554":"去","18079/23477777":"參","904/23477777":"鏈","17445/23477777":"又","100389/46955554":"及","13842/23477777":"友","24844/23477777":"反","467/23477777":"叔 殼 翠","34627/46955554":"取","99/23477777":"鏗","30689/23477777":"受","1291/46955554":"叛 闖","4057/46955554":"鏡","40941/46955554":"口","15543/46955554":"古","4897/46955554":"句","11531/23477777":"另","25320/23477777":"只","3384/23477777":"叫","8015/46955554":"召","127427/46955554":"可","70524/23477777":"台","32479/46955554":"史","4858/23477777":"右","26780/23477777":"司","15537/46955554":"吃","22013/23477777":"各","39693/23477777":"合","8337/46955554":"吉","1091/46955554":"吊 墜","517/46955554":"吋 漆 煞","94591/46955554":"同","82911/46955554":"名","2817/46955554":"后 崛","90/23477777":"吏 澈 猩","694/23477777":"吐","25679/23477777":"向","7891/46955554":"鐘","1629/23477777":"君","133/46955554":"吝 懺 柑","615/23477777":"吞 潑","19971/46955554":"否","4091/46955554":"吧","6223/46955554":"含","5135/23477777":"吳","955/46955554":"吵","13995/46955554":"鐵","187/23477777":"鐸","10797/46955554":"吸","1078/23477777":"吹","364/23477777":"吻 壩","1300/23477777":"呂","339/23477777":"呆","2180/23477777":"呈","15188/23477777":"告","782/23477777":"鑑","477/23477777":"鑒 奴","3536/23477777":"呢 靈","20971/46955554":"周","9089/23477777":"味","401/46955554":"呵 棕","5359/23477777":"呼","587/46955554":"鑼 羈","1453/46955554":"鑽","21947/46955554":"命","189/23477777":"鑿","139/23477777":"咀 撇","733/46955554":"咁 奎 淵","209/46955554":"咄 徙 斡 淒 竇","206285/46955554":"和","188/23477777":"咒","539/46955554":"咪 鞭 饒","467/46955554":"咸 掠 氰 盯","172/23477777":"咽","735/23477777":"哀","28008/23477777":"品","225/23477777":"哇 畔 矩 竄","5543/23477777":"哈","82519/46955554":"員","4420/23477777":"哥","343/46955554":"哦 篤","425/46955554":"哨 龜","256/23477777":"哩","2487/23477777":"哪","799/23477777":"哭","94/23477777":"哮 駝 嫉 魷 帑 樊 渤 熒 粟","2921/46955554":"哲","70/23477777":"哺 嗣 憫 拂","453/46955554":"唇 琉","4229/46955554":"唐","747/23477777":"唔","16065/46955554":"售","2799/23477777":"唯","9369/46955554":"唱","639/46955554":"唸","26703/23477777":"商","1020/23477777":"啊","33664/23477777":"問","7911/46955554":"啟","1935/46955554":"啡","1517/46955554":"啦 霾","329/46955554":"啲","58773/23477777":"長","43097/46955554":"門","863/23477777":"閃","7307/23477777":"善","687/46955554":"喉 鵝","4253/46955554":"閉","1222/23477777":"喊","113989/46955554":"開","1398/23477777":"閒","36951/23477777":"間","155/46955554":"閔 婪 庶","837/46955554":"喔 彷","299/23477777":"喘","1495/46955554":"喚","6056/23477777":"喜","1722/23477777":"喝","31877/46955554":"閣","174/23477777":"閥","417/46955554":"喧","131/46955554":"閨 愜 痊","653/23477777":"閩","2275/46955554":"喪","2689/46955554":"喬","14484/23477777":"單","31531/46955554":"閱","449/46955554":"喺 靡","202/23477777":"閻 祿 粧","723/23477777":"喻 鴨","389/46955554":"嗆","3185/46955554":"闆","1539/46955554":"闊","5361/46955554":"嗎","119/23477777":"嗜 烽","94129/46955554":"關","861/46955554":"闢 扯","100/23477777":"嗰 泵 瞪 禺 絆","765/23477777":"嘆","6473/46955554":"嘉","152/23477777":"嘔 綻","1306/23477777":"嘗","1801/46955554":"嘛","263/46955554":"阜 屹 湄 簿","93/46955554":"嘟 宸 澹 炊 琅 磐","193/23477777":"嘩 餃 犀","469/46955554":"阪","721/46955554":"阮 堤 漿","1454/23477777":"嘯","10841/23477777":"防","1046/23477777":"嘴","23219/46955554":"阿","3624/23477777":"附","803/46955554":"陌","7165/23477777":"降","17471/46955554":"限","519/46955554":"陜","1067/46955554":"陝 甫","45137/46955554":"院","3675/23477777":"陣","25467/46955554":"除","6246/23477777":"器","242/23477777":"噪 殲 澱 瞻","1404/23477777":"陪","122/23477777":"噬 氓 猝","4961/46955554":"陰","67/23477777":"噱 嶸 巍 惋 扈 沌","16886/23477777":"陳","745/23477777":"噴","1923/46955554":"陵","1061/23477777":"陶 斤","2357/23477777":"陷","1587/23477777":"噸","35117/46955554":"陸","917/46955554":"噹","5906/23477777":"陽","4785/46955554":"隆","17336/23477777":"隊","9443/46955554":"階","1423/46955554":"嚐 屈","2136/23477777":"隔","171/46955554":"隘 颳 愕 摒 擘 杖 綏","140/23477777":"隙 飪 曠 樺 瓣","21934/23477777":"際","108/23477777":"嚟 髏 杞 羲","20319/46955554":"隨","14507/46955554":"險","457/46955554":"嚮 敞","2504/23477777":"隱","73/23477777":"隴 梟 盔","21441/46955554":"嚴","173/46955554":"嚷","509/46955554":"隸 甄","4505/46955554":"隻","317/46955554":"嚼 棣 缸","1381/46955554":"雀","214/23477777":"雁 楷","511/46955554":"囂","10365/46955554":"雄","3249/23477777":"雅","32985/46955554":"集","451/23477777":"雇 獵","614/23477777":"囊 熙 翰","220/23477777":"囑 畜 穗","1683/46955554":"雕 壁","9568/23477777":"雖","10217/23477777":"雙","251/46955554":"雛 岐 瞎","70197/46955554":"四","4157/23477777":"雜","5175/46955554":"雞","23938/23477777":"回","43071/23477777":"因","10246/23477777":"離","16512/23477777":"難","4012/23477777":"雨","7305/46955554":"雪","276/23477777":"雯","10481/46955554":"困","5638/23477777":"雲","19750/23477777":"零","3263/23477777":"雷","2615/23477777":"固","73667/46955554":"電","28451/46955554":"需","103/23477777":"霄 廓 悸 憊 梓 紳","466/23477777":"霆","6812/23477777":"震","2214/23477777":"圈","227872/23477777":"國","6471/23477777":"圍 父","7982/23477777":"園","6271/46955554":"圓","10269/23477777":"圖","39959/46955554":"團","363/23477777":"霜","397/23477777":"霞","9302/23477777":"土","633/23477777":"霧","214507/23477777":"在","80801/23477777":"地","7028/23477777":"露","2737/23477777":"圳","1128/23477777":"霸","129/23477777":"霹 瑯","1511/46955554":"圾","1197/23477777":"址 奈","125/23477777":"靂 朽 猖 綵","14985/46955554":"均","748/23477777":"坊","1127/46955554":"坎 廿","3497/23477777":"坐","437/23477777":"坑 梭","8552/23477777":"青","1185/46955554":"靖 晤","5661/46955554":"靜","20251/23477777":"非","3782/23477777":"靠 飯","5489/23477777":"坡","87317/46955554":"面","1663/46955554":"坤 滬","7311/46955554":"坦","20839/46955554":"革","1305/46955554":"坪 犧","1015/46955554":"垂","760/23477777":"垃","24157/46955554":"型","1071/46955554":"鞏","303/23477777":"垮 頑","1535/23477777":"埃","2533/46955554":"韋","32769/46955554":"城","22275/46955554":"韓","974/23477777":"埔 幽","14551/46955554":"域","903/46955554":"埠","9912/23477777":"音","8995/23477777":"執","3539/23477777":"培","47789/46955554":"基","382/23477777":"韻 籤","24775/46955554":"響","1246/23477777":"頁","7389/46955554":"堂 掌","5155/46955554":"頂","375/46955554":"堃","355/23477777":"頃 媛 杏","14336/23477777":"項","11829/46955554":"堅","4091/23477777":"順","15465/46955554":"須","428/23477777":"頌","14293/23477777":"預","1403/23477777":"頒","8081/46955554":"頓","1502/23477777":"頗","19032/23477777":"領","1299/23477777":"堡","17642/23477777":"頭","176/23477777":"堯 饑 炙","197/46955554":"頰 帛","37455/23477777":"報","99141/46955554":"場","1115/46955554":"頸 琦","3343/23477777":"頻","2145/46955554":"顆","3452/23477777":"塊","1347/46955554":"塌","29645/23477777":"題","6331/23477777":"額","2403/23477777":"塑","8957/46955554":"塔","1311/46955554":"塗","759/46955554":"塘","13641/46955554":"願","1233/46955554":"顛","9739/23477777":"類","589/23477777":"塢 椒 矚","10685/46955554":"顧","201/46955554":"顫 姍 溉 疹","1849/46955554":"填","27197/46955554":"顯","161/46955554":"顱 妤 岱 懋","1513/46955554":"塵","23791/46955554":"境","345/23477777":"墅","737/46955554":"墊 疊","1577/46955554":"墓 琳 碑","19145/23477777":"增","208/23477777":"墟 鳩","1628/23477777":"墨","35339/46955554":"風","88/23477777":"墩 鷺 搓 柚","289/23477777":"墮","1041/46955554":"颱","311/46955554":"墳 敷","680/23477777":"飄","1285/46955554":"飆","4499/23477777":"壇","17507/46955554":"壓","7865/23477777":"飛","2690/23477777":"壞","1107/46955554":"壟","24091/46955554":"食","1665/46955554":"壤","17601/23477777":"士","5623/46955554":"飲","297/23477777":"飼","2809/46955554":"壽","2755/46955554":"飽","6537/46955554":"飾","1799/46955554":"餅 敘","13205/46955554":"養","4943/23477777":"夏 洋","5025/23477777":"餐","651/46955554":"餓","1094/23477777":"夕","52173/23477777":"外","4374/23477777":"餘","71612/23477777":"多","4041/23477777":"夜","13631/46955554":"夠","413/46955554":"餡 懶","7149/46955554":"夢","1345/23477777":"夥 宴","159414/23477777":"大","7785/23477777":"館","86371/46955554":"天","28723/46955554":"太","11969/23477777":"夫","20161/46955554":"央","685/46955554":"夯","26171/46955554":"失","447/23477777":"夷 齣","897/23477777":"夾 竊","165/23477777":"饅","12213/46955554":"奇","2271/46955554":"奉 桌 歧","4089/46955554":"奏","767/46955554":"饕 沛 淇","258/23477777":"奕","8769/46955554":"套","1345/46955554":"奠","8870/23477777":"奧","5923/46955554":"奪","3503/46955554":"奮 潔","43989/46955554":"女","2320/23477777":"奶","22220/23477777":"她","68793/46955554":"好","38838/23477777":"如","183/23477777":"妄 燭","224/23477777":"妓","223/23477777":"妖 黛 篩","44385/46955554":"首","60587/46955554":"香","501/23477777":"妝","2035/46955554":"妥 擠","1059/46955554":"妨 悟","30072/23477777":"馬","2019/46955554":"妮","991/23477777":"馮","480/23477777":"妳 磋","1261/46955554":"馳 忌 粹","3991/46955554":"妹","2687/23477777":"妻","1157/46955554":"駁","4305/46955554":"姆","1457/46955554":"姊 杉","28905/46955554":"始","2053/23477777":"姐","4304/23477777":"駐","569/23477777":"姑 澄","3582/23477777":"姓","17334/23477777":"委","2531/46955554":"姚","1740/23477777":"駛","1293/46955554":"姜","302/23477777":"姦 宙 瘤","201/23477777":"姨","459/23477777":"姬 狼","282/23477777":"駭","443/46955554":"駱 洶","1791/46955554":"姻","292/23477777":"駿","1927/46955554":"姿","18115/46955554":"威","1455/46955554":"娃 洽","2011/46955554":"騎","1059/23477777":"娘","1513/23477777":"騙","2829/46955554":"娛","1378/23477777":"娜","397/46955554":"娟","97/23477777":"娣 媲 戛 曰 柵 祐","1873/23477777":"騰 捐","238/23477777":"娶","839/23477777":"騷 慕","2473/46955554":"驅 液","3023/46955554":"婆 罷","869/46955554":"婉","424/23477777":"驕","16679/46955554":"驗","8331/46955554":"驚","10603/46955554":"婚","919/46955554":"驟","7443/46955554":"婦","905/46955554":"婷","12696/23477777":"媒","4661/46955554":"骨","85/46955554":"骯 暹 檜 焗 珈","281/23477777":"媳","3836/23477777":"媽","659/23477777":"嫁 瞭","5831/46955554":"嫌","403/46955554":"髒","81799/46955554":"體","157/46955554":"嫖 寰 悖 眩","105465/46955554":"高","664/23477777":"嫩","1463/23477777":"髮","275/46955554":"嫻","5321/46955554":"鬆","411/23477777":"嬌","183/46955554":"鬚 盞","158/23477777":"嬤 扳","3562/23477777":"鬥","3143/46955554":"鬧 拖","1649/46955554":"嬰","700/23477777":"鬱","789/23477777":"魂","1585/46955554":"魅","1257/46955554":"魏","40169/23477777":"子","3717/46955554":"孔","2495/46955554":"魔","2039/46955554":"孕","9019/23477777":"字","103/46955554":"魘 憋 桔 汐 淌 窪","17313/46955554":"存","847/46955554":"孚 悼","4094/23477777":"魚","895/23477777":"孝","848/23477777":"孟","8499/23477777":"季","2841/46955554":"孤","6040/23477777":"孩","5789/46955554":"孫","3059/23477777":"魯","120019/46955554":"學","9346/23477777":"它","2113/23477777":"宅","2200/23477777":"宇","8811/46955554":"守","28335/23477777":"安","4685/46955554":"宋","13636/23477777":"完","4977/46955554":"宏","446/23477777":"鮑 弘","4991/23477777":"宗","15661/23477777":"官","76797/46955554":"定","2871/23477777":"宜","18184/23477777":"客","21243/46955554":"宣","10623/46955554":"室","6355/46955554":"宮","6643/23477777":"鮮","553/46955554":"宰 崎","6575/23477777":"害","304/23477777":"宵","81408/23477777":"家","26087/23477777":"容","2569/46955554":"宿","444/23477777":"寂 砂","1162/23477777":"寄","15191/46955554":"密","198/23477777":"寇 齋 揣 爪","77/23477777":"鯉 捩 晦 梧 殃 禎 笈","9349/23477777":"富","3299/46955554":"寒","1475/46955554":"寓","485/46955554":"寞 毯","16335/46955554":"察","39709/23477777":"實","9533/46955554":"寧","884/23477777":"寨 碎","11753/46955554":"審","17183/46955554":"寫","5725/46955554":"寬","804/23477777":"寮","1093/46955554":"寵 屠","7587/23477777":"寶","1115/23477777":"寺 桿","7067/46955554":"封","9869/46955554":"射","111073/46955554":"將","16627/23477777":"專","5547/46955554":"尊","4458/23477777":"尋","91410/23477777":"對","23110/23477777":"導","40724/23477777":"小","45007/46955554":"少","2251/46955554":"尖","7781/46955554":"尚","4384/23477777":"尤","62660/23477777":"就","421/46955554":"鰲 椎","2417/46955554":"尺","9053/23477777":"尼","3151/46955554":"尾","1014/23477777":"尿","53537/46955554":"局","20153/46955554":"居","6168/23477777":"屆","8803/46955554":"屋","1503/46955554":"屍","2053/46955554":"屏","51/23477777":"屐 龕 睬 磕 箔 絮","357/46955554":"屑","36465/23477777":"展","1337/46955554":"屢","17539/46955554":"層","1429/46955554":"履 瘋","7344/23477777":"屬","637/46955554":"屯","16574/23477777":"山","207/46955554":"岌 岑 沁 瀚 獗 皓","619/23477777":"岡","743/23477777":"岩","967/46955554":"岳","11229/23477777":"岸","619/46955554":"峇 櫻","462/23477777":"峙","1204/23477777":"鳥","3511/23477777":"峰","1509/23477777":"鳳","1739/46955554":"鳴","8772/23477777":"島","623/23477777":"峻","4023/46955554":"峽","1063/23477777":"崇 循","531/46955554":"鴉 滷","1301/46955554":"崔","951/23477777":"崗","490/23477777":"崙","1346/23477777":"鴻","253/46955554":"嵌 忡","1857/46955554":"鵬","597/46955554":"鶴 幢 桐","600/23477777":"嶺","1049/46955554":"嶼 秉","299/46955554":"巔","7517/46955554":"川","27869/46955554":"州","3743/46955554":"巡","641/46955554":"巢","90735/46955554":"工","4292/23477777":"巨","608/23477777":"巫 瓊","10469/46955554":"差","18330/23477777":"己","81061/46955554":"已","14497/23477777":"巴","648/23477777":"巷","1247/46955554":"鷹 砲","360/23477777":"巾","961/46955554":"巿","59714/23477777":"市","14725/23477777":"布","29859/46955554":"希","2381/46955554":"帕","1005/46955554":"帖","4377/46955554":"帝","1333/23477777":"帥","29791/46955554":"師","26607/46955554":"席","2727/46955554":"帳","29559/46955554":"帶","381/46955554":"帷 枕 甩","21965/23477777":"常","668/23477777":"帽","12683/46955554":"幅","5094/23477777":"幕","15355/46955554":"幣","5137/23477777":"幫","1950/23477777":"干","58975/46955554":"平","140787/23477777":"年","1027/46955554":"鹹 泄","3878/23477777":"幹","1896/23477777":"幻","2635/46955554":"幼","13589/23477777":"幾","1159/46955554":"鹿","278/23477777":"庇 撾 淆 筍","1496/23477777":"床","3352/23477777":"序","17889/46955554":"底","10819/46955554":"麗","9520/23477777":"店","181/23477777":"庚","32064/23477777":"府","497/23477777":"麟","5107/46955554":"麥 拒","72603/46955554":"度","11951/46955554":"座","3100/23477777":"庫","11991/46955554":"庭","13061/46955554":"康","585/23477777":"庸","5247/46955554":"麻","34775/46955554":"麼","679/46955554":"廁","531/23477777":"廂","9725/23477777":"黃","3305/46955554":"廈","1163/46955554":"廊","2218/23477777":"黎","269/23477777":"黏","13939/46955554":"黑","604/23477777":"廖 砸","4939/46955554":"默","1899/46955554":"廚 征","32647/23477777":"點","1691/46955554":"廟","12907/46955554":"廠","3705/46955554":"廢","17914/23477777":"廣","67147/46955554":"黨","287/46955554":"黯 徘","4280/23477777":"延","4001/46955554":"廷","68795/46955554":"建","1001/23477777":"弄","646/23477777":"鼎","21719/23477777":"式","237/46955554":"弓 穌","3180/23477777":"鼓","16459/23477777":"引","1535/46955554":"弗","5283/46955554":"弟","1051/46955554":"鼠","472/23477777":"弦 盒","145/46955554":"弩 瞳","6287/46955554":"弱","16834/23477777":"張","50811/46955554":"強","12511/46955554":"彈","3230/23477777":"齊","603/23477777":"彌 撫","929/46955554":"彎 暉","783/46955554":"齒","585/46955554":"彙","2591/23477777":"齡","13218/23477777":"形","127/23477777":"彤 痘","573/23477777":"彥","35461/46955554":"彩","1150/23477777":"彭 挺","1947/46955554":"彰","46759/46955554":"影","2729/46955554":"役","1644/23477777":"彼","26623/46955554":"往","14669/46955554":"待","57157/46955554":"很","10475/23477777":"律","72433/23477777":"後","7444/23477777":"龍 緊","2013/23477777":"徐","2189/46955554":"龐","1672/23477777":"徑","4941/46955554":"徒","499/46955554":"龔 橡","47928/23477777":"得","33634/23477777":"從","137/46955554":"徠 秤","435/46955554":"御","16427/46955554":"復","5182/23477777":"微","7003/46955554":"徵","32535/46955554":"德","3317/46955554":"徹","1549/46955554":"徽","83571/46955554":"心","24275/46955554":"必","1501/23477777":"忍","12141/46955554":"志","4313/46955554":"忘","2040/23477777":"忙","4285/46955554":"忠","10723/23477777":"快","101/23477777":"忱 撻","16341/46955554":"念 減","1536/23477777":"忽","4173/23477777":"怎","1307/23477777":"怒","6187/46955554":"怕","4133/46955554":"怖","9976/23477777":"思","11301/46955554":"急","29843/23477777":"性","1148/23477777":"怨","2268/23477777":"怪","10855/46955554":"恐","4233/46955554":"恢","1653/46955554":"恨 猜","6707/46955554":"恩","703/46955554":"恭","12797/23477777":"息","2443/46955554":"恰","1321/46955554":"悄","955/23477777":"悅","6459/46955554":"悉","951/46955554":"悔","75/23477777":"悚 睽 篡 綸","627/23477777":"悠","3520/23477777":"患","2098/23477777":"悲","1037/46955554":"悶","34170/23477777":"情","1329/46955554":"惑","322/23477777":"惕","3051/46955554":"惜 扮","827/46955554":"惟","3153/23477777":"惡","21164/23477777":"想","503/23477777":"惹","749/46955554":"愁","1870/23477777":"愈","370/23477777":"愉 攏","70851/46955554":"意","26735/46955554":"愛","42083/46955554":"感","483/46955554":"愧 粥","3527/46955554":"慈","21237/46955554":"態","580/23477777":"慌 慨 棋","2397/46955554":"慎","2859/46955554":"慘","3081/23477777":"慢","2015/23477777":"慣","2556/23477777":"慧","4307/23477777":"慮","885/23477777":"慰","12197/46955554":"慶","553/23477777":"慾","4793/46955554":"憂","255/23477777":"憐 窯","3011/46955554":"憑","165/46955554":"憚 戳 拇","1070/23477777":"憤","5905/46955554":"憲","4823/46955554":"憶","873/23477777":"憾 挖","1475/23477777":"懂","252/23477777":"懈 暈","57807/46955554":"應","9267/46955554":"懷","2025/46955554":"懸","732/23477777":"懼","2017/23477777":"戀","759/23477777":"戈","231/46955554":"戎","165079/46955554":"成","129497/46955554":"我","3203/46955554":"戒","39263/46955554":"或","310/23477777":"戚","2544/23477777":"截","25165/23477777":"戰","13897/46955554":"戲","2383/23477777":"戴","15661/46955554":"戶","32141/46955554":"房","81655/46955554":"所","5546/23477777":"扁","561/46955554":"扇","52889/46955554":"手","17274/23477777":"才","2725/46955554":"扎","19686/23477777":"打","2002/23477777":"托","4595/46955554":"扣","888/23477777":"扭","2287/46955554":"扶","19809/46955554":"批","6713/23477777":"找","8002/23477777":"承","24245/46955554":"技","393/23477777":"抄 楓","32451/46955554":"把","2105/46955554":"抑","4081/46955554":"抓","21556/23477777":"投","6839/23477777":"抗","3498/23477777":"折","621/46955554":"抨","2875/46955554":"披 旺","634/23477777":"抬","3855/46955554":"抱","5933/46955554":"抵","2899/46955554":"押","3865/46955554":"抽","3373/46955554":"拆","38449/46955554":"拉","587/23477777":"拌 氧 煌","5688/23477777":"拍","2871/46955554":"拓 殖","1085/23477777":"拔","179/46955554":"拗 擄 湃","2339/46955554":"拘","569/46955554":"拙 撕 翌","689/46955554":"拚","10233/46955554":"招","5423/46955554":"拜","10616/23477777":"括","272/23477777":"拯 瀏","1599/46955554":"拳","2087/46955554":"拼","489/23477777":"拾","6892/23477777":"拿","53629/46955554":"持","57601/46955554":"指","5254/23477777":"按","8573/46955554":"挑","235/23477777":"挨","2039/23477777":"振","153/23477777":"挹","977/46955554":"挽","215/46955554":"捆 爹 癥","545/23477777":"捉","525/46955554":"捏 掏 揆","2969/23477777":"捕","1197/46955554":"捧","567/23477777":"捨","1119/23477777":"捲","1292/23477777":"捷","1469/46955554":"掀","1813/23477777":"掃 皆","8909/46955554":"授","2635/23477777":"掉","21849/46955554":"排","666/23477777":"掘","1642/23477777":"掛","19459/46955554":"採","4231/23477777":"探","24217/23477777":"接","18249/46955554":"控","17673/23477777":"推","775/23477777":"掩","3888/23477777":"措","373/46955554":"揉 橘","1616/23477777":"描","32179/23477777":"提","925/23477777":"插","6317/46955554":"揚","10347/46955554":"換","5137/46955554":"握","191/46955554":"揪 殉 沐","4213/46955554":"揭","9797/46955554":"揮","4891/23477777":"援","3933/23477777":"損","753/46955554":"搏","3385/46955554":"搖 晶","1854/23477777":"搜","2122/23477777":"搞","1277/23477777":"搬","3168/23477777":"搭","8405/46955554":"搶","555/46955554":"摔 株","1425/46955554":"摘 牲","811/46955554":"摧","2227/23477777":"摩","393/46955554":"摯 睇 瞧","120/23477777":"摺 疤","2149/46955554":"撐","552/23477777":"撒","503/46955554":"撓","1713/23477777":"撞","3941/46955554":"撤","2625/46955554":"撥","6428/23477777":"播","115/46955554":"撮 攢","1761/46955554":"撰","2789/46955554":"撲","595/23477777":"撼 朵","237/23477777":"撿","5112/23477777":"擁","577/23477777":"擅","9735/46955554":"擇","23855/46955554":"擊","1507/46955554":"擋","5115/46955554":"操","453/23477777":"擎 紓","8844/23477777":"擔","41259/46955554":"據","1557/46955554":"擦","1414/23477777":"擬","537/46955554":"擲 泌 稚","4922/23477777":"擴","2413/23477777":"擺","1660/23477777":"擾","1367/46955554":"攀","1134/23477777":"攜","3727/23477777":"攝","2003/46955554":"攤","316/23477777":"攪","343/23477777":"攬 瀾","30963/46955554":"支","42411/46955554":"收","42239/46955554":"改","4741/23477777":"攻","38239/46955554":"放","156941/46955554":"政","8311/23477777":"故","9635/23477777":"效","2604/23477777":"敏","14141/46955554":"救","1209/46955554":"敖","4724/23477777":"敗","48691/46955554":"教","2448/23477777":"敢","7633/46955554":"散","1617/23477777":"敬","1299/46955554":"敲","27677/46955554":"整","3997/46955554":"敵","50423/46955554":"數","166/23477777":"斂 汝","93895/46955554":"文","1413/46955554":"斌 滯","543/23477777":"斑 纏","425/23477777":"斗","11532/23477777":"料","457/23477777":"斜","1821/46955554":"斥","145/23477777":"斧 栩 禹","22187/23477777":"斯","65037/23477777":"新","19993/46955554":"斷","128731/46955554":"方","65736/23477777":"於","23851/46955554":"施","1871/23477777":"旁","10729/23477777":"旅","2103/46955554":"旋","19347/46955554":"族","3171/23477777":"旗","3809/23477777":"既","194461/46955554":"日","2838/23477777":"旦","731/23477777":"旨","11681/23477777":"早","2477/46955554":"旬","1047/46955554":"旭","727/23477777":"旱","860/23477777":"昆","434/23477777":"昇","2518/23477777":"昌","69213/46955554":"明","524/23477777":"昏 繩","12929/23477777":"易","1135/46955554":"昔","10059/23477777":"星","6953/46955554":"映","6107/23477777":"春","436/23477777":"昧 瑰","7465/23477777":"昨","568/23477777":"昭 溢","223171/23477777":"是","315/46955554":"昱","92233/23477777":"時","950/23477777":"晉","8023/23477777":"晚","5173/46955554":"晨","15233/46955554":"普","8675/23477777":"景","533/23477777":"晰","596/23477777":"晴","4545/23477777":"智","1823/46955554":"暑","1355/23477777":"暖","4045/46955554":"暗","2665/46955554":"暢","692/23477777":"暨","2673/23477777":"暫","5314/23477777":"暴","5215/46955554":"曉","155/23477777":"曖 氫 祉","190/23477777":"曙 泣","1005/23477777":"曝","881/46955554":"曬","9655/46955554":"曲","32307/23477777":"更","46461/46955554":"書","1489/46955554":"曹","6789/46955554":"曼","31375/46955554":"曾","5037/46955554":"替","51736/23477777":"最","260607/46955554":"會","114105/46955554":"月","181013/23477777":"有","9517/46955554":"朋","13248/23477777":"服","194/23477777":"朔","2986/23477777":"朗","18274/23477777":"望","6909/23477777":"朝","98383/46955554":"期","40305/46955554":"未","5241/46955554":"末","115269/46955554":"本","5537/46955554":"朱","221/23477777":"朴","13551/23477777":"李","4288/23477777":"材","14585/46955554":"村","2234/23477777":"杜","8061/46955554":"束","1006/23477777":"杭","1640/23477777":"杯 淨","496/23477777":"杰","54739/46955554":"東","1968/23477777":"松","4708/23477777":"板","160/23477777":"枉 榻","4205/23477777":"析","28391/46955554":"林","660/23477777":"枚","24865/23477777":"果","1685/46955554":"枝 粵","240/23477777":"枯","8753/46955554":"架","2071/23477777":"柏","7967/46955554":"某","6769/46955554":"染","2055/46955554":"柔","29339/46955554":"查","852/23477777":"柱","1179/46955554":"柳","609/23477777":"柴","10448/23477777":"校","19075/46955554":"核","21993/46955554":"根","35049/46955554":"格","1527/46955554":"桂","2751/46955554":"桃","40147/46955554":"案","1679/23477777":"桑","817/23477777":"桶","4533/46955554":"梁","6059/46955554":"梅","273/46955554":"梗 椰","10982/23477777":"條","464/23477777":"梨 碟","1951/46955554":"梯","751/23477777":"械","347/46955554":"梳 溺 矯 簾","312/23477777":"梵","5373/46955554":"棄","527/23477777":"棉 棵 滴","315/23477777":"棍","2843/46955554":"棒","390/23477777":"棚 碌","874/23477777":"棟","197/23477777":"棠 綢","6851/46955554":"森","262/23477777":"棲 睿","1095/46955554":"椅","3827/46955554":"植","8541/46955554":"楊","2710/23477777":"楚","61099/23477777":"業","11372/23477777":"極","2394/23477777":"概","107/23477777":"榔 璨 睫 竅 翩","1906/23477777":"榜 疾","205/23477777":"榭","9395/46955554":"榮","19461/46955554":"構","5453/46955554":"槍","16423/23477777":"樂","937/46955554":"樑 浴","14731/46955554":"樓","13447/23477777":"標","8265/23477777":"模","42491/46955554":"樣","602/23477777":"樸","3326/23477777":"樹","2861/23477777":"橋","217/23477777":"橙","44884/23477777":"機","1612/23477777":"橫","3839/46955554":"檔","16769/46955554":"檢","367/23477777":"檻","1867/46955554":"櫃","1026/23477777":"欄","49319/46955554":"權","2143/46955554":"欠 淋","37759/23477777":"次","2045/23477777":"欣","823/23477777":"欺","537/23477777":"欽 糯","19095/46955554":"款","663/46955554":"歇","2097/46955554":"歉","15193/46955554":"歌","22887/46955554":"歐","6943/23477777":"歡","14223/46955554":"止","91173/46955554":"正","35207/23477777":"此","13795/23477777":"步","16551/46955554":"武","260/23477777":"歪","19991/46955554":"歲","31727/46955554":"歷","7659/46955554":"歸","433/46955554":"歹","19933/46955554":"死","4101/23477777":"殊","3551/46955554":"殘","137/23477777":"殯 瑕 璧","9647/23477777":"段","789/46955554":"殷","10761/46955554":"殺","1825/23477777":"毀","1278/23477777":"毅","1043/46955554":"毆","6532/23477777":"母","36379/46955554":"每","9153/46955554":"毒","59157/46955554":"比","4178/23477777":"毛","2066/23477777":"毫","2228/23477777":"氏","85748/23477777":"民","1723/23477777":"氛","17231/23477777":"氣","53627/46955554":"水","2029/46955554":"汁","19364/23477777":"求","4095/46955554":"汗","133/23477777":"汙","146/23477777":"汛","10333/23477777":"江","2771/46955554":"池","5587/46955554":"污","858/23477777":"汪","571/23477777":"汶","37579/46955554":"決","10845/46955554":"汽","2043/46955554":"沃","2017/46955554":"沈 碩","32952/23477777":"沒","2/43397":"沖","5119/23477777":"沙","1215/46955554":"沫","12785/46955554":"河","899/46955554":"沸","11666/23477777":"油","26089/23477777":"治","377/23477777":"沾","1917/23477777":"沿","10618/23477777":"況","2151/23477777":"泉","1175/46955554":"泊","55875/23477777":"法","5727/46955554":"泛","7675/23477777":"波","1727/23477777":"泥","18445/46955554":"注","7030/23477777":"泰","2424/23477777":"洗","2819/23477777":"洛","2813/46955554":"洞","4225/46955554":"津","1559/46955554":"洩","2385/23477777":"洪","14527/23477777":"洲","46229/46955554":"活","22385/46955554":"派","18315/23477777":"流","1533/23477777":"浙","981/23477777":"浦","1035/23477777":"浩","3068/23477777":"浪","2979/46955554":"浮 疆","78723/46955554":"海","487/23477777":"浸","30893/46955554":"消","5296/23477777":"涉","1619/46955554":"涯 爺","901/23477777":"涼 玻","1108/23477777":"淑","2383/46955554":"淚","520/23477777":"淪","286/23477777":"淫","372/23477777":"淮","15313/23477777":"深","1853/23477777":"混","305/23477777":"淹","684/23477777":"淺","3135/46955554":"添","25689/46955554":"清","178/23477777":"渝","1723/46955554":"渠","1885/23477777":"渡","10973/46955554":"測","37628/23477777":"港","1055/46955554":"渴","3937/46955554":"游","235/46955554":"渺","661/46955554":"渾","324/23477777":"湊","4541/23477777":"湖","1053/46955554":"湘","369/46955554":"湛","1076/23477777":"湧","2293/23477777":"湯 篇","11605/23477777":"源","10902/23477777":"準","341/23477777":"溜","2154/23477777":"溝","928/23477777":"溪","8951/23477777":"溫","493/46955554":"溶","3065/46955554":"滅","3039/46955554":"滋","1995/23477777":"滑","879/46955554":"滲","2125/46955554":"滾","21899/46955554":"滿","1572/23477777":"漁","850/23477777":"漂","1491/23477777":"漏","36423/46955554":"演","584/23477777":"漠 炭","9569/46955554":"漢","4367/46955554":"漫","11009/46955554":"漲","2649/46955554":"潘 繫","5057/46955554":"潛","1878/23477777":"潤","4276/23477777":"潮","185/23477777":"澀","550/23477777":"澎","365/46955554":"澡","7223/46955554":"澤","16605/46955554":"澳","11855/46955554":"激","371/46955554":"濁","4053/46955554":"濃","1589/46955554":"濕","26627/23477777":"濟","5847/46955554":"濤","2089/46955554":"濱","437/46955554":"瀆 稽","617/46955554":"瀉","356/23477777":"瀋","303/46955554":"瀑","349/46955554":"瀕","947/46955554":"灌","973/46955554":"灑 睹","1411/46955554":"灘","73507/46955554":"灣","10957/23477777":"火","972/23477777":"灰","545/46955554":"灸 祕","14043/46955554":"災","3649/46955554":"炎","1684/23477777":"炒 爸","233/23477777":"炬","1817/46955554":"炮","901/46955554":"炳 熬","7093/46955554":"炸","135619/23477777":"為","10635/46955554":"烈","2187/23477777":"烏","381/23477777":"烹","30139/23477777":"無","4399/46955554":"焦","35938/23477777":"然","597/23477777":"煉","697/46955554":"煎","2023/23477777":"煙","1649/23477777":"煤","629/46955554":"煥","18421/46955554":"照","1903/46955554":"煩","2183/46955554":"煮","731/46955554":"煽 瑟","246/23477777":"熄","1448/23477777":"熊","6099/46955554":"熟","23991/46955554":"熱","1734/23477777":"燃","4173/46955554":"燈","261/23477777":"燉","5099/46955554":"燒","1897/46955554":"燕","567/46955554":"燙","27393/46955554":"營","306/23477777":"燥","11707/46955554":"爆","1032/23477777":"爐","1419/46955554":"爛","15822/23477777":"爭","727/46955554":"爵","551/23477777":"爽","30523/46955554":"爾","2355/46955554":"牆","26567/46955554":"片","16745/46955554":"版","7850/23477777":"牌","6197/46955554":"牙","8087/46955554":"牛","625/46955554":"牟","869/23477777":"牡","770/23477777":"牢","1789/46955554":"牧","22006/23477777":"物","60323/46955554":"特","3087/46955554":"牽","645/46955554":"犬","10771/46955554":"犯","6655/23477777":"狀","653/46955554":"狄","2437/46955554":"狗","1172/23477777":"猛","215/23477777":"猴 穀","2451/46955554":"猶 糾","1596/23477777":"獄","1463/46955554":"獅","8162/23477777":"獎","20421/46955554":"獨","14273/23477777":"獲","494/23477777":"獸","3325/23477777":"獻","1061/46955554":"玄","12356/23477777":"率","3331/23477777":"玉","12756/23477777":"王","7625/46955554":"玩","735/46955554":"玫 罐","2405/46955554":"玲","410/23477777":"珊","4949/46955554":"珍","2434/23477777":"珠","14447/46955554":"班","151037/46955554":"現","23177/23477777":"球","83173/46955554":"理","1/43397":"琪","1777/23477777":"琴","415/23477777":"瑋","746/23477777":"瑜 璃 碳","7831/46955554":"瑞","230/23477777":"瑤","11107/23477777":"環","1638/23477777":"瓜","5563/46955554":"瓦","1751/46955554":"瓶","438/23477777":"瓷","3995/46955554":"甘","17309/46955554":"甚","1784/23477777":"甜","76602/23477777":"生","23368/23477777":"產","28823/46955554":"産","914/23477777":"甦","89431/46955554":"用","4495/23477777":"田","34508/23477777":"由","4147/46955554":"甲","5880/23477777":"申","9257/23477777":"男","1657/23477777":"甸","265/23477777":"町","49603/46955554":"界","9023/23477777":"留","672/23477777":"畝","7715/46955554":"畢","6995/23477777":"略","3641/46955554":"番","15613/46955554":"畫","8801/46955554":"異","56499/23477777":"當","392/23477777":"疇","1185/23477777":"疏","13555/46955554":"疑","297/46955554":"疙 皺","2090/23477777":"疫","1749/46955554":"疲","221/46955554":"疵 瘟","579/23477777":"疼","20427/46955554":"病","5785/46955554":"症","8135/46955554":"痛","423/46955554":"瘓","10521/46955554":"療","1611/23477777":"癌","527/46955554":"癒","419/46955554":"癢","265/46955554":"癬 禾","667/46955554":"癮","14571/46955554":"登","168721/46955554":"發","10944/23477777":"白","55367/46955554":"百","753766/23477777":"的","2503/23477777":"皇","7951/46955554":"皮","787/23477777":"盃","887/46955554":"盆","1959/23477777":"盈","10048/23477777":"益","1/86794":"盎","9313/46955554":"盛","1140/23477777":"盜","5925/23477777":"盟","10135/46955554":"盡","16405/46955554":"監","5437/23477777":"盤","3137/46955554":"盧","835/23477777":"盪","68003/46955554":"目","593/23477777":"盲","17556/23477777":"直","32313/23477777":"相","1323/46955554":"盼","1839/23477777":"盾","13683/23477777":"省","1397/46955554":"眉","28167/23477777":"看","30069/46955554":"真","1509/46955554":"眠","14527/46955554":"眼","39213/46955554":"眾","583/46955554":"睞","1714/23477777":"睡","5565/46955554":"督","241/23477777":"瞄","763/46955554":"瞞","823/46955554":"瞬","3139/46955554":"矛","168/23477777":"矢","37483/46955554":"知","6008/23477777":"短","497/46955554":"矮","16489/46955554":"石","618/23477777":"砍","28599/46955554":"研","16835/46955554":"破","5379/46955554":"硬","231/23477777":"碘","1191/46955554":"碧","2181/46955554":"碰","11097/23477777":"確","2952/23477777":"碼","460/23477777":"磁","475/46955554":"磊","1781/46955554":"磚","642/23477777":"磯","134/23477777":"磷","6595/46955554":"礎","1385/23477777":"礙","2369/23477777":"礦","38788/23477777":"示","56813/46955554":"社","241/46955554":"祀","1131/46955554":"祈","2667/23477777":"祖","4271/46955554":"祝","10807/23477777":"神","10912/23477777":"票","1807/46955554":"祭","4532/23477777":"禁","1905/46955554":"禍","18709/46955554":"福","745/46955554":"禧","4790/23477777":"禮","957/46955554":"禽","7725/46955554":"秀","8579/46955554":"私","2064/23477777":"秋","33495/46955554":"科","791/23477777":"秒","4245/23477777":"秘","2970/23477777":"租","719/23477777":"秦","1759/46955554":"秩","13351/46955554":"移","1939/46955554":"稀","12629/46955554":"稅","39467/46955554":"程","1316/23477777":"稍 窗","50095/46955554":"種","32371/46955554":"稱","1338/23477777":"稿","1531/23477777":"穆","17401/46955554":"積","572/23477777":"穎","5422/23477777":"穩","627/46955554":"穴","12226/23477777":"究","15888/23477777":"空","7321/46955554":"穿","17499/46955554":"突","157/23477777":"窘","3255/46955554":"窮","59685/46955554":"立","10691/23477777":"站","4250/23477777":"竟","10543/46955554":"章","361/46955554":"竣","8595/46955554":"童","709/46955554":"竭","7431/46955554":"端","6088/23477777":"競","3315/46955554":"竹","7827/46955554":"笑","4743/46955554":"符","31173/23477777":"第","4707/23477777":"筆","40422/23477777":"等","515/23477777":"筋","3083/23477777":"答","25163/46955554":"策","8302/23477777":"算","40193/46955554":"管","944/23477777":"箭","3003/46955554":"箱","29641/46955554":"節","5188/23477777":"範","3480/23477777":"築","251/23477777":"篷","9329/46955554":"簡","5907/23477777":"簽","1505/23477777":"籃","5077/46955554":"籌","6689/46955554":"籍","1289/46955554":"籠","4789/46955554":"籲","8918/23477777":"米","5673/46955554":"粉","445/23477777":"粒","1621/46955554":"粗","25056/23477777":"精","2269/46955554":"糕","4511/46955554":"糖","269/46955554":"糞","2807/46955554":"糧","23795/46955554":"系","10521/23477777":"紀","38663/46955554":"約","19511/46955554":"紅","649/23477777":"紋","6253/23477777":"納","4200/23477777":"紐","2551/23477777":"純","455/23477777":"紗","13389/23477777":"級","4547/23477777":"紛","13731/46955554":"素","8711/46955554":"索","2667/46955554":"紫","2574/23477777":"累","10967/46955554":"細","3865/23477777":"紹","9405/23477777":"終","18479/23477777":"組","40981/46955554":"結","14559/46955554":"絕","9219/46955554":"絡","15805/23477777":"給","30797/23477777":"統","5743/46955554":"絲","965/23477777":"綁","141687/46955554":"經","2384/23477777":"綜","5036/23477777":"綠","11642/23477777":"維","932/23477777":"綱","30438/23477777":"網","293/46955554":"綽","674/23477777":"綿","3531/46955554":"緒","25695/46955554":"線","470/23477777":"緝","4069/46955554":"緣","5007/23477777":"編","6155/46955554":"緩","4165/46955554":"緬","4352/23477777":"練","687/23477777":"緻","7652/23477777":"縣","499/23477777":"縫","2809/23477777":"縮","1120/23477777":"縱","77337/46955554":"總","7665/46955554":"績","4553/46955554":"繁","16943/46955554":"織","1205/23477777":"繞","2175/46955554":"繪","1913/46955554":"繳","895/46955554":"繹","8399/23477777":"繼","15935/23477777":"續","769/46955554":"纜","9581/46955554":"缺","2009/46955554":"罕","11559/46955554":"罪","6072/23477777":"置","2035/23477777":"罰","5793/23477777":"署","2065/46955554":"罵","995/46955554":"罹","9965/23477777":"羅","1045/23477777":"羊","140331/46955554":"美","691/46955554":"羞","16693/46955554":"群","31931/46955554":"義","1287/46955554":"羽","1335/46955554":"翁","6829/23477777":"習","1667/46955554":"翔","6761/46955554":"翻","2005/46955554":"翼"}}
