{"language":"TSWANA","ngrams":{"1/841":"halc half hall halu nanv nant","2/3":"idod flor anfo roya teil iepe rpor aoba brel numb xane wook lovu jite uits cemb apso huhu plat gajw fomo sewa argr nxot izer aala mure ngun bech meep lber beph mewa rden dley eoge famo olso poul nior atmo atth unou unne lubi reve jobe auko lutu auwe hipi hioa cken ntša wega ggae immy fura bigg affa infr clus feke tobe uaga bjwe ffic ecia keke keor ussi eden blay liam oaic aima airs liti azun ospi judo iabe glad lkab firi otte jeke spor boco isut yaga alfr cain egre rnet moya nshi tuan tudi","97/841":"hale","1/1":"eidi pidi ezer goja saje dwel ugus uxwe saon zwen piit dwin ugwa cter roro idwa zwin piki ofhi ntja pimp gowa pipa gove ccin pion idza flut ncle ntme haya dfre ctri anle pius ycob ytot ccsa eiye nctu anqa ccur iefs sbes ncwa tehe ncub ieke wnsh anvu hbis anxo rpio nuar cube anzi ndba ogdu ieut nuel rpri ssue woaf teve teye sbur hswe cuit aofe klaa nujo yuma ndlo xaka uick aoit kler nunu tfat ydne wome yuro hter aool scar nutu scel jila twil htin wosa baut kloo aowe scie stme twor aoya uipo gqib maxh oyfr neba etšh nves nedi necc yebu pkhw uize pklo yeen stsw nvir nehe scui stwa oyki dhmt bête mshi ohle dyna ohol dhop bbie cent ujan igbo bson apkh mble dhur mson huel sudi nvur yese sufu huga yeul iggi šhen hufa mbre mswa huis rack gadi bswa ujom hujw apye ozam oice rajw cwan elgi nfad oidi surv dzim oiid rrre suul xcav ozip nfea fong xten mten huwe foph oima xcel plom rrup ywil rawe gawa fotl mcha mtlh ziph ihar elus razi plus gazi bcon divi dium ozul ziwe plym ihel yfri mcst rsda oiya iyii rsbu rban gbal heha heis svil rbea type rshi emco iyok nxam pmen rbid ngba rson buch thsw mudo ngfa ngdo much gsto seum buge muel lack muga voca aaem ngkg wadi ngno koga emul laha izab muke sezu ngma koen izbu aaja ulga tidi iidi mupu ngre ngqi voic lajw tifi iige arps mutl nxwa iziw sfis enbu vory laxy hwoa enfo iipa wawe rcia chbi wazi nhab rtme rtpa gton iita lêla enle mech asbe tius bebe rcom tiya enmo gtsh gtwe abco befi rtun nhil beil nymo enqu rtwo rcul chno rtze wshi abgw abjw aslo enum envi bemc asne cyto chri aspe lson guba umhl guar xere chwe ummi rufa umla rudi eobo face eoas gdel eodi abwe ruje fael fafa bezi pobo eoff gula podi gdis fair nibe rdle guma nzel gdom xwai eoik poif fake dlin eoma umya ijwa olka pomp gust nije yiii ruur dlov yiko eosa frus xwii bfia qare fash lcha acia cina eous ying olum mfol circ mwoo city sydn acob olvo cist olym nive lcoh unje wtow civi rect gedi shga ltse acro unku niwe ppad ltur geen shha rehe sylv rvic syno pper tkol njam rejw shna unwa ppie aube hyun epkl syst luca gesa adam eppe wudi addy ppor aufi omkr joar dmon krda gewe adhu epte vacc uoar ldis ilbe epwa joel luka ldli kahe kris lule join ilfr lung vaid kaja auri jole vall jojo mgun high joma vamb ftba adra uong hihi bgwe vase vari auxw uopu sija onbo fthe sion ckal adzi ntŝh kaya ilve kazu xhao rfom myco ilux wear sium fcon lver avez ykie rwud onli aeel siya lvia sizi wefe mhlo weke tmen uphu avoc xhos onxw aeph ngôt ckya uple kson erbe imko avur paba ggie levi aeva uppo eadi doct erfo pach ooba wewe tmos rgin fuku pafa rgla doda ergy quir mibi upye paje miah rgre erpr nlin zola clin afco miil zond ešha bihe paog easa afhe dopt inbo zoro mimo tnam eaut oora oots paul biqu zowa paya mipo skel ghan bius mzwi lfre afri ylvi inla feca esda feel ebbi esbu esco fefo fege skoo feja tŝhe ghla psiu nmen eski inve inus rhod lgan fepa opme pson ople wgen axho uaae kufu aghe urba agga oppi ymou fexa jadi lgiu nmot toar opra ebsw mjon kuja tock pswe kuiw ympi ebye iofi toet agne jaiv jaja lgol tofo gian toja ffai urop urns vura ague ioko japo etdo dqae vusi urpo sliz ptem urri ecco uapu tool jatl hloy jaso uavi iote uats iour slum jazz etna riri hlub town gium ffre toyo what when rium ptsa kedi riwa ecre whit ôtlê ynod ecur ptur rizb ecwa ahme ushu wynt keje hmed nnun mkra ynte smen euba iplo ubli ubon publ eddi daba puel orbi noar zabe dadd kewa euge orce iptu uswe puis coca yoba smou yoan nobo azal eula noel veze mlan eung mleb zaha azda coho aiar edla oako coja nois edmo orld libe daki edne zamb blic aifa life yoka widi lidz zala pupu aiho eute daph aigw edri eusw lija uccs noon copy coop utch aija oasa davi edza lion dawn oayo nozi peba mlyn pear lius eeba aiva eedi dbag eech hnol utte ique evis hnso peja fhop peke osma oslo rkus kgdu eewa uddu obso ircl iaap tadi iaea taci kgis rlan sodi irga peye zbur uull iago soil irle qibi gôtl hojw ajut dtcb juta figh uuru just rlic tron rôpô irre taol otch dcec trsa ewlo rlos udwa glon udza tawa ocia tava efle taya taxi kyar ewor sovi soya mngq ewto ocod khga dtsh ject uebe jeff uedi tbal ocra akne rmba gman nqui bnrm bnsc akri isma isla tsmo mnye ible uenc ouba rmit ispa jets dudu exho isra ouch dden tsts cabi oufa caan ibro odge duic tsvi odfr mobo rmon duhu spun cafr ouka nafa odho egli ddie yadi ouma ddle egna yafa zung kiar zulu kidi rmwo odne zuru viet durb camp ufeg llli itch alka alng duwe icco wloo caus viki icia itji ttis xota nauw cava xosa yats ttle move alth rnhi kiri yaya eybo rnin llwa zebr itre oeam kiya ttsu rnme oedi itte degr zeer oefi defe gnon nbfi squi ovie phne lmen ysmi depa nsma rnwa cbnr lešh nson mple amly yboa oerw amko srae ugil idge lmon hree orôp nsul yste hrdc rock flam dezi nswc nbur goch roel zezu gohl","2/25":"sako nces heer ulon umak esak kung yoru yori wiwe","1/74":"ofaf ofac ofao ofam arwu enol lish udiw","1/3":"idol roon flow rosa anfe ncoj teis iepk rpos brea aobo nume mamo broa ndon ndom xana wood sthi sthe stha love mawe lowe jitu uite scra stud stus stum scri scre ceme subu suba subo hube gran hudu apri apsi huha plan sume dick dich dict gaja sump susa elin foma diil susu suss elts eltl elta oise oisa hesa aadi sexa emph sewe arga sexh mult nxos arku aalo izen ngto ngts ngtw muru tiga ende meat lbeg besi mewo rder faga dlep rume eogo niel fami ltip acha lthe nion poun nisi nist nise rven ltwa ltwe ltwi reom reol reon geri aukw aung tlil auwa hikw hion cker ntšh wege wema wepa rgar rgal rgan wepe nkwa wesa immi pres pret eage paes paen pahu paha eaki eakg eake fure miem mier biki erti bike bikw club info feki jabe opui opuo kulu uagw kulo oput gico bjwa jame slof ffis slos slot urth rint toul tout ecil kefa kefe ahir kekg ipin tlêl usse drea coba dres eder blac ubug drew oait orks dani danc nomo zant zani zane azim corp aimb lits azul eeng ospo judi iaba obus soen soer glem glen jekw rmed spon boca nabo isup duka llag yago caip ounc egra alis ical dutu almo alme rnel moyo amba nsha deli dela tudu tuli tule flee flec fleu tulo","3/74":"ofag","617/841":"halo","1/4":"roje pica pice ctua tect ssas teco iers ierr iere braz bras mack yund lohe ogre aosi aosh mawa loya ekun yemb ekut ekup neye foga raha igna ywel gase form rsey ukom ardi arts rtem rtha rthy rtif rtia ency umbr okum meon okuk meop meot meng rube rubi asti rdin rdio umus ciat nico nigh acat eotw achi reik reit njes repe kram krag ildl lust lusa prao pray fudi leun eaik pait proj prof prog erre erra esly fent urce slan rica ries rier rien uamp riel kege ahos ahok puna punc puru cord aipa evan live eege eegi uctu eeka eekw ossa ossi pesw ocai trui truc sour akil iscu isce jegw exam crea cret kiba yapa caps cape ttee tthe rnal cate gnet ehat nayo icos itwa nspi nspo tubi hack hach tuka goen goes","37/152":"goka","7/74":"ofad list udil","1/25":"sakw ncen ncem anch ofor dies diha diho heeg arlo ngol tiet ulol ulos epai reko ween aego aege padb inng kunu kune kunk kuna yoor kwin kwid kwii yoro york peeg peec kgai irua odes amib","13/50":"saka ngor","3/280":"haku hakh","1/280":"hakw hakn ipey ipeb ipei","3/10":"sake sakg ncha ntho anua heat chel refe kabe aupe vana ermo erme erve ubiw pudu dary ajer eepa eera osto cade yaba yaol yaon","1/50":"sakh ancy anct rapu hefi lalw mebo epap epam siab siar oden odel boop boon boom casp phim nsil nsib","123/841":"hala","9/163":"owan","1/5":"gois goil turu sase nche rous nchw gout eisa owsh iege iela loch brid bris stan worl ifok ifom ohed ohns dysm raem raet grip supi igwe zile heal hear rsid empo ngis ngil ngli nglo ngla aagi tian aama tice ulia buwe kowe ijar ijan ruce tjit rugi bewe umpo gunn faos faol acco cils epit kaba omun kawe sipo leja ercy erce ercu erck erci lewe clas imul imuk fune erma dola fese hlal uaku kupa keer ubis draa kesi kesu dram draf drac drax orde aibi aich ornw ornh orni orne darr ucat coss cosm cosi nort norr norw noul nour uche osco osta sora spic spin spit duga dugo moal crip ound oung yakg cron croo dutc yard kime tche viro aluk vitj kiwe gobo roar haha hahl","1/163":"owap owag owad","3/5":"goit ofut anue ssoc aora rraa rael oika zila nfor rdan geme kaka jokw vang mhud imus indi feat inwe jack riva kega orda yora yout gkgo eepo udon fike yabo exte yaka cros bowa vita","13/140":"hake","7/163":"owai","43/280":"hakg","1/70":"haki aoge aogo raan rura kabu kabi hime milo ipeo ipen iper filt","1/2":"dwar dwan ncan tusi ncaa haus hauw anji anjo iece team tech oftb ofth ssex sses ssmi ssme ivor ejel ejeg dgem brah dger aoar aoam bafa xama brot aomi xami aomo cust aope aosa xaud xaux uirr uiry mazi msan msay nega cell neke cela neka suat gram apts apti neya mbuk mbul ples ujwe grou ujwa ells raod raon šhwa šhwe mcco mccu oile foun zinc zine fouf elso nfra nfre rsan diya diyo hego ihoe ihol thre thri nggo waaf ngga gssm muis kofa arro tige aape aapa aaso ullw ulle rtin ence tipo tipu koyi koya aski hgar hgam able abla nyum ijel ruba ruet faba abri abra poar fabi rdia olga fale ltan ltas cien olgo cies fapa gdum nika yilw yile ltle ltlh reil unut kraa augu joha hicc hick aupo john hiil gwga gwge gwil gwiw ilso onch onco ilth iltl nkhi sive nkhu sivo wemo ckso prah erda eaak eaaj fufa nlan nlap eagw erle erla nlel nlet ggor ggos eamo erry oomo pase gheb skin skim ghee feit feis esha agdi agde jabo jaga jagd ioli iole ecan ecau ptis ptio ynam etry etru ayin lymp ahle lymo ahlu smal ahol puar kese smit oaaf oaam oadh pung euro lies lieu noke yomm yoma orpo orpi orse edwa dats dati edwi cott cotc coun wini fhak fhar wire wiri pect peci eega eeke trat tahu tahe juli glin glis trus sout sowa sowe hoyo hoya isco uegi otwe otwa uega rmen exce exca duca duce nade nadi cres oulo alco alch odol odon oura ouwa kika kike yase gnan gnat yasa ouws nawa nawe ehal deal deat icod mozu moza visi nsar nsag ufut icto zenz nspe nbon nbox tube iddl idde haca gofa tukw","41/140":"hako","33/41":"tunt","2/7":"hajw eipe iego ssio ssis ndub ndun neas ways enzi powa atus hibi vati nkgw taag ajwe iane khei uwan bope mout mouw rofe gofi safe rofi","4/163":"owaa","2/163":"owab","117/280":"haka","1/68":"ntan ntap ntau ntai anik anig ania anic anil shom","60/631":"hane","1/197":"sams patw path uthw utsu","1/17":"ntam ower ctop anwi aoke aoko ohag ohah ceba huas ekwe huon heos ojos ojwe wata ruap pogo geof ilic ilid ause ausa ilik ilio auso aeba leis essm ectr orga orgi oape oats oati fine finl bohi boha debe saik","1/34":"ntal ntar ntag anie anis tegl tegr tege basu bash igen iget seje ruan ibed ishe khow","42/631":"hang ikan","11/25":"ture heel arli tieg iruk","5/394":"samu","16/179":"golw","33/287":"role","1/394":"samp samm sami","4/631":"hani hand","3/197":"samo lobu patr","6/631":"hank ikad ikal","9/25":"tura aega irui","6/287":"rola","5/287":"roll","90/631":"hann","25/68":"ntat","212/631":"hano","23/424":"goma","1/287":"rolg saye","117/631":"hans","16/631":"hant ikai","197/1253":"gole","1/170":"pies piec","1/1253":"golg","23/394":"same","3/68":"ntab anin","13/31":"roko kame","83/85":"pien bedi","353/394":"sama","3/1253":"goll","739/1253":"golo","1/93":"rokw baed aram asep osum osut","1/85":"piet owet owea owed hern herd serm","47/631":"hana","306/541":"hame","5/93":"roke roki","7/181":"salo","1/76":"gokw andb andy maur","29/541":"hami","8/31":"roka fang fane","1/541":"haml hamm hams","15/541":"hamo","5/541":"hamp","19/93":"rokg nete","15/362":"salw","201/1253":"gola","3/37":"ofan posi eban akhe issa issi","93/181":"sale","35/152":"goke","9/19":"gokg","19/74":"ofal","73/181":"sala","1/362":"salm godf","3/76":"goko","178/541":"hama","8/37":"ofat","4/541":"hamb","3/4":"rojw saud ssag ctur mach cult loha yuni ogra loyi yema foge ukob thys rtes meph nige atho epha xxxx mhik fudu eait esla urch slag uama ursd ging vens puts livi evel ucti jega exan kibe moja yape tter vill rnat ving tthy gnes itwe roba","7/1415":"gonw","11/173":"haph","75/434":"rone","5/142":"ofed","65/173":"hapi","1/284":"ofee seot seol","23/1415":"gony","61/217":"rong","3/35":"tute owns eate eatu","215/434":"rona","1/142":"ofej ofes seon phee","16/173":"hapo","29/71":"ofel","31/40":"sapa","2/173":"haps","11/142":"ofef phep","3/44":"good newe ephi remo rict uban mpat","26/173":"hapu","1/217":"ronk nels sono","472/1415":"gong","24/1415":"goni","1/145":"romp shus shua shuo shun sitw bois yank oeli","72/1415":"gonn","12/1415":"gono","30/173":"hapa","23/173":"hape","78/1415":"gont","32/145":"rome","106/977":"sant","5/977":"sanw sank","1/977":"sanq sanf sanc","44/145":"roma","9/85":"owen sera","10/47":"haol mpel","1/47":"haon haot eith curt curr ifan ifar eldi ikwi jona jony agem esuf esun esuk fied tari tare tars yaan yaag mpeb mpei mpeo","1/29":"romo aode loto huka hebo seha ojen ojek ojew volv swid rupt shut oafe oafr dulo llim llin","26/47":"haop","1/16":"tuso pira stol apho suku elli rasa zimu enin unal repi lumb josi josh micu pros prot prom prod afis toit ahat usum eeme taff tšhw nash","56/283":"gona","8/145":"romi","176/977":"sany","2/47":"haos haod jonn tart yaaa yaab mpee mpep","1/1415":"gond","446/1415":"gone","3/106":"gome","79/977":"sane","1/631":"hanw","282/977":"sang","18/631":"hany","250/977":"sana","13/631":"hanz","233/287":"rolo","60/977":"sano","223/424":"gomo","3/977":"sann","83/212":"gomp","3/8":"iust bafe mbom hema bele ijes ruel nica unat acti hing oruk aipo ouse cath cati viss saan amog","7/977":"sani","9/287":"rolw","1/59":"roph resp resh eans","17/317":"hari gilw","15/242":"nter","11/317":"harl harp","5/317":"harm","1/121":"ntet nteh","72/317":"haro","1/242":"ntes ntef ntec nteg ntek gabr gabw gabc arun aruj aruu","10/59":"rope omma","7/30":"sara tobo oany oana","38/59":"ropo","1/30":"sarc sari mame stas staf stac stal stai negw sesi ijaj ungu unta fufe awen afol kepu kepa vest oant oang homp home iape","3/224":"goph","1/22":"nteb loon loom loof loun lari aatw aate okeg meke ruiz rusi epho upua pago ersb erso rich rice oard peon fica tape icef kite mpap mpar mpam","1/13":"eike eika uhut loan loab stev sten stem stru nerg hurc hure oikg uket embi emba embo emmo muno enny okis asco chil assp asse assy eopo rean read reak reag kasa nkil leet impa impi dond inic insa ahub usti ustr tren trel tres tree naen bofi nati hafe amuc sage haiw amun amuk","1/28":"gopi mbee mbek mbez hemo labi okho asam eotl eoth atun omba oong esep with eema hoaa soku outu oute outa outl outi tuet tuen","1/6":"offr ncor maan bron baop maza mazd mazu ston grat igiw sumi sumo diiw gaut sein sesu waan tigi ngul rces rcem lays enja beca becw mepe besl asta asuf nier acho ache attl atts unny unng gegi kaan lute luth wemi pris eagu affi feng jabu agro rinc tosl tous touc ubet smae smas smar vemo nnwa keya keyb lias orme colo dang puta dant corn airi even mmam ajob glan glar july tais tain taic ocal irsa irst fire firs ottl otti rmer nahe oule oula lleg nahu mome alik alic alie ican kipi uful ovem icus dele zelw delt tuav tuar saac goal hrin tuki gogi","139/224":"gopo","78/317":"hara","2/317":"hard gilb","8/59":"ropa","2/11":"nten tewe sugi oifi rara fose fosi tina betl chur faap faan eole eoko eoke leap bipe inch bipi iopo ecom ahel ahen oaba oabi utwe sosi hous jeno dupa nsti amsa amso","121/317":"hare","1/224":"gopu orun orua orus eemu","13/242":"ntel","1/40":"sapu igas igal forb ford chem chef chee beer abit esok kegi kema hors","11/112":"gopa","51/224":"gope","5/6":"offi ncis ndri ohir igil enje gega rewa hiam adys agri vemb nnwe coll ajor hodi kipa over icul zele hris","7/71":"ofer","81/284":"ofet","1/434":"ronw rony neli","3/142":"ofen","32/35":"tutu oeng","7/44":"gool goor remi","1/8":"sape ntry culu culo bafo lojw bruc bazi suam rahi rahe fofo ello elle ywen fore seso ardl arde seyo arme armb army arte lare enci ench iiwe umba okun okub rueb nice nini acte njek lusu lusi hine aeme upti pril priv biba erom pare biri ebra tois jakg ette etty kego ayor ayon vent usun purp edud aipi aiph peip trai trac trad tran peso pesa tafo hoir hoil hoin soka soup soul rmal rmar rman oupl oupi ousa ousi icat nast kitl icti dema oesh oese oesi tubu tuba","11/434":"ront","3/40":"sapo forc oita ches abiw side","1/44":"goot newt newl atek remp remm rici ubag ubad ubal lico lica oara sosw kiti kito mpab mpal","2/5":"eilw roun rout goum gouw eisi ssor loca lock aoru worm work ohem yego cess apuo dzan nfol aaan ngin ngle kofe wafo uliu chou umpe faon refo gema siel adom joke kapa mhur doll fear inwa fest fess jaco rive keet aica dama dari nori cost liph youn cour noun gkga fika soro spir kima kimo bowe eyag zend iden goel hahu","103/685":"hatl","7/213":"pili","51/1370":"hato","4/73":"gosa hise hisi pame","176/213":"pile","1/94":"ofin ofik aged ager tary tarc","1/213":"pilo aiki","1/2440":"anay anau anao","139/1370":"hats","1/1370":"hatt","15/511":"gose","3/16":"ntha rame ella dipa titu tita titi enia oken unan hiny imis esho naso","4/685":"hatw","21/4880":"anat anap","5/213":"pill","1/99":"sata lodu lant ikhe pedu fisw fiso","5/47":"ofil eits jong","453/511":"gosi","1/4880":"anaw anae","6/25":"ncer ance kojw tiil inny peet","154/3349":"goro","436/685":"hata","1/3349":"gorr","8/213":"pila","49/1370":"hate","5/3349":"goru","2/3349":"gorw","16/685":"hath","1/137":"hati baiw mart marg sinu","13/4880":"anaa","1/72":"hask hasl hasu hasa hasi ntom ntou tebu gaso gasw gash emau emat khaw khak goag","3/4880":"anab anai","1/36":"haso ncie ncia baon ramm tibo burs lawe shok kaig kais sign mofi mofo goab haen","17/30":"sarw maha","11/13":"eiko jime ukwi jara irwa","20/3349":"gora","4/5":"sasa hawa back rris gric igwa rsit aamo buwa kowa ruct bewa ruga acci kawa sipa lejw lewa clay fund fema kuel hlan kupu uakg kush ecem oagi aiba oamm ucas ucha osca crim yare viru alut kiwa desi road saet","3164/3349":"gore","7/72":"hasw ntor gami goan","3/3349":"gori","1/1220":"anas","7/13":"eile nera buse wame beye eale octo","1/15":"sare sard brie brit negi btcl ther budz budi wais lake tjil gund adow adop sikg nkok ooph kuak kebe ahik keek ahiw ahit oago oamo ajap ajak pepa dugi moam ouna duth dutw duts carl eyam ehep ehen ehem","3/244":"anam keno","3/488":"anal","4/65":"eila oiko oiku ains","49/610":"anan","1/122":"anak ansa anst ansp ansh lepi erub erus erun kenz","55/72":"hase","1/24":"hash ntos stor stos rtar artm arth arti artw artz arta endo mefe eshi pein mmak pese icaf saar amot","3/1220":"anag","172/255":"rotl","2/71":"ntis ntin ntio seop bekw beko beka aike isin","6/19":"ande bahi sute iilw enke nofi boup","1/37":"pine ejat ejal oyal oyan oyas oyao oyap muan poka poki midd obin udit udie akhg akhi akhw","11/85":"roth hero uped","1/10":"nchi ncho ezul teor teoa bact stat stam ifex ifet ifof ekhi cedr nege apiw apis igat rrie rric hefa ukis sesh thwe kofh tial ruru refi refl refa aupa aupy vane sife nkol ermi indu inda inde femi feme espo espe toba ubin ubil kesp damb dara lilw coup wina wing winf eepi eerw eeru eers eeri eere oste osth hore hori yabe boke yaot oepa","9/37":"ping akhu","1/71":"ntiw ntie ntig ntia aony aont beku onao aikg","3/19":"anda hupo enkg nita esto rift giwe nofa nofe come tsub ugen saba","14/255":"rots hete","2/39":"eino teet teen eker ngap nkin nkis nkie nnon ahuh ahun ahup wilw wilf pegi","6/85":"roto heri seri upel","455/764":"gotl","1/38":"ands ando andr maut maud maub mauk koar fram nilo unik uany ibik ibin ibis ibir","1/764":"goto","1/19":"andu andi piso oiny iilo iili enki onsh onsi onsm onsu oodh ebin estr estm esth estw este ualo coma utet taeo iakh iakg sopo tsuu tsup tsun alli alle alls icke boyo boyk icks boyf ugeg uget","227/764":"gots","80/111":"pina","4/71":"ntim beki pheg","1/255":"rote rotw heta serr","27/764":"gotw","8/71":"ntir phel","11/255":"rota","17/80":"nthu kemi","8/21":"rosi mama oolo duba","1/7":"ross eipo ccol ivai ivan ccou ivic ssia ndus ndul neal ceci oyon oyoo nepi nepo nepw sunw sund sune hune sefo laba waba aaih aait buna bunn rtsm mehi memg memm atur audi gers audw adel adeb jora vato joro kavu kave avat avar tlus leys leya eama eare eart earl rina ript etwe azel nowe socm rley howe khek khen otum otun akuk cram nach uwas moip ourt ourc moun moub mous haar rofa","5/382":"gote","1/21":"rost iema gere gero kakg joth mhal mhap ools riny ayer ayen ayed keai keag keak keap keat ubuk ubut soft iano efho task tash tasi mope deni deng dens","11/191":"goth","3/11":"ctiv nwan frey runy eolo hiet hief hiel uput aher ipus pewe jeng ampo","23/80":"nthe homi","16/213":"pilw","1/78":"eing eine ngas laen ponk poni nnou natj","4/297":"satm","2/297":"satl sath tili ilot","1/80":"nthi ielw ielo bull away awal awad esou kemm","3/50":"anco mebu afor toki obot boob nsio","6/511":"goso","34/47":"ofis jone esup","3/47":"ofit eitu","12/13":"eina","281/297":"sats","8/11":"ctio tefa ngst chud ince pewa dupe kits","2/21":"rose gera oole ubul ubud dubu","1/73":"gosu maow maob tikw auth autu hist hiso eabo eabi osik efor","5/297":"sato","31/50":"anci siam","1/252":"ntla","143/252":"ntle","2/2111":"anee","8/2111":"aned","5/2111":"aneg anea","1/2111":"aneb aner anek","1/9":"ncil ntur ntue ntun ntum stic stia loso scow scom diip oiso seit heso hess hest waar mulw mulu waii lakg musa burn kose kosi kosh rcle meam meek meik beop best nywi fagi olik olip olim olin unch unce acke uncl atrs ault aene wese preg prem bifi eapa eape ures jami jamm ubel vela keol keoi keod bles bler cong nomb nome azin wiig limp liza pege pela petl hodu iarv spee spea sper jers moat moan llar llan mofe mofa naim nail nait jwen jwet momg ufud ehit ehir ehik ehih eyoo ugab ugak zeri devu mpud mpui mpus","1/111":"piny tent hiva","273/2111":"anet","3/14":"eipi ssin neag arre arra ultw ulti fulo earo akut ours gofe","237/2111":"anel","5/14":"eipa earc","221/2111":"aneo","243/2111":"anen","2/75":"ofol diel diep oiph oipi lasi poru boki bokw phom","21/23":"goya dnes","2/23":"goye ndiw gaan gret grea buke wasi eore siba dney ooke etun orri iban napo","15/16":"piri zimb aids","1/75":"ofok diek ngop pori esas esaf esad osop phoo","1/20":"eish ifec ifei ekhe igag igan igar fori foro fort chek ched beet abin epid epin nkot fenn ipeg aiwe ajel horn horw dust naye phik goep goet","16/75":"ofof poro","1/1910":"angg","1/3820":"angi angt angm angl","1/84":"ntlw anta labe hibr hibu mmas mmao","285/287":"saya","7/1910":"ange","1/382":"anga","81/382":"angw","299/1008":"ntlh","2/33":"rowa ietn gaup lais chua amph","1/955":"angu angk","31/3820":"ango","19/168":"ntlo","5/1008":"ntlu","31/33":"rowe radi","4/23":"pitl ndia aopo rail ihub eora bing miwe etha ewen","93/115":"pits","5/7":"ivat ivin rrot bung memo enze eong powe audu kava avan sofa ajwa otub dent safa haja","2/115":"pita ogom ibak","1/18":"nton stit elia elic elib eliz eliv eliu diou diol seil waai ulet lawi aswi oliv pont acka acks acky kaot nkwi pass afun afuk fere uben conc limk limo osho hode llex lley llem llen llet llec momb moma jwel momm ufuk ugan ugar ugap","6/17":"ctob iyab ecto","7/20":"eiso epis ajen dusi","8/19":"pisa pisi unit tael tswe","31/47":"eitl","7/47":"eiti ifad","10/17":"ctor aoki bets","9/10":"ezur ceda ukir thwa sifa lile case nsit oepo","2/19":"pise bahe suti suta oint enku olla univ pano estu esta ebur ebul uana uten mmun iaka hoop ibit jesi tsul tsum boya","43/144":"tebe","49/144":"teba","7/144":"tebb gamu","7/24":"tebo arty unye prin","7/8":"ntre iedi loja brua baze iiwa ning lume jose bibo birw ebru jako demo","1/144":"tebi gamb rams ramp ramb ramk emak","4/147":"ankg ankh","5/147":"anki yetl","53/147":"anke","64/147":"anka","1/49":"ankw hedl hedr wabe aril asag ashw bera esif esid moif moim moik mois","1/504":"ntlê mmaf mmae mmaj","2/147":"anku asiw asie asio bert berr","8/147":"anko bopo bopi","7/9":"tedi fodi meil aule eapo limi soba iswa","4/193":"anno","56/193":"anni","97/386":"anne anna","23/193":"anng","1/327":"ntso seeg","1/401":"anoa enek enew enes enep eneo","25/386":"anny","226/2289":"ntsw","1/2289":"ntsu","1/386":"annw","4/15":"ofuf nego ighl diem kuag dutl ehel","32/2289":"ntsa","199/763":"ntsh","29/57":"ives rega","4/57":"iver ters inyi spar","845/2289":"ntse","578/2289":"ntsi","4/67":"piwe tane idit","63/67":"piwa","9/55":"tefi yegi mero","4/55":"tefe otia otil otim khun khur","16/35":"iega file","2/55":"tefo merw hito rian ipud otic khud","2/35":"iegi diab relw kaku eatr eath ayan nony amik","1/39":"teew teek tees sulw sult ngam ngar ngab ennw nkim nkiw nkid nnor ahul wils wise","1/802":"anoo anos anot enee enet","4/9":"ntua scor gafe seab mule muso koso nywa nywe olic unci atri pasa jama nomi nope wiis obua spec dukw dece","301/802":"anon","11/802":"anok","7/401":"anol","9/802":"anog","2/401":"anob","14/39":"teel pong wisi","8/401":"anod","7/39":"teem ahum","1/27":"tedu ante ngen ngem nget nged waag tila beny rumy kaud kaun eenw eenn eenf hosp hosi ambl mphu deri dera","115/122":"anse","53/65":"ntwa","11/34":"tegi isha","1/14":"ivis ssiv iesb iese near neaa neai raab oilo hemb arri ulta asak eonn eone eona ombu ombo tlul aeda fulw fule erne eame oony oone jalw urse yolo hoan hoar soke iana akua akul akum mojo cann cane iche haan mpor mpot","12/65":"ntwe ndab","7/34":"tego iger aafe ruar fiwe","13/34":"tega anwe","197/252":"ants","1/189":"antu antw mpic mpio","1/54":"anto baol folw diji diok waak kaik hips afan uber","43/756":"antl","1/126":"anth fero mmay mmag","7/108":"anti haet haeg","21/505":"telo","4/21":"ieme keam keal tase efha","22/505":"telw","16/21":"iemo","33/101":"tela","19/34":"anwa ibel","297/505":"tele","79/178":"teko","13/80":"iele","23/40":"ield","2/37":"ejab ejar oyak oyag oyat poet pose lise obis obid udin bodu yama","5/178":"tekw","71/178":"teka","1/89":"teki pott hilt hilu tors tory torô","19/37":"ejan","21/178":"teke","1/333":"tens tenb","1/666":"tenn","10/1307":"ogae ogag","1/1307":"ogaa ogaw","17/1307":"ogad","42/1121":"anyi","13/666":"tend","2/111":"tena","251/1121":"anye","2/333":"tenk","552/1121":"anya","5/666":"teni","305/333":"teng","11/666":"tene","1/168":"ienc iend","5/229":"temp","139/229":"temo","83/84":"ieno","6/229":"temb","48/229":"tema","28/229":"teme","15/32":"tepo","3/32":"tepe suka fofu dipu timo tits imit part afit edub","13/32":"tepa imid","1/32":"teph aphu gaen rast rasw rasi timi fadz unam unah lumo rwee rwen hink aemi imik leur afif ahaj aham aidi educ edul eduk tšhe hade hado hadr","1/1121":"anyu","13/1121":"anyw","262/1121":"anyo","5/1307":"ogam","392/1307":"ogan","3/1307":"ogap","39/1307":"ogak","74/1307":"ogal","4/1307":"ogau","109/1307":"ogar","6/1307":"ogas","25/1307":"ogat","1/114":"terv terb tero teri regn","2/101":"oged","1/31":"tesa test ific ifie ifik ifil mbio mbiq fank fani fany popi ortu orts orte mmil mmis ochi","401/606":"ogel","2/57":"tery","8/65":"ndam ndar paad","25/114":"tere","5/13":"uhud sula assi dong vica","35/114":"tera","1/57":"terp term auny inyo oema","1/65":"ndat ndai bape okit okim umie leeb ainy","5/114":"tern","3/13":"uhul emmu busi enne asso epel insp kuke will uett ammo","24/65":"nday","4/13":"uhum ners hurs laet modu vict","3/116":"baap baab","1/116":"baan baal baam baaj baai baar","17/174":"maab","30/41":"tets","1/174":"maaa maal maao maas megw","27/58":"baak","31/87":"maag","2/87":"maaf onto itot eyen","33/116":"baag","3/58":"maak swil swit boid","2/41":"teti mbae mbas waon kaeg kwer","54/245":"baba","1/82":"tete teta yelo reek kaed puop kwet","11/116":"baat","8/41":"tetl","29/33":"iets","1/606":"oger meta","4/31":"tesi ifis mmit ocha","107/606":"oget","7/606":"ogen","16/31":"tese","23/52":"loap","9/26":"loar","1/52":"loay stre neer laes nyik abua abun abuk kash papt","3/223":"ogin ogis","9/11":"tewa aatl paga iope utwa houk nare","156/223":"ogil","25/42":"nder","64/413":"mabo","1/42":"ndev ndez ndel weus ferw rini rine iang ianf ianl iant ianc","36/413":"mabu","127/413":"maba","61/245":"babo","180/413":"mabe","3/413":"mabi mabj","3/245":"babi","13/42":"nden fera","109/245":"babe","1/87":"maap mege tall tali dult eyem eyei itoo","4/87":"maat hubi","19/87":"maar ontl","1/245":"baby asoc asop rell","3/49":"babw hunw onkg nkge nkgi mina esir moiy mopo","2/245":"babu asot","26/93":"baet baen","1/131":"maeb maeg maes sirw kges kgew moor","8/93":"baes","7/93":"bael baem osul","46/131":"mael","4/131":"maen maet phun","55/131":"maem","107/537":"madu","2/93":"baev","28/29":"aodi volu dail","34/197":"lobo","425/537":"madi","167/174":"badi","5/537":"mado","128/197":"loba","8/223":"ogiw abet","16/93":"baeb","30/197":"lobe","2/197":"lobi","7/174":"badu","7/15":"brig empe wafa guna tlis fufu kebi keba ahib oane pepp pepe carr eher","161/199":"loet","11/265":"mage","31/251":"bagw","1/265":"magd","2/265":"magh magn upaf","110/251":"bago","19/53":"mago jele","1/23":"ndiv ndin iwel gaad gaak gaar rain raia buet wasw iiso eoro reya reyo aesi domk dome domb binw ethu echu iati","15/316":"mafu","37/199":"loed","1/199":"loel link","148/265":"maga","41/158":"mafe","3/79":"mafi erap","69/158":"mafo","108/251":"baga","98/99":"lodi pedi","69/316":"mafa","1/60":"ogok ogob ngom ngoe bute unto untl nkos nkor nkob nkom fenc vese osom phoi","1/980":"logw","17/46":"ogol","1/586":"maif maib","6/115":"ogon","15/586":"mail","7/460":"ogog","106/137":"bait","193/586":"maik","1/293":"maij maid maic","3/980":"logy","2/137":"baip baim sina obag","5/586":"maip","4/115":"ogos ibai","3/230":"ogot lage","25/293":"main","163/586":"mait","69/293":"mais","61/1380":"ogop","16/137":"baik","17/1380":"ogor","2/9":"baji baju scot fodu digo oisi hese iiii kosw ulus ulum meal meel choo unca atre atro hikh kaus kaul upon afud uren cono cond cons sobo sped naba nabe nabi iswe duke naij nain ambi mpue mput mpur","11/45":"mahu chob moag","221/980":"loge","3/98":"logi arit aris asin mini esim","5/9":"baja gafa buru beol fago west azil nopo nove ehib","16/345":"ogod","29/140":"logo","57/980":"logs","1/1380":"ogoa","2/45":"mahe maho wait wain redr aeno kued oame","11/19":"bahu iile nite boys","33/35":"aoga khwa","4/45":"mahi kobe sike hike oama","1/90":"mahl ekao","93/196":"loga","164/165":"lofe","4/137":"baib obae","6/265":"magw","1/35":"aogi mamp raal apup diar emin asog ason ruon kabl kako himi mila eats eati khwe khwi oent oene","1/165":"lofo hekg hekh mers khus khuw","5/323":"maki","23/323":"makh","166/323":"makg","61/415":"bakw","32/83":"twan","3/323":"makr maku","18/323":"mako","1/166":"tway twal twak foke foka","2/415":"bako weta weth weto","3/529":"ball","9/43":"majw maje lopa tabo","1/529":"bali","2/117":"loil lois pegw nath","265/529":"bale","61/323":"maka","4/39":"loin char enna pega amme","193/529":"bala","8/323":"make","6/43":"majo moek","113/1011":"iwan","1/1011":"iwam iwaa","2/293":"maiw rabu lata lath","1/415":"bakh wete wetw","17/415":"baki","46/415":"bakg","18/415":"bake","19/43":"maja","54/83":"baka","13/15":"ejwa budu","43/210":"mami","1/179":"aoli ikik ikim ikip ikis","1/105":"mamm mamu rras rrae rral rrak kaki","45/47":"curi","11/358":"aole ites","66/131":"lola","1/55":"bamp bami aaga meru merc sier hite mitt ipue utle otiw otio","24/179":"aola lema","22/131":"lole","13/55":"bamo iket","74/627":"bann","7/627":"bank","6/59":"loki","2/1881":"bani","18/179":"aolw","1/1881":"banj","49/118":"loko","197/627":"bang","40/627":"bane","7/1881":"band","2/15":"ejwe diet wafe wail ijah ijal gung guni nzie awel kuet uard uarc keed kees oage ount dunc duny cara eyan","261/358":"aolo","788/1881":"bana","77/236":"lokw","17/47":"ifat","1/786":"mali","28/529":"balw","101/393":"malo","5/786":"mall","5/17":"aoka ohan sean sero kube sait","17/236":"loka","39/529":"balo","161/786":"malw","7/236":"lokg","2/393":"malu","13/236":"loke","36/323":"makw","14/47":"ifal","23/55":"bame","158/393":"mala","17/55":"bama","95/786":"male","5/73":"maon semb nken","2/73":"maok maop maod semi ukus ukua nkep nket hish nkee etop efon","2/403":"twet","3/73":"maor semp ukud tika nkel nkeg etot","70/793":"lona","27/71":"aone","155/793":"lone","42/71":"aong","47/73":"maot","4/793":"lond lono","541/793":"long","3/130":"bapo okib okin rerw","1/207":"iwew thik thii thim thid aang","1/403":"twee twel","1/12":"ndra ndre sche eken eket ohib ohik cert gamo buan ngub ngue laye mepa astr asuk asum asut ikom kaag kaar hiba kaiw nkon pric mike inte kudz topi toph topu gina gine gini lian orma ormw orms putl cort corr coro ever hoes hoet hoek isen khir vins vine vinc saak amol habi tuke","69/130":"bapi","30/101":"lomo","1/202":"lomu etio etik kisw","11/130":"baph rers","3/31":"twen mbia nelw arag koma ital itap","22/65":"bapa","9/901":"mank","11/30":"star","4/209":"bany","45/202":"loma","1/209":"banw itua itul","11/207":"iwen thit","28/901":"mano","12/901":"mann","6/901":"manu","42/101":"lome","101/901":"mant","7/171":"bant","65/901":"many","2/901":"manx","6/101":"lomi","1/901":"manw mani","4/1881":"bano","98/393":"lolo","155/901":"mana","13/108":"baok","1/108":"baoi baob kain kait siga haep haer haed","199/901":"mane","5/901":"mand","3/901":"manc","31/393":"lolw","303/901":"mang","68/333":"bara","2/43":"loph urug ipil efik efur","7/23":"aopi","27/86":"lope","10/43":"lopi efis moet","35/81":"ogwe hoko","10/111":"baro","3/22":"loor newa page tomi fice naan","46/81":"ogwa","6/37":"bare arwe pokg post","8/333":"barc","38/61":"mapo eruo","2/183":"mapu","1/130":"bapt okie okiy okiw ibun ibuc gobi","1/11":"look sugw suge laiw aats beac bean fres free ruil runj runt eoka eola russ hiep hido leam lear leat upun upud bian bipo ghte ghti kumb urgl kuri tome ecos peop tapu taph oton khuk naag ufad dupi cali nary narc lloo ices nsta rodn rodg","1/46":"aopa ohul ohub ohud bueg bind bint nogw nogo oror ewew ewet ewel ewek ewee","2/793":"lonk","11/20":"ifel","20/183":"mapa","5/183":"mape","12/793":"lont","5/793":"lony","1/183":"mapi","41/183":"maph","28/45":"lora","25/1753":"bata","227/576":"maso","13/135":"lore","1/192":"masu","5/576":"mast","1/135":"lori benj bene benn","23/288":"masw","8/119":"basw","660/1753":"bats","1/1753":"batt","3/64":"masa hino afin","2/1753":"bato","7/192":"mase","1/576":"masc","23/64":"masi","451/1753":"batl","11/192":"mash","15/1753":"bati","599/1753":"bath","20/411":"maro","3/7":"basa oyot sung oilw waya ultu atum adet mhat ripi ripa oalo taan khea canc ovan","32/411":"maru","1/411":"marr lesl obac","5/411":"mary","4/411":"marw","7/333":"barw","166/333":"baru","9/86":"lopo moen","78/137":"mara","1/238":"bass buit buip soto","4/43":"lopm ness nesa nesi hepo kate urup efit","71/411":"mare","1/26":"steg step stra huri embu wamp wamo nyin nyil abus abud rera impl impo papo pape inie inis rige yots yoth mohe ammu hair hais hait","5/238":"baso","17/26":"ster hail","31/411":"mari","53/238":"basi","2/411":"mark less obai","45/238":"base","13/77":"aots","9/76":"maus","2/145":"lota gatu thee boin boil","6/11":"aoto fred eokw rust bipa toma otik jene","4/435":"loth sity sith onta","13/435":"lote","167/435":"lotl","31/435":"loti","2/77":"aotl","4/77":"aoti gene","1/77":"aoth dido genc gend miss nnie","1/360":"losw buaa buar","5/77":"aotw","5/76":"maup hupi","53/76":"maun","256/827":"mats","3/827":"matr matu","31/60":"losa feny","1/827":"matw","4/827":"matt","29/240":"lose","7/79":"uilw iamo iams","89/360":"losi","2/13":"jimm hume uken embl ukwa eopl reat ream real reai ealt ealo dona jaro irwe moha vice nats oeke sagi amue saga hafu amus amul","24/827":"mata","10/77":"aote","8/135":"loro lako","9/31":"ifin popo","29/135":"loru","26/827":"mate mato","12/827":"matj","17/827":"mati","72/79":"uile","109/827":"math","346/827":"matl","5/12":"mawu cerv aste boko","23/450":"ekai","11/12":"scho rtal medi epub miki kudu soar","1/450":"ekag ekad","1/225":"ekae ekak lapk lasn","1/180":"ekab egeg","5/18":"stin elij gasi seis seip fapo aful ller momp momo","199/435":"lots","7/18":"stim diid bese afur vids","11/900":"ekaw","4/225":"ekau last","41/900":"ekat","13/300":"ekas phiw","1/150":"ekar mayo ngod afof afon toko osot boku phin","7/900":"ekap","157/900":"ekan","1/100":"ekam raph epad epac epar epak siak weel weeg weer weep yool phis phog","19/300":"ekal","7/75":"maye pore phos","1/43":"bayi nesc urub ipis tabe efuk boab boap boag moes kins kina","42/43":"baya","5/96":"lows parw","21/25":"maya","7/48":"lowa","1/48":"stoc stok stop uleg uler ends rwes","1/134":"uist uiso uise uisi tanw tany tanf tand","64/67":"uisa","1/468":"ekem ekek ekei ekeb ekew iser","7/36":"ekel faph","5/234":"ekeg pono isel nata","7/468":"ekee eked","2/17":"ohal huan nwel iyan heol ojok ruak ilin ilit leco esso ectu ects oapa oata fina sain","7/17":"oham lect","11/468":"ekep","16/17":"cebo ekwa ojwa aceb geor aebe debs","1/373":"ekia ekio","17/20":"ekhu ulwa tiwa weet imba","203/323":"ekgo","12/323":"ekge","66/323":"ekga","42/323":"ekgw","5/8":"stow arma umbe mich pure oupe nase","15/41":"mbab","1/41":"mbak mbai mbal mbar reel onia onie onin lehe nkun nkul werm eric ritl vera tund tuna tuni tune","5/89":"uiwe hila","3/104":"stry","5/373":"ekip","4/373":"ekin","57/373":"ekil","84/89":"uiwa","87/104":"stri neel","2/373":"ekid","6/373":"ekiw","180/373":"ekis","20/463":"apay","77/463":"apar","40/463":"apat","7/52":"neet ngan","17/463":"apaa","31/32":"yedi fadi","4/41":"mban paki tung","21/463":"apan","1/463":"apap apah apae","2/463":"apak","6/463":"apam","31/463":"apal","8/463":"apag","6/41":"mbat reed","4/463":"apad","1/706":"ekog ekoa ekow ekop","12/55":"yege ipui","12/353":"ekod","23/110":"yega ikem ipul","11/841":"apew apee","2/841":"apey nano nanc nani","6/841":"aped","4/353":"ekot","3/353":"ekor","1/353":"ekoo ekom","29/30":"šhab iapa","49/706":"ekon","305/706":"ekol","9/353":"ekok","23/841":"apes","19/28":"mber eoto soko","19/841":"aper","31/841":"apet","130/841":"apen","113/841":"apel","20/841":"apei","7/32":"aphe edum","103/434":"nele","73/128":"apha","87/434":"nelo","2/31":"mbis nyor orth orti tamb tama oche","1/128":"aphn tiol ledu","7/64":"aphi afiw akiw akis","57/217":"nela","734/753":"neng","1/753":"nenl neno nent egaj egaf egaa egas","3/55":"yena ikep hith mith otie","16/753":"nene","17/220":"apit","5/82":"yela puon","9/220":"apin iken","38/41":"yele rafe","19/110":"apil utlh","8/17":"huag lech soop sail","3/17":"hual heog heto enwe poge atje futs essi drif liwe ishi khol","4/7":"nepe sefa vate tlun oono oale tasc ovam","1/251":"neok neop neou kalw egak egag egau egao","8/251":"neon","7/110":"yens hiti","13/110":"yeny","1/110":"yenn hitw mitw mite ipua ipur nalo nald","83/110":"yeng","12/23":"ohum aese bina gisa","19/46":"ohut","5/87":"hubu itog","49/87":"huba","1/147":"yeta berm berc","24/31":"nets ochu","2/105":"rrat","9/23":"gaab inkg","4/105":"rrag rrab","1/124":"neth wede mmie mmip","8/105":"rran akge","32/303":"apol","1/303":"apoo apoa apor","38/303":"apon","15/23":"hudi biwa","38/101":"apod","13/303":"apog","12/17":"igel kubu","3/43":"nesb nese hepi kiny","17/303":"apot","2/303":"apow","21/43":"nesd","14/15":"sday unts oope kepe","1/69":"hudd hulu hulg gapu arco sibl ooko echo echn echi rimb gise lhiw notl efan efad efap iate amod","11/303":"apos","10/293":"rabi","76/293":"rabe","142/293":"rabo","7/11":"suga fosa rial econ oabo rodu","18/121":"gabi","3/70":"raar raai hima himb","53/121":"gabo","11/15":"ight tjim uary dung","63/293":"raba","7/242":"gabu arua","11/14":"raag ernm","69/242":"gaba","8/121":"gabe","3/242":"gabg arub arud","47/49":"yets","1/66":"rade rado nwap ukag ukas rche ater atem erse ersh naat naar naaz naaa naab naal ampy ampu","1/160":"gaed gael abia abir abik esoi esoa","1/589":"rrel rret","2/589":"rren","31/44":"news","3/23":"gres buku iisi domo notw","16/23":"gree eorg domi","1/123":"rafh rafi waoy waol lehi werd wers rits rita nnyo","12/301":"gaga","13/29":"huku difa","7/29":"hukw sehi rupa egwe","4/903":"gage","9/32":"suke imil tafa","1/58":"huke swir swin hiro liko boif","15/58":"hukh","7/123":"rafa koon","3/5272":"elai elab elaa elam","11/35":"apus atla","7/5272":"elag","13/5272":"elaf","81/5272":"elae","1/5272":"elad","9/70":"apul","11/5272":"elaw","1/33":"radu tino tins tint rchb tiny chun leag khup","13/2636":"elat","1/2636":"elas","3/160":"gaer gaet eson robs robo","59/5272":"elar","15/2636":"elap","21/5272":"elao","337/5272":"elan","2/659":"elal","3/2636":"elak","1/118":"igob igod igoj igol igop igou ojab ojam ommo ommy aetl aeti lhwo lhwe","18/175":"diak","4/169":"humu peny","1/175":"diag diaa emim emie emia emit obop oboy obod","2/59":"igog reso eren bloc days","3/59":"igon ommi eany","3/119":"gail leip","4/119":"gain soth","105/169":"huma","1/169":"humb henj areg nyao tist eper peno","66/175":"diat","15/169":"humi arel","6/35":"diap webi mocr","12/175":"dian obok","4/175":"diam obos","18/169":"humo","8/175":"dial","5/69":"hulo note","455/804":"rago","5/138":"hulw gapa orol","5/804":"ragw","22/39":"sule","45/301":"gago","56/69":"hula","25/32":"fofa","9/16":"suki","7/138":"hule amon","17/804":"rage","104/129":"gagw","325/804":"raga","157/409":"gaka","16/409":"gake","1/198":"nwam nwal rare","31/409":"gakg","2/409":"gakh","1/409":"gaki atom","202/409":"gako","91/152":"hupa","15/2462":"elem","350/1231":"elel","4/49":"hunt sefi aria ming","10/1231":"elek","1/149":"dibi rayi raye oral oram odus oduc odua odug odue odud","1/2462":"elei elew eleo","1/4924":"eleh eler","95/4924":"eleg","40/149":"dibe","19/4924":"elee","18/49":"huny asha","79/2462":"eled","5/4924":"elec","31/4924":"eleb","57/149":"diba","7/4924":"elea","5/49":"huna sefh sefe wabo onka onkw esiw moil","3/118":"igot ojak aeto","81/119":"gais","29/119":"gait","8/49":"hung","43/149":"dibu","217/1231":"elet","63/4924":"eles","2/49":"hunn huno hedz asar onke esig esia esis codo codi tagw ufin","9/4924":"elep","8/149":"dibo","255/4924":"elen","23/144":"game gamm","5/86":"ralo urun urum uruf","8/25":"dieg","8/39":"hura","7/27":"fola nger rumo ubeg ambe ders","7/650":"supt","3/325":"supu","23/43":"rala","1/86":"rald ikor inep urus urua ipog ipoo moed moel","1/650":"supp","1/508":"galw gali","17/325":"supo","21/86":"rale","82/83":"foko","7/16":"gama","43/650":"supe","1/152":"hupu","87/254":"gale","76/77":"didi","214/325":"supa","2/53":"rako raki oril orip jelo","1/106":"raku enyi","26/127":"galo","23/53":"raka","13/76":"hupe","3/53":"rakh umol mosh","29/106":"rake","8/53":"rakg mesh","111/254":"gala","21/257":"rant","1/257":"rans ranj","1/407":"gaof gaok gaoo gaos emes ulaa ulaw","7/85":"nwen","69/407":"gaog","9/257":"rano","298/407":"gaol","5/63":"digi begw","17/407":"gaon","22/251":"huta","23/63":"dige","2/407":"gaor","35/257":"rany ranc","12/407":"gaot","31/753":"hute","2/257":"rand rann","151/1717":"gant","1/1717":"ganu gand gans","34/229":"husi huso","1/229":"hush","6/257":"rane","8/1717":"ganw","352/1717":"gany","5/11":"oifo beau rung eolw unda siil siiw llow","16/257":"rana","11/257":"rank","2/63":"digw mpit","4/85":"nwee upen upet","16/85":"nwed","116/257":"rang","3/407":"gaod","4/11":"oifa lean upul rick ahet oswi llom nstr","5/29":"difo sehe oelo","23/78":"huru","157/1717":"gane","39/101":"gang","17/72":"ramo","2/1717":"gani","2/29":"difi hebu swii","5/1717":"gank","26/1717":"gann","431/687":"husa","9/29":"dife rupi","93/1717":"gano","49/687":"huse","19/63":"diga","4/27":"fole urer fifa ibos ambu mphe deru","25/48":"rama","31/54":"folo","257/1717":"gana","27/100":"rape","13/216":"dija","5/19":"sutu koaf olly tsua allo","7/50":"rapa obol","14/25":"rapo aegi inno","15/184":"gaph","7/276":"gapi","4/19":"sutl oine nity auna onst ebut ebui aily sope tsue","58/251":"huth","36/251":"huti kalo","37/753":"hutl","206/753":"huto","23/25":"dihu wiwa","110/753":"huts","7/251":"hutu","155/184":"gape","5/1613":"diku","11/65":"oikh","393/1613":"diko","11/40":"fora chen","2/65":"oiki areb paaf aint gobu","52/1613":"diki","73/1613":"dikh","813/1613":"dikg","1/2128":"elog eloh","146/439":"dile","5/2128":"elod","1/304":"elob belg bels ebid ebiw ebir ebip","30/439":"dila","1/1064":"eloa","31/72":"gasa","161/198":"raro","12/1613":"dikw","17/356":"gari","11/356":"garl","17/24":"dijo unya","3/178":"garo","9/356":"garu","1/216":"dije khay khad khal khar khas","98/1613":"dike","167/1613":"dika","25/356":"gara","1/178":"garc","3/356":"gard potw","5/24":"dijw eman ulen endr prim khib khil","141/178":"gare","2/389":"dimu","23/508":"ratw","22/389":"dimp","315/389":"dimo","1/389":"dimm","5/389":"dimi","654/1201":"ding","65/508":"rati","4/127":"ratl nsem","26/1201":"dine","31/508":"rate","5/508":"rath","220/1201":"dina","3/254":"rats fith fits","49/66":"gauf","109/508":"rato","45/2128":"elow","21/58":"gatl","7/304":"elot","1/532":"elor","13/145":"gato shub","3/266":"elop","198/439":"dilo","23/116":"gats","63/127":"rata","223/2128":"elon","1/439":"dill dili","3/2128":"elom elol","5/532":"elok","23/580":"gatw","15/389":"dime","13/16":"rase","29/389":"dima","17/290":"gata","69/580":"gate","9/145":"gath","3/1064":"eloy","33/580":"gati","63/439":"dilw","5/54":"diot hipo ubed","11/54":"diop","19/200":"dipi","19/80":"diph","23/160":"dipe","3/1201":"dinw","175/1201":"dint","12/19":"oing olle","57/1201":"dino","25/1201":"dinn","19/1201":"dink","11/27":"diof hoso dere","20/1201":"diny","147/149":"raya","522/1883":"diri","346/1883":"dire","814/1883":"dira","26/75":"oipu port","193/800":"dipo","4/75":"oipo esal","1/800":"dipl","5/22":"ukan tomo ipuo oare ufat","41/75":"oipe","2/693":"disw disc","1/231":"disu diss mist misc","29/231":"dist","3/26":"ukel wamm aero yota","23/693":"diso","2/1235":"thas thac thaf","769/1235":"that","553/2104":"ditl","18/247":"thar","24/1235":"thao","69/1235":"thap","289/2104":"diti","9/247":"tham","161/1052":"dith","3/95":"than kapi","61/2104":"dite","8/1235":"thay","135/944":"elwe","71/2104":"dita","809/944":"elwa","12/1235":"thad","3/1235":"thaa","33/1235":"thab","21/269":"dirw","3/269":"diru","2/95":"thak mmue mmui itil","36/1235":"thal","9/1235":"thai thae","4/247":"thag","33/1883":"diro","214/693":"disi","10/693":"dish","103/693":"dise","244/693":"disa","1/153":"seaa seak shor taul taup","6/29":"heba","13/160":"oito","3/80":"oitl awat esob esot","1/1052":"ditw","3/263":"ditu","365/1052":"dits","1/2104":"ditr","5/16":"oits bule enio","51/2104":"dito","9/40":"oitu kemo hora","19/160":"oith","7/160":"oiti","17/160":"oite","51/101":"sech","3/101":"seco bojw","3/158":"sebu pulo","1/435":"thew thes thef thed sitl yany yani","2/27":"ukhw rumi eens eena oted hosw","25/27":"ukhu","17/435":"thet","1/316":"seby wend","137/316":"sebe","136/435":"theg","137/170":"diwa","95/316":"seba aits","2/435":"thea them onti yand yant","6/145":"theb shuk","14/435":"theo","16/435":"thep","67/316":"sebo","8/435":"then","5/158":"sebi ijon lekw wenn","22/145":"thek","23/435":"thel","20/29":"hebe","19/153":"seat","2/153":"seap olef oleb shob","1/51":"sear heth ills ille fute fede iale iala taun ibeg","33/170":"diwe","1/109":"seep sili ridg eeto","18/109":"seel","5/327":"seen","203/327":"seem","7/155":"sedu","4/25":"heet tiel ulog inne yore irus","146/155":"sedi","45/101":"secu","45/49":"hedi code","1/101":"secr sect etiw","46/447":"segi","52/447":"sege","215/447":"sego","2/207":"thiw thir aany omin","118/447":"sega","4/191":"hegw","7/207":"thil thip","71/382":"hega","19/69":"this nota","47/191":"hege","4/69":"thin sibi rimi lhis iats","9/191":"hegi","15/109":"seet eete","22/25":"hefo","62/207":"thib","15/26":"embe","1/288":"emae emab emas emar","16/29":"sehu","16/447":"segw","1/96":"emal park","253/754":"hela","310/849":"seko","47/849":"seki","209/754":"hele","2/849":"seku","17/849":"sekw","64/165":"heko","70/849":"seke","5/283":"sekh","100/849":"sekg","96/283":"seka","5/34":"sejo oapo","47/165":"heka","29/165":"heke","23/165":"heki","14/17":"seja enwa atji ausu dric liwa","2/169":"hena henn tish epet sisw pent pena","18/73":"semo","1/338":"henc hene epeg eped","6/169":"hend sist hogw hogi","115/169":"heng","7/73":"semm autl pama","3/56":"hemp hemi medu","21/73":"sema","17/73":"seme pamp","69/475":"selo","163/407":"emel","3/470":"thor","1/235":"thop thod akei akeb akea akek","14/705":"thom","13/470":"thon","23/56":"heme","22/705":"thok","1/950":"sell","23/470":"thol","1/1410":"thoy thoa thoe","41/407":"emed","1/95":"selw mmup tria duoa duon itik","1/705":"thos thog","37/470":"thot","118/377":"helo","8/235":"thob","53/118":"ojal","181/475":"sela","5/37":"emet posa obir akho","55/754":"helw","3/475":"seli","4/407":"emer ulam","41/118":"ojan","24/407":"emen","216/475":"sele","3/86":"hepe","46/73":"ukut","1/146":"ukur ukuf ukub ukuj","25/43":"heph","4/29":"ojec rupu","21/52":"ngak","1/120":"buam sest sess butt","1/156":"ngao ngaw bidd bidw iseg","7/78":"ngal","11/73":"ukun","3/284":"seok","19/86":"hepa moep","7/156":"ngat","45/2338":"sens","15/1169":"seno senn","201/2338":"seny","375/2338":"sent","20/1169":"senw","67/334":"sena","1/2338":"senc","5/2338":"seni","81/338":"heny","11/2338":"senk","79/1169":"sene","486/1169":"seng","44/85":"here","2/85":"herl","8/85":"hers seru","19/23":"ihut wase miwa noga","3/85":"hera somo","35/37":"mual poel bodi","6/421":"sept tono tont","16/175":"emil obon amiw","100/421":"sepo","234/421":"sepe","35/421":"sepa","2/175":"emiw","73/175":"emis","4/421":"sepi","40/421":"seph","13/255":"heti","1/1023":"aray araw aral araa","14/85":"hetl upeg uper","115/1023":"arat","12/1633":"seta","9/17":"hets poga ilis","50/1023":"arap","1/341":"aras arah nyot nyol nyob","98/1023":"arar","43/120":"sese","7/26":"emma wama righ","5/27":"ngel muse musi till","11/46":"buel","19/120":"sesa","3/1397":"thuu thue thuk","4/255":"serw serv","62/127":"thus","399/1397":"thut","2/127":"thur","1/1397":"thug thuf","32/85":"sere","47/1023":"aran","7/1397":"thud","38/1023":"arak","2/1023":"araj","48/1397":"thub","67/1397":"thuo","10/1023":"arad","3/127":"thup hond hont","4/1397":"thum thuj","5/1023":"araf","16/1397":"thun","98/1397":"thul","84/341":"arab","53/64":"aabo aemo","9/679":"laan","1/254":"emod emoy","1/679":"laal laas laat laak","3/679":"laam laag laad","1/127":"emoc frie honi honk","12/679":"laar","1/762":"emoa emoo emom emow","25/679":"laab","1135/1633":"sets","4/1633":"setu","1/1633":"sett","11/26":"emme","64/1633":"seti","5/32":"aaba opho edup edun robe","20/1633":"seth","41/1633":"sete","8/69":"arcl omil","28/1633":"seto","20/23":"arch etum nape","297/1633":"setl","97/135":"kobo","25/31":"ladi","113/845":"aret","23/135":"koba","71/238":"buis buil","1/45":"kobi wair waiw lank choi chor chop chon chom benk redo siki hikg ondi onde aena ajad ajag ajaa ajai ajaj moar moab moaf moak","1/845":"area arem","31/762":"emot","7/254":"emos fiti","7/38":"koan unio ibia","13/762":"emor","36/49":"wabi","29/254":"emon","1/381":"emol emok","199/762":"emog","17/21":"labo","16/845":"ares","46/845":"aren","61/845":"arek","7/845":"arej ared","8/845":"aree","22/103":"waer waet","35/79":"lafa","1/103":"waen waeg ilat biso bisc ebed","10/79":"lafe","37/103":"wael","7/43":"kodu","18/23":"buka reye erwe","7/407":"ulaf","33/79":"lafi","107/407":"ulag","36/43":"kodi","7/103":"waed ilam","55/64":"seye","23/39":"lael","73/238":"buiw","27/34":"aafa fiwa","6/31":"lady","2/507":"wago wagw","29/1633":"setš","1/98":"ariz arib arim asas asil mint mine mind esiu esil","35/39":"waga","1/507":"wagg","46/507":"wage","9/49":"arig","7/165":"aago khub","43/80":"bula","11/230":"lago","11/80":"bulw esol","14/407":"ulan","13/17":"ojot kadi futa oatl fing","1/79":"lafu ensh","9/98":"arin","122/165":"aagw","213/230":"laga","15/407":"ular","43/407":"ulas","2/1149":"hwab hwaf hwak","38/1149":"hwae","35/36":"tiba","3/383":"hwai","12/25":"arle","19/144":"ulel oshu","1/1149":"hwam hwap hway","14/1149":"hwao","587/1149":"hwan","6/13":"muni mung beya inst","1/359":"aakg","5/718":"aake","711/718":"aaka","35/1149":"hwaa","17/150":"ngog","31/300":"ngok phot","20/33":"lail","41/150":"ngon","7/300":"ngot phon phor","26/79":"wakw","1/300":"laln osoe osok phia phoy phof phoa","3/193":"koka","197/489":"wala","71/300":"lalo","79/193":"koke","6/79":"wakg aitl","7/135":"lakw","21/79":"wake","14/79":"waka","127/300":"lala","12/79":"wako ense","19/60":"lale","17/1803":"swas","2/1803":"swat swad swag","2/135":"laki bent","1/1803":"swar","43/1803":"swap","4/1803":"swam swaa swaf","301/601":"swan","1/601":"swaz ithw","19/25":"koje tiis kunt","367/1149":"hwar","11/383":"hwat","13/601":"swab","15/601":"swak","8/601":"swal","94/135":"laka","7/601":"swai","2/301":"hweg hwee hwed","5/198":"lani","29/990":"lano","1/301":"hwel keto keta keti","1/990":"lann","160/301":"hwen","1577/2870":"wana","1/621":"aant aann","7/990":"lanw","242/621":"aano","67/301":"hwer","66/155":"kome","17/301":"hweu","11/52":"busa mohi","41/301":"hwet","1/919":"koli","7/25":"ties meba","503/919":"kolo","19/990":"land","29/90":"lana","73/165":"lang","10/919":"kolw","91/990":"lane","4/313":"arok","11/193":"kokw","12/163":"walw","19/357":"lami","114/313":"arol","1/313":"arog arob","1/626":"arof arou aroo","20/119":"lamo","11/36":"burg","2/357":"lamm","1/119":"lamp lamu leid leil","64/919":"kola","341/919":"kole","1/193":"kokg","113/489":"wale","1/357":"lamb","99/193":"koko","22/621":"aane","136/489":"walo","44/357":"lama","21/626":"arot","5/489":"wall","25/626":"aron","2/489":"walk","346/621":"aana","3/626":"arop","75/119":"lame","8/75":"lapo esar","23/225":"lapu","116/263":"wape","97/263":"wapa","83/225":"lapy","2/201":"konk kona","32/225":"lapa lape","32/201":"kono","8/201":"kont kony","28/225":"lapi","2/225":"laph lass","1/1326":"swew swes sweg swep swei","17/107":"laol imen","1/214":"laom palm","3/574":"wany","25/1326":"sweu","11/120":"butl","2/221":"swet","7/10":"buti ervi pudi cado naya","31/214":"laon","139/2870":"want","11/442":"swer","1/67":"kond aart tans idin","15/214":"laot","43/201":"kone","1/201":"koni epos","34/67":"kong","1/1435":"wank wani","1/442":"swee swek","14/495":"lany","43/155":"komi","3/62":"komo tamm tami","363/2870":"wang","3/442":"swed","47/310":"komp","719/2870":"wane","1/205":"wand erib eriu erir namu namb","21/214":"laod","1/663":"swem oled oleo","4/51":"swen ibes ibet","11/60":"buts","37/2870":"wano","1/2870":"wann","37/102":"swel","5/88":"laro","1/88":"larw lary atep ephu eror ubat kith kitc","3/88":"laru erod ubar ubam kita","98/387":"ware","2/387":"ward hopi","24/25":"hwit padi","32/67":"aaru","220/387":"wara","47/574":"kopo","1/574":"kops","61/88":"lara","194/287":"kopa","9/82":"kope fara","75/574":"kopi","9/67":"aaro aare","396/1235":"ngwa","8/263":"wapi","503/741":"ngwe","6/263":"waph","4/263":"wapu","1/3705":"ngwg","16/67":"aarc","32/263":"wapo","95/586":"lato","119/293":"lats","15/119":"wati","9/119":"wath","11/119":"wate","25/99":"tilo","9/41":"koro kora","117/586":"late","61/74":"arwa","7/586":"lati","137/297":"tile","5/41":"korw","121/586":"latl","9/872":"enag","1/872":"enae enaa enar enal enah","49/242":"arur","4/121":"arum adul","8/29":"swiw ruph itor","18/41":"kore","6/121":"arul","32/73":"tiki","24/121":"arui","28/73":"tiko","20/387":"waro","1/387":"warm hopa hopp","3/109":"enat","209/225":"lase","1/129":"wari ikon inet iney ipie ipip tabl boaa","1/218":"enao enak eetl eeth","13/129":"warw","9/73":"tike","23/109":"enan","5/872":"enam","4/387":"warr","103/242":"arut","1/436":"enai","11/48":"endi eshe","28/33":"rchi","3/371":"okaa okae okar","1/742":"okab okau okah mosc most","5/48":"enda","8/9":"lawa rcla beng bife velo lize iarc jere deve","18/29":"kots","23/33":"ting","25/203":"kota","9/203":"kote","1/64":"timu hins aema afik akin akid","3/203":"koti keri","2/203":"koto","38/203":"kotl","22/119":"wato","50/119":"watl","17/297":"tilw","23/32":"time leub","5/119":"wats","9/64":"tima hini","2/1183":"nyaf nyab nyay","6/1183":"nyam","186/1183":"nyal","1/1183":"nyak","5/1183":"nyap","362/1183":"nyan","27/1183":"nyat","11/16":"laya repu","43/1183":"nyaa","22/1183":"nyad","127/128":"tion ledi","5/401":"eneg","2/371":"okav okak","1/371":"okaw okai okas","3/401":"eney","1/53":"okal mesa omed orid orie oriw orin utiw jelu","139/742":"okaf","5/742":"okag okao","7/802":"ener","33/742":"okat","73/742":"okam","37/802":"enen","67/742":"okan","13/371":"okap","33/401":"enel","1/792":"tirs tirg","5/23":"iise erwa","49/72":"tiro","1/352":"okeb okes","21/352":"oked","43/396":"tira","23/264":"tiri intw","4/33":"tire ampe","14/23":"iisa","1/5427":"engm engk engf engb","1/1809":"engl engi","1/195":"chai chac chaw cham","2/195":"chad chap","2/5427":"engg","11/195":"chae","2/1809":"enge","11/39":"chab","14/1809":"enga","370/5427":"engw","98/195":"chan","1/239":"nyem nyeb kuto","82/717":"nyel","23/107":"okga","34/239":"nyen","1/717":"nyeu nyee","49/239":"nyet","2/717":"nyes","20/321":"okge","11/32":"tite taka","7/19":"enka nofo","3/20":"ulwe tiwe epil epiw imbo egen bokg dusa","31/717":"nyed","110/717":"nyeg","1/176":"okey eroo eroy erou eros","57/169":"tiso tisi","21/169":"tise","30/169":"tisa","69/176":"okel","3/352":"oker","79/352":"oket","18/65":"okil","49/51":"tive","2/51":"tiva oleg illo illa futi","9/56":"okhu","45/56":"okha","21/50":"mebe book phir","11/50":"mebi boor","5/196":"asal asai","143/321":"okgo","15/196":"asan","95/196":"asad","89/321":"okgw","1/196":"asaa","33/40":"beel","43/78":"enng","1/91":"chib chir","3/370":"enod","2/91":"chic chip chik chid","2/431":"abam","89/862":"abal","1/431":"abao","159/862":"aban","1/862":"abai abah abaf abaa abau abar","25/431":"abak","9/862":"abad","21/862":"abag","13/862":"abat","7/340":"bedu","34/431":"abap","53/348":"mega","1/63":"bego ruli","41/58":"megi","1/558":"asey ases asem ased asef","5/252":"begi","64/279":"aset","11/84":"bege","1/223":"abea","23/24":"mefu","3/185":"enot inay","2/279":"aseb asen aseg","2/185":"enos","7/558":"asea","10/91":"chin","3/91":"chim unel","13/370":"enon","1/185":"enom","7/370":"enog","5/91":"chie","5/558":"aser","95/126":"bega","28/279":"asel","53/558":"asek","1/279":"asei","55/91":"chiv","15/49":"ashe ashi","19/1283":"okoj okoa","16/1283":"okod","17/250":"umag","31/1283":"okop","6/1283":"okor","11/1283":"okok okob","3/250":"umad umat","49/1283":"okol","1/125":"umaa ikul ikuk ikur ikub","150/1283":"okom","72/1283":"okon","49/79":"ensi","6/7":"mehu quet etwa azez nowa witi soci rles howa crat naca","1/669":"abep abey osam","2/669":"abes osar","23/669":"aber","266/669":"abel","4/669":"abeo","47/669":"aben","5/669":"abee osak","53/223":"abed","20/669":"abeg","43/348":"mego","1/747":"entz entw entu ento enth","15/88":"meki ruiw into","47/352":"mekg","140/747":"ents","8/747":"entr","352/747":"entl","163/352":"meko","151/608":"bela","36/341":"nyon","2/341":"nyom puse","53/352":"meka","1/294":"asic asit asii","5/294":"asia asig","13/79":"enso","3/1283":"okow","1/250":"umap umas","11/98":"asis","11/747":"enti","60/71":"beke","6/125":"uman","7/1283":"okos","48/125":"umal","53/249":"ente","94/1283":"okot","43/294":"asir","2/249":"enta","6/49":"asik taga","125/294":"asim","3/125":"umar","56/493":"umed","331/493":"umel","50/1093":"melw","31/608":"belw","345/1093":"mele","57/160":"abis","97/304":"belo","185/1093":"melo","29/160":"abil ophi","13/352":"mekw","513/1093":"mela","13/194":"meny","59/530":"enyo","5/194":"menw","43/106":"enye","25/53":"enya mese","1/388":"meni mens","6/97":"meno","99/194":"ment","26/493":"umet","1/493":"umer umeo","22/493":"umen","13/388":"mena","1/194":"mene","11/388":"mend","46/65":"umil","12/821":"abok","6/821":"aboj abod abos","1/821":"abom aboy","159/184":"okwa","269/821":"abol","45/821":"abog","2/821":"abof abou","14/821":"aboi","113/147":"bere","41/821":"abob","3/821":"aboe","7/821":"aboa","25/184":"okwe","29/245":"asol","4/245":"asok","1/530":"enyw upam upah","38/49":"asom","11/53":"meso","17/19":"fran","3/38":"fras unib unic uane ibil","1/187":"beto beti onym osee osem","3/187":"beth osea","27/187":"bete","5/53":"mesi orik","7/187":"beta yale","88/821":"abor","39/821":"abot","114/821":"abon","7/65":"umis","19/55":"mera hits utab","49/165":"mere nala","17/165":"meri","5/606":"meto mete","41/606":"metl","179/202":"mets","4/187":"betw onyw osen","8/303":"meth","13/36":"aswa","17/52":"abur","3/52":"abul abue bofa","5/26":"abuo abut inil inin uste ibuk","7/12":"asup aswe cial febr topo hoen ocad","1/158":"ijoa ijok lekh pulw","10/1451":"olaa olaf","10/63":"rule","52/63":"rula","11/100":"rukh epaf","8/127":"fric","105/127":"frid","89/100":"ruku","9/127":"frik","34/1451":"olay","69/1451":"olat","19/1451":"olaw","2/79":"ijoo eran iami","21/1451":"olai","12/1451":"olak","39/1451":"olae","50/1451":"olag","14/1451":"olap","2/1451":"olar","15/1451":"olas","18/1451":"olal","9/1451":"olam","55/1451":"olan","137/1451":"olao","11/1989":"olee","1/1989":"olea olev","4/17":"pogi kadu ecti isho","8/27":"ruma eswa","11/67":"falo kgwa","1/268":"fall","89/268":"fala","200/663":"olel","86/1989":"olem","142/1989":"olen","8/1989":"olek","296/1989":"olet","29/1989":"olep","2/1989":"oler","1/117":"oles nato","83/361":"pola","7/31":"fana popa mher tamp","1/1288":"ataw atas atai atah atae","1/644":"atay atat atap","8/361":"poli","75/1288":"atar","1/361":"polk","1/322":"atau","74/361":"pole","9/161":"atan","31/35":"ruri","5/31":"fano itay","29/37":"poko yame","55/56":"from","1/184":"atak atab","13/644":"atam","9/1288":"atal","3/644":"atag","1/161":"ataf","3/1288":"atad","27/313":"rute","6/313":"ruth","40/117":"pone","159/313":"ruta","37/234":"pona","1/234":"ponn pons natu","66/313":"ruti","3/313":"rutl","2/361":"pols polw","191/361":"polo","14/31":"pope","1/164":"fare farm farw kaen kwep","1/528":"atex ateo atei atec","7/528":"ates","1/264":"ateu atea intu intm","17/264":"atet","143/164":"faro","10/13":"eope imph kuku hogo uets oeka hafa","23/313":"rutu","59/528":"aten","21/313":"rutw","8/313":"ruts","89/264":"atel","3/176":"ateg erob","7/264":"atef","13/528":"ateb","7/234":"pony","9/88":"ated","1/565":"fath fatf fata fatr simu","163/3513":"olof","25/202":"atha","515/3513":"olog","2/3513":"oloh","5/38":"nila reba rebo","37/1171":"oloi","20/3513":"olob","1/3513":"oloc oloe","19/1171":"olod","16/19":"nile rifa giwa sabo","196/3513":"olon","3/1171":"olop oloa olor kgoe","4/3513":"oloj","31/1171":"olok kgor kgob","662/3513":"olol","55/3513":"olom","1/808":"athr aths","104/113":"fats","2/565":"fato","4/101":"athi riba ribe","23/75":"pora","39/565":"fatl","47/808":"athe","7/356":"poti","19/89":"potl","13/356":"pote","233/356":"pots","11/281":"atiw","3/281":"ativ","2/89":"poto tora","3/89":"pota hild nago","6/281":"atic","17/808":"athu","1/404":"athw","20/37":"poso","94/281":"atis","22/3513":"olow","1/281":"atiu","31/281":"atio","4/281":"atin atik","100/3513":"olos","77/1171":"olot","14/281":"atim","42/281":"atil","2/281":"atif","59/595":"atle","271/595":"atlh","13/1785":"atlw","163/1785":"atlo","58/1785":"atli","3/631":"ikap ikau","95/631":"ikar","38/631":"ikat ikag","5/631":"ikab","149/631":"ikae","20/631":"ikak","24/631":"ikam","1/1108":"shaa shac shai shah shao shau shaw","66/277":"shab","5/554":"shak","1/277":"shad shas ipar ipad ipah","1/554":"shaf","1/182":"unes unet esew","491/942":"ikga","256/353":"olwa","97/353":"olwe","3/409":"atok","8/409":"atog","5/409":"atob ator","1/220":"iked ikeg utlu","13/554":"shap","3/277":"shar","71/277":"sham","4/409":"atot oper","2/277":"shal ipag","23/90":"ungo","27/277":"shan ipap","39/220":"ikel","3/1108":"shat","39/409":"atol","49/220":"iker","11/90":"ungw","59/409":"aton","1/1454":"shee","19/99":"ikhw","14/727":"shed","62/727":"sheg","2/727":"shef shes","14/19":"rebe inya sopa","9/1454":"sheb","5/727":"shem sher","379/1454":"shel","3/1454":"sheo","115/727":"shen","83/1454":"shek","5/33":"ikhi oswe","17/99":"ikho","13/33":"ikhu","74/471":"ikgw","8/99":"ikha nose","7/314":"ikge","47/157":"ikgo","38/45":"redi","76/2411":"atso","506/2411":"atsi","717/2411":"atsh","146/2411":"atse","636/2411":"atsa","121/1454":"shet","29/179":"ikil","47/1454":"shep","31/179":"ikin","5/2411":"atsu","2/179":"ikir iter","323/2411":"atsw","36/179":"ikit","1/347":"shii shib","20/347":"shik","6/347":"shie","19/347":"shid","45/347":"ship","4/347":"shis","51/347":"shir","60/347":"shim","3/347":"shil shio","22/347":"shin","23/59":"atwa","49/82":"reet","5/347":"shia","7/41":"reen pake","29/100":"epat","3/25":"epan","9/100":"epal","3/100":"epag bokh phop","3/28":"atut erna urst keip wits","35/258":"ikob","11/329":"omaa omas","1/329":"omab omaj omak","1/516":"ikoj ikos ikoy","197/516":"ikol","15/172":"ikok ipoe","8/57":"regi spaa jeso","11/57":"rege hiwe","36/59":"atwe","17/114":"rego","37/347":"shit","39/347":"shiw","23/28":"ombi","6/329":"omaw","9/329":"omat","23/329":"omag omar","5/329":"omai omad","20/129":"ikop","21/172":"ikot","3/329":"omao omal","2/329":"omap","5/338":"epen","82/329":"omam","58/329":"oman","1/612":"shoo shod","5/102":"shon","5/306":"shop iraf","11/70":"relo","64/153":"shol","5/66":"ephe ersi","41/612":"shos","14/153":"shot","59/665":"gelo","13/306":"shog","24/133":"gelw","199/490":"rele","183/490":"rela","1/204":"shoe","377/665":"gela","213/550":"reki","108/665":"gele","9/550":"rekw","1/665":"geli itio itip itid itii","94/275":"reke","59/275":"reka","43/125":"ikue","1/296":"reny rent renc irek","9/74":"rena udis","5/154":"gent nnin","31/37":"reng","1/148":"renj janu","3/296":"rend rene","1/154":"gena nniw","127/154":"geng","3/154":"geni","13/53":"omel","13/44":"rema oaro","16/583":"omen","2/583":"omeg omes","23/583":"omet","1/583":"omep fetl","19/44":"reme","18/47":"ikwe","5/207":"omic omiw","28/47":"ikwa","78/125":"ikut","41/130":"rero","19/29":"shup","4/145":"shud sita","19/65":"rere","7/145":"shum","16/65":"reri","64/207":"omis","86/207":"omit","85/118":"omme","1/233":"rett","174/233":"rets","19/233":"rete","4/233":"reth reta","24/1309":"shwi","295/1309":"shwe","5/233":"reto","3/233":"reti","20/233":"retl","5/201":"epor","4/59":"rest resi","58/307":"geth","11/201":"epon","5/59":"ress","18/307":"getl","52/201":"epol","90/119":"shwa","231/307":"gets","76/201":"epod","29/59":"rese","20/201":"epot","17/198":"omog","7/396":"omod omor","1/396":"omom omoj omok","13/396":"omon","37/396":"omol","31/70":"kabo","5/118":"ommu","1/328":"kaee","145/328":"kael","4/547":"adib","13/1641":"adie","1/1641":"adid adig","28/1641":"adia","2/251":"ompu ompa","13/251":"omph","166/251":"ompi","9/251":"ompe","59/251":"ompo","5/396":"omos","23/396":"omot","13/107":"kaga imet","1/2795":"tlay tlao tlaw","4/107":"kage imeg","21/107":"kagi","69/107":"kago","38/2795":"tlap","131/2795":"tlam","241/2795":"tlan","92/2795":"tlak","152/2795":"tlal","30/559":"tlas","89/2795":"tlat","3/2795":"tlar","27/547":"adis","19/103":"ilan bisi","115/1641":"adir","28/547":"adit","124/147":"kafa","10/1641":"adio adip","2/103":"ilas ilae","13/547":"adin","23/147":"kafe","1/215":"tlag","85/1641":"adik","1/559":"tlae","89/1641":"adim","2/2795":"tlaf","62/1641":"adil","18/2795":"tlad","2/1641":"adii","659/2795":"tlaa","2/559":"tlab","3/328":"kaet","3/103":"ilai","32/1641":"adiw","6/103":"ilal bise","29/108":"kail","1/446":"rwap rway rwaw rwab afea afes","9/35":"kake","3/446":"rwar rwaa afek","30/223":"rwal","12/223":"rwan","1/1185":"tles tler tlep","4/79":"tlet kgab","11/1421":"gwar","1/1421":"gwas gway gwad gwal","36/1421":"gwat","58/69":"sibo","157/1185":"tlen","7/446":"rwae","41/446":"rwad","1/2461":"iles iler iley ilee ilei ilem ilep","3/1421":"gwaa gwam gwap","2/1421":"gwab gwae gwai","1/395":"tled kgaj","8/2461":"ilet","9/1421":"gwaf","499/1421":"gwag","116/1185":"tlel","24/1421":"gwak","73/1185":"tleg","484/1421":"gwan","2/1185":"tlee","109/1421":"gwao","5/2461":"iled","17/28":"hibe hoaf","6/2461":"ileg","7/100":"sian","3/2461":"ilek","14/2461":"ilel","327/2461":"ilen","1/155":"kami kamm bome itak itao","7/55":"sied","941/6330":"tlhe","1339/3165":"tlha","491/1266":"tlho","72/155":"kamo","8/155":"kamp kama","23/1055":"tlhi","37/40":"sidi","10/11":"hidi kuma kuru","190/251":"kala","24/251":"kale","111/146":"auto","3/146":"aute","26/27":"sigo","17/120":"tliw","281/1080":"kany","5/146":"auty","19/96":"rwel","9/146":"auts","83/4130":"gwee","23/4130":"gwef","7/216":"kank","3/2065":"gweg","1/540":"kani kand","19/1080":"kann","7/360":"kano","6/413":"gwel","2/2065":"gwem","5/826":"gwen jale","1/1080":"kanw","9/4130":"gwer","47/1080":"kant","137/4130":"gwet","14/55":"siet","59/3165":"tlhw","109/270":"kana","7/118":"gweb","43/540":"kang","5/36":"kane","149/4130":"gwed","1/102":"illy illl ibee","94/121":"aduo","13/51":"illi","10/121":"adum","7/121":"adub","6/95":"kapo","4/47":"joni mpet","48/95":"kape","1/297":"ilod ilok ilol ilor dumi duml","1/104":"kasu kasi etab mode modo bofo","40/89":"hile","4/89":"hili","37/45":"sika aeng","23/26":"kase aere","43/307":"karo","8/45":"hika ondo ajal eget moap","7/45":"hiki","140/307":"kara","120/307":"kare","1/307":"kari","5/64":"hina ahar","20/21":"jotl","412/565":"simo","61/70":"himo","2/109":"silw silv ride","2/397":"tlow tloa","9/565":"sime","143/565":"sima","10/1191":"tlom","27/397":"tlon","50/1191":"tlok","9/215":"kato","28/397":"tlol","1/852":"onar isig isik isim","4/1191":"tloj","7/215":"katu","83/1704":"onat","89/397":"tlog","61/215":"kats","22/1191":"tlou","20/1191":"tlos tlob","2/215":"katw katj","31/397":"tlot","5/109":"silo sila","5/1191":"tloo","19/1191":"tlop","1/568":"onaf onah","7/297":"ilom","10/89":"hill hilo","17/1704":"onag","16/215":"kata","14/297":"ilon","1/1704":"onad onap","53/852":"onan isis","178/1191":"tloe","71/215":"kati","94/109":"sile","25/1191":"tlod","15/89":"hilw","27/215":"katl","11/852":"onak","35/568":"onal","11/1704":"onam","7/54":"hipa goge","3/107":"nkat nkak nkai nkal imed","1/3178":"oneb onec oner oneo onep","2/1589":"onea","1/107":"nkag nkaf nkad nkar imeo","12/137":"siny","46/107":"nkan","6/107":"nkam","31/45":"onda","3/137":"sint sine","2/107":"nkab imec","116/137":"sing","5/116":"hira","1/232":"hird hirl hirw","13/58":"hire","163/232":"hiri","1/3095":"onge ongm ongn ongi ongu","24/3095":"onga","3/3178":"onew ones","13/3178":"onel","1/227":"oneg onet","9/3178":"onei","5/454":"onen rist","95/111":"ilwe","37/169":"siso","26/55":"hitl","44/169":"sisa","10/73":"nkem","45/169":"sisi","33/73":"nker","16/111":"ilwa","27/169":"sise","7/131":"sira phua","5/21":"mhag mham keab ubun sofe efhe","93/3095":"ongo","185/619":"ongw","96/131":"sire","2/3095":"ongr","16/73":"hisa","55/111":"hive","22/49":"onki","12/31":"mhed mhet","287/807":"leba","241/807":"lebe","17/49":"nkgo","71/87":"sits","12/49":"nkga onko","77/541":"tlwe","11/435":"site onte","396/541":"tlwa","67/541":"tlwi","3/29":"siti llip itom","13/14":"aedi yole icha tuel","37/197":"siwe","160/197":"siwa","5/39":"nkit ahut","1/807":"leby","194/245":"webo","100/807":"lebi","176/807":"lebo","9/245":"weba","46/57":"hiwa","2/807":"lebu","19/311":"onof","6/311":"onog","4/311":"onob onop","266/565":"lefa","20/311":"onol","16/565":"lefh","8/311":"onom","52/311":"onon","107/565":"lefe","24/565":"lefi","33/311":"onok","41/65":"leel","14/65":"leem","21/332":"onno","1/332":"onnw onng","8/83":"onny udue","35/166":"onne","183/248":"wedi","99/166":"onna","9/332":"onni","21/248":"wedn","2/123":"leha wera rite","123/379":"lego","8/379":"legw","132/379":"lega","91/379":"lege","24/379":"legi","31/311":"onot","132/565":"lefo","1/311":"onou onos","8/265":"upag utin","4/113":"lefu","18/19":"avid uale","5/106":"upan","30/119":"leit","137/253":"iman","2/253":"imam","5/253":"imar imau","3/253":"imat imab imal","74/119":"lein","7/60":"nkop phok","39/41":"lehu","1/253":"imad imak","264/1291":"lele","37/428":"aelw","1/2582":"leld lelt","47/428":"aelo","399/2582":"lelo","1/632":"leku wens wenj weni","624/1291":"lela","45/632":"leke","21/632":"leki","3/145":"onth","173/632":"lekg","304/435":"onts","33/316":"leko","203/428":"aele","32/107":"aela","151/316":"leka","1221/1664":"leng","3/832":"lene","1/1664":"lenk lenm","97/151":"upil","47/832":"leno","7/1664":"lenn","11/208":"lent","11/38":"onwe","27/38":"onwa","171/1664":"lena","89/537":"leme","8/247":"welo","104/537":"lemi","262/537":"lemo","10/537":"lemm","11/741":"welw","538/741":"wele","53/247":"wela","405/2582":"lelw","3/247":"well","50/107":"imel","9/187":"onyo yalw","161/244":"leph","25/122":"lepo","1/244":"lepu kens","123/187":"onya","3/61":"lepa","9/122":"lepe","50/187":"onye","13/41":"nkuk","11/632":"went","1/151":"leol leon upis eted hote akob","7/151":"leok upin eter","26/151":"leot","45/316":"weny","12/41":"nkut","307/632":"weng","57/632":"wene","71/316":"wena","73/1664":"leny","6/151":"leob","10/151":"upiw","3/167":"leri efet","15/167":"lero nnet","6/167":"lers lere","2/167":"lerw efen","82/167":"leru","10/23":"aesh","1/167":"lerc efef","50/167":"lera","11/18":"nkwe","329/2199":"letl","1/733":"leto","1784/2199":"lets","2/2199":"letw","11/63":"upol","95/118":"aets","61/237":"erat","22/2199":"leta leti","13/2199":"lete","1/2199":"letd letš","7/733":"leth","28/237":"erab","26/123":"werw","40/137":"leso","5/137":"lesu","7/137":"lesw oban","4/237":"erar","16/411":"lesa lesh","16/237":"eram","89/123":"were","29/237":"eral","26/237":"erak","9/59":"aete","58/137":"lese","2/237":"erag","11/137":"lesi","32/237":"eraf","1/237":"erae erad mmof mmoe mmoi","24/799":"imog","17/65":"paan","38/65":"paak","71/73":"eabe","127/415":"wetl","56/83":"wets","1/767":"erey erea ereo","9/767":"ereg","4/767":"eref ereh","5/767":"eree","378/799":"imol","54/799":"imon","44/767":"eret","5/799":"imom","22/767":"eres","76/767":"erer","8/767":"erep","4/799":"imot","8/799":"imos","11/767":"erem","10/767":"erel","257/767":"erek","15/19":"oodi uang iake spam","81/205":"erik","6/205":"eria","9/14":"fula mile","27/205":"erit","29/205":"eris","3/41":"erin pakg","26/205":"eril","67/1003":"lwal","1/1003":"lwak lwat lway","197/2006":"lwap","213/1003":"lwan","39/80":"awan","1/2006":"lwaa","27/1003":"lwae","105/428":"palo","11/23":"ooka usiw nots","11/69":"ooki rime","23/37":"midi","127/214":"pala","67/428":"pale","10/41":"pako","139/156":"bidi","5/189":"afad","17/41":"paka","79/189":"afat","5/52":"bidu esel","11/378":"afar","1/378":"afam","82/189":"afal","32/719":"lwel","14/285":"pant","4/285":"pann pand","86/719":"lwen","62/285":"pany","170/719":"lwet","31/95":"pana","1/719":"lwed","1/285":"pank","43/285":"pane","34/285":"pang","13/59":"eana","5/176":"erop erok","5/44":"eron intl ricu","7/88":"erol","23/176":"erog","12/59":"eano","29/176":"erow","30/59":"eane","9/176":"erot","19/26":"papa","9/52":"papi","85/446":"afel","5/223":"afen","49/446":"afet","77/446":"afer","39/67":"lwis","8/67":"lwiw","1/267":"bila","17/64":"afic","17/96":"para pari","31/96":"paro","20/67":"lwil","39/197":"pats utsw","3/46":"bine bino bini nogi noge","14/197":"pati","31/140":"milw","59/197":"pate","8/197":"pato","1/140":"mily mild","60/197":"patl","31/555":"inam","13/555":"inal","98/555":"inao","1/61":"erut keny kenn perm pero perf hofu tati tath","4/185":"inan","1/534":"bilo","2/61":"erur erum erul pera","4/61":"erup tats","4/555":"inar inag","16/555":"inat","7/534":"bill","17/555":"inaw","11/197":"pata","5/122":"eruk erui","169/178":"bile","11/140":"mill","16/185":"inaa","1/555":"inac inab","19/35":"eatl","2/555":"inai","17/534":"bilw","7/555":"inah","13/111":"inak","37/49":"mino","37/987":"inga","2/129":"ines ipiw ipid hope boar","1/258":"inew ineg inel","10/129":"inee","7/129":"ineo","5/129":"inen","65/231":"misi","43/231":"miso","5/72":"bitl","80/231":"misa","38/231":"mise","11/987":"ings","2/987":"ingt","578/987":"ingw","43/50":"afok","5/987":"inge","15/103":"bish","1/987":"ingd ingm ingl","60/103":"bisa","20/987":"ingo","42/55":"miti","3/110":"mitl utla","67/72":"bits","6/55":"mits","1/481":"ebaa","17/75":"esan","6/23":"inko","8/23":"biwe inku","2/161":"inog inom","4/481":"ebas ebai","2/481":"ebar","3/481":"ebao","10/481":"ebam","80/481":"ebal","113/481":"ebak","50/51":"fedi","57/481":"ebag","5/481":"ebad","27/481":"ebat","21/103":"ebeg","2/515":"ebeb ebep","3/577":"opat","1/364":"esee eseb esej","4/91":"esed","1/577":"opap opae opam","3/182":"esea","10/161":"inok inol","19/364":"eset","5/364":"eses","7/577":"opag","3/364":"eser","25/161":"inon","4/161":"inos","9/91":"esen","74/577":"opal","9/364":"esem","196/577":"opan","8/161":"inot","11/364":"esek","69/182":"eseg","9/577":"opak","34/515":"ebet","13/515":"eber","18/515":"eben","29/103":"ebel","3/515":"ebek","1/515":"ebey","1/1521":"fell","127/264":"ints","224/1521":"fele","82/117":"fela","5/264":"inta inth","6/409":"opet","71/409":"oped","10/49":"esit esik","7/409":"opeg","137/409":"opel","11/409":"open","1/143":"opic opir","1/240":"ophu","7/1521":"felw","3/304":"ebit","29/304":"ebis","49/480":"ophe","223/1521":"felo","89/160":"opha","25/38":"ebil","10/57":"inye jesu","5/1571":"agag agao","6/1571":"agai","81/1571":"agad","16/1571":"agaf","32/1571":"agae","13/1571":"agab agak","58/143":"opil","1/1571":"agaz agau","8/143":"opin","108/1571":"agat","11/1571":"agas","10/143":"opit","9/1571":"agap","40/1571":"agar","30/143":"opiw","164/1571":"agal","402/1571":"agan","5/143":"opis","33/1571":"agam","10/521":"eboa","9/521":"ebop","17/521":"eboo","55/521":"ebon","11/521":"ebol","34/521":"ebok","38/63":"feri","129/521":"ebog","1/521":"ebof ebob","7/521":"eboe","2/521":"ebod","19/32":"esom","1/283":"opod","142/583":"feta","6/283":"opok","111/283":"opol","16/53":"fets","104/583":"feto","93/583":"feti","60/583":"fete","51/188":"agel","71/188":"agen","1/132":"intš","1/188":"ageg agee","24/521":"ebot","30/521":"ebos","21/94":"aget","567/1090":"jaak","261/545":"jaan","1/1090":"jaab","7/583":"fetw","29/283":"opor","35/283":"opot","25/283":"opon","5/42":"uran ural","19/27":"eswe","12/173":"agil","1/173":"agin","4/173":"agie","28/173":"agiw","61/173":"agis","8/87":"urif","1/485":"agoe agou","8/485":"agog","4/485":"agob agor","1/970":"agoa agoi","61/970":"agod","29/99":"togo nosa","14/33":"toga","1/97":"agot utub tsoo tsom","17/485":"agos","18/485":"agon","7/970":"agom agok","7/33":"togi","13/97":"agol","7/99":"toge","23/87":"urit","106/109":"rida","379/413":"jalo","2/413":"jala egic","7/101":"ribo","86/101":"ribu","92/111":"jang","20/111":"tole","1/444":"jani","1/222":"jank jann","15/37":"tola","35/111":"tolo","1/208":"etav etar etap etal","5/208":"etau","13/150":"tokw","23/222":"jana","17/444":"jane","127/150":"toka","7/104":"etan mowe","9/208":"etam","74/421":"tong","10/421":"tone","27/421":"tonk","229/239":"kutl","295/421":"tona","3/239":"kutu","893/906":"agwe","10/169":"ions","2/239":"kuts","13/906":"agwa","9/13":"riga","12/169":"iona","7/169":"ione","4/239":"kuth","11/111":"tolw","1/604":"etew etep eteo","3/302":"etee eten akof","15/302":"eteb","1/421":"tony","17/604":"etet","3/604":"etes","5/604":"etem","237/604":"etel","11/302":"etek","1/302":"etei hoti","39/604":"etef","2/1295":"nnat nnao","8/1295":"nnas","37/138":"ethe","9/89":"tori","4/259":"nnaw","338/373":"rile","5/43":"urut","68/89":"toro","3/1295":"nnab","1/1295":"nnaa nnag nnal","13/1295":"nnak","55/138":"etho","47/1295":"nnan","13/138":"ethi amos","11/1295":"nnam","6/61":"rike tato","8/61":"rikg nolw","298/317":"gile","47/61":"rika","13/319":"toto tuma","11/42":"ring","2/319":"toti","14/319":"tots","1/319":"tote tumo tumm","289/319":"tota","22/69":"eche giso","21/202":"etis","31/373":"rilw","40/69":"echa","3/202":"etim","153/202":"etil","53/69":"rima","25/976":"etli","563/976":"etlh","1/501":"nney nnee","79/976":"etle","1/735":"ayam ayap ayak","2/735":"ayao","165/976":"etla","34/167":"nnel","9/488":"etlw","7/167":"nnen","5/501":"nnes","63/488":"etlo","4/501":"nner","315/319":"nngw","1/1339":"lhay lhah lhaf lhad","10/69":"gisi","123/2678":"lhag","87/2678":"lhae","100/1339":"lhak","355/1339":"lhal","6/1339":"lhai","5/2678":"lhaj","10/1339":"lhao","59/2678":"lhap","45/1339":"lham","223/2678":"lhan","61/2678":"lhas","102/1339":"lhat","60/1339":"lhar","3/319":"nnga tump","3/1339":"lhaa","161/1339":"lhab","51/64":"ahal","47/123":"rity","16/77":"nnil","67/123":"riti","22/219":"eton","61/219":"etol","45/454":"riso","82/219":"etog","1/219":"etof etow etou","2/219":"etob","3/454":"risw rish risk","93/227":"risa","82/227":"risi","18/227":"rise","4/219":"etor efog efos","294/941":"lhel","1479/5708":"etsa","29/941":"lhen","33/941":"lhet","16/941":"lher","4/941":"lhed","106/941":"lheg","241/2854":"etso","8/457":"usat","98/1427":"etsi","217/2854":"etsh","2331/5708":"etse","1/457":"usam usak","289/2854":"etsw","67/457":"usan","7/5708":"etsu","1/5708":"etst","11/97":"used","2/69":"lhin usin noto efal","11/78":"nnot","5/277":"ipak","10/277":"ipam","81/277":"ipal","9/277":"ipan","4/277":"ipas ipay","53/277":"ipat","1/138":"lhik usic usim usiz usiv","25/138":"lhil","35/277":"ipaa","18/277":"ipab","11/28":"keik outs","5/97":"usen","2/97":"usel","4/97":"useu","25/97":"uset utum","9/280":"ipet","3/140":"ipee","13/28":"keit","27/35":"ipel","21/40":"keme","44/289":"iphu iphe","82/289":"ipha","2/289":"iphc irop","20/491":"lhot","6/2455":"lhow","39/383":"kelw","45/289":"iphi","72/289":"ipho","7/2455":"lhoe","12/491":"lhof","149/383":"kele","27/2455":"lhod","2/2455":"lhoi","1/491":"lhoj","138/2455":"lhog","1/383":"kell","173/2455":"lhom","46/2455":"lhon","874/2455":"lhok","43/491":"lhol","18/2455":"lhor","3/2455":"lhoo","78/383":"kelo","357/2455":"lhop","26/2455":"lhoa","151/2455":"lhob","116/383":"kela","13/46":"usit","11/244":"kent","201/244":"keng","13/244":"kene","34/129":"ipit","5/244":"kena","1/451":"usoe usoa","15/451":"uson","2/451":"usol","50/123":"nnya","23/41":"nnye","14/41":"vers","1/344":"ipoa ipob ipor","33/344":"ipod","1/203":"kery","22/41":"vern","16/39":"ahur","8/203":"keru","190/203":"kere","25/301":"ketl","10/149":"orar","20/1043":"oras","125/1043":"orat","32/1043":"oran","17/1043":"orap","19/301":"ketu","113/301":"kets","1/1043":"orab orae","3/344":"ipok ipos","2/149":"orad ewam oduk","3/172":"ipom","58/59":"lhwa","33/172":"ipol","69/344":"ipon","7/344":"ipop","18/1043":"orak","136/301":"kete","5/301":"keth","192/1043":"oraf","111/344":"ipot","437/1043":"orag","19/1043":"orai","3/3323":"orea oreb","7/1795":"edie","1/1795":"edid edia ediu","18/1795":"edib","1/3323":"orev orey ores orei","17/3323":"orer","15/3323":"oret orem","75/3323":"oreg","7/3323":"oree orek","45/3323":"oren","2/3323":"oreo","34/3323":"orel","4/53":"orib oris jelw","29/158":"pule","125/158":"pula","7/53":"oria orir","156/1795":"ediw","197/1795":"edit","113/1795":"edis","17/1795":"edir","56/1795":"edip","33/1795":"edin","29/1795":"edim","27/1795":"edil","8/1795":"edik","19/20":"nodi aiwa","15/17":"orge bohu","27/29":"oafa","12/53":"orit","1/1297":"kwag kwas","1/2594":"kwae","5/2594":"kwak","104/1297":"kwal","9/2594":"kwap","109/2594":"kwan","33/2594":"kwat","9/44":"lice mpan","81/2594":"kwad","3/2594":"kwaa","1/552":"oroa orou amoi amou","11/138":"orob orop","7/61":"nola","17/61":"nole","1/276":"oroj orof orow","55/552":"orok","61/276":"orog","25/124":"noko","1/62":"nokw noki tamu","33/124":"noka","6/455":"nona","369/455":"nong","3/455":"none","335/341":"puso","7/164":"kwel","13/19":"comm bout ugel","2/275":"utar utas otoe","4/341":"pusa","93/164":"kwen","1/275":"utah utap otoj otor otos","5/184":"oros amoj","13/276":"orom","47/276":"oron","29/61":"nolo pere","4/275":"utan otog otom","7/92":"orot orra","1/92":"orru","128/213":"aika","1/363":"yony yonk yona","75/92":"orre","2/363":"yoni","6/65":"nono","4/455":"nonn nont","326/363":"yone","32/363":"yong","23/34":"oapi","13/224":"orui","1/112":"orub orum mpop","1/133":"ailo aili itim","29/224":"oruo","5/112":"orup","57/59":"blog","68/133":"aile","15/224":"orul","15/133":"ailw","14/213":"aiko","22/31":"orta","57/58":"liki","13/38":"utel","9/22":"oarc","18/133":"aila","9/38":"uteg","61/213":"aiku","2/199":"linc lini","3/199":"lind ling","4/199":"lina","4/205":"orwe","182/199":"line","3/65":"aing aine","15/197":"utho","6/197":"uthi","201/205":"orwa","4/197":"uthu","61/99":"nosi","139/197":"uthe","22/197":"utha","51/65":"aina","33/112":"orut","25/39":"wile","83/265":"utio","17/265":"util","21/26":"yotl","3/265":"utis","24/229":"aisi","37/330":"utlo","8/229":"aise","121/229":"aisa","437/660":"utlw","1/330":"utli","1/318":"utoa utop","49/106":"uton","8/13":"wisa sago","27/37":"lisi","76/229":"aiso","31/316":"aiti","47/158":"aith","18/79":"aite","4/37":"lisa yamb","75/197":"utsh","14/411":"obad","10/197":"utse","40/411":"obab","23/411":"obam","20/197":"utso","56/411":"obal","13/137":"obak","52/197":"utsa","49/669":"osan","51/223":"osad","2/223":"osal","8/97":"utut","34/97":"utun","16/25":"peel","8/137":"obat","7/411":"obas","1/379":"obee obea obes","165/379":"obed","2/379":"obeb","29/379":"obeg","33/379":"obel","3/379":"obek","15/379":"oben","23/374":"oses","159/374":"oset","28/39":"pego","21/374":"oseg","12/187":"osed","1/374":"oseo","32/187":"osep","5/187":"osej","25/374":"osek","5/374":"osel","1/949":"osid osii osio","91/144":"oshe","11/168":"mmat mmad","5/84":"mmar","13/72":"osha","13/24":"peil khan","39/379":"obet","5/126":"mmab","9/379":"ober","47/252":"mmaa","4/379":"obey","25/252":"mmal","5/504":"mmap","47/504":"mman","20/133":"eelw","12/37":"obil","1/266":"eelt","2/2485":"mmed mmee","17/266":"eelo","10/39":"pelo","4/2485":"mmea mmei mmes","218/351":"pele","3/949":"osiy","23/949":"osiw","5/949":"osij","11/949":"osie","52/133":"eele eela","96/949":"osig","4/949":"osir osis","163/949":"osit","13/45":"ajan","85/949":"osim","25/949":"osin","3/169":"penn pens pene","17/1975":"kgad","151/169":"peng","201/224":"eemo","243/2485":"mmeg","1/2485":"mmef mmek mmep","7/37":"obiw","4/351":"pelw","109/2485":"mmel","2/497":"mmen","3/2485":"mmem mmet","16/2485":"mmer","23/124":"mmid","3/1975":"kgau","13/1975":"kgag","1/1975":"kgae","2/395":"kgaf","122/1975":"kgak","32/395":"kgal","372/1975":"kgao","71/1975":"kgap","54/1975":"kgam","23/79":"kgan","9/1975":"kgas","299/1975":"kgat","69/1975":"kgar","1/350":"obor oboj oboi","2/131":"kgeg kgem kger","3/175":"oboa juni","15/61":"peri","22/175":"obog","23/100":"osol","75/124":"mmin","37/300":"oson phil","41/81":"pets mpho","1/81":"peto petr peta otec iboi ibok ibon ibor","28/81":"pete","5/918":"iram","1/306":"iral","1/918":"irao irar irat","5/51":"iran","92/109":"eets","28/131":"kgel","91/131":"kget","40/153":"irag","11/24":"pesi khin","73/93":"osup","122/237":"mmog","38/237":"mmon","10/93":"osuk","34/237":"mmol","7/237":"mmok","97/129":"taba","16/33":"oswa","87/148":"irel","17/592":"iren","64/109":"hobo","29/592":"iret","8/237":"mmop","1/592":"irec","27/109":"hoba","25/237":"mmot","31/592":"ired","27/218":"hobe","5/148":"ireg","9/218":"hobi","17/32":"tafi","10/19":"taes hool","2/1171":"kgof","7/1171":"kgod","18/85":"soga","23/2342":"kgog","207/2342":"kgom","247/1171":"kgon","26/1171":"kgok","7/170":"sogi sogw","273/2342":"kgol","13/95":"mmut","14/95":"mmus","14/1171":"kgop","13/170":"soge","22/169":"hoga","5/169":"hoge","27/1171":"kgoa","37/95":"mmua","60/61":"hofo","1/815":"irip irib irig","86/95":"trib","79/163":"iris","31/815":"irit","4/815":"iriw","8/95":"tric","41/49":"tagi","27/815":"irik","59/815":"irim","138/815":"iril","8/815":"irin","3/149":"ewat oduw odub","5/149":"ewap","11/149":"ewan","107/170":"sogo","207/1171":"kgos","34/35":"june","301/1171":"kgot","5/2342":"kgow","42/79":"iame","43/243":"hokw","46/47":"fiel","129/607":"hola","1/578":"irob irow iroy","22/87":"tale yane yang iton","19/486":"hoke","7/972":"hokg","1/972":"hokh","38/87":"tala","17/324":"hoki","20/79":"iama","1/345":"efaf efab","37/51":"ialo taut","283/972":"hoka","1/115":"efaa ibab ibad ibam ibas","301/345":"efat","21/32":"taki","73/85":"some","10/67":"tant","3/34":"soma ibek ishn khon khot","6/127":"hona","3/170":"somp","45/134":"tang","12/67":"tana","37/240":"homo","15/134":"tank tani","29/146":"sole","1/417":"otar otad motu motw","23/607":"holw","1/139":"otas otab otai naon naom naok mota","13/417":"otal","13/73":"sola","4/417":"otam otan","3/292":"soll","23/27":"fifi","89/146":"solo","97/240":"homa","1/292":"soli","2/417":"otat","7/80":"homb","10/417":"otau otae","208/607":"hole","11/31":"tame","1/607":"holi","5/289":"irom","11/62":"tamo","81/578":"iron","245/607":"holo","16/417":"otak","5/56":"sokw","11/417":"otag","41/43":"hoph","5/651":"sony","2/651":"sons sont sonn sona","614/737":"kgwe","17/22":"tapo","2/737":"kgwi","29/32":"tšha hadi","169/651":"song","4/167":"efer","7/127":"hony","61/93":"sone","1/651":"sond sonk","123/167":"efel","89/127":"hong","17/127":"hono","11/21":"efhi dube","11/83":"udul","6/83":"udum","16/43":"efif efuf","3/83":"uduk dueg","5/83":"uduh dued","14/83":"udug","1/83":"udut uduo","17/83":"udus","63/94":"taro","7/81":"otet ibol","4/81":"oter","15/94":"tara","2/81":"oteg","10/27":"otel","13/81":"oten","4/723":"othw","2/151":"hota hagw","91/723":"othu","13/302":"hoth","17/44":"soso","73/151":"hotl","8/241":"othi","14/61":"tatl","9/241":"othe","469/723":"otho","7/22":"sosa","37/70":"filw","61/69":"iatl","14/81":"hosa mphi","25/61":"tate","17/81":"hose","36/241":"otha","8/43":"efil","5/81":"hosh","10/61":"tata","9/20":"horo duse","7/1745":"akaw akae","6/1745":"akad akau","94/119":"sotl","1/1745":"akaf akam akag","16/1745":"akab akap","4/1745":"akaa akaj","41/238":"sots","43/1745":"akat","53/1745":"akas","61/302":"hoto","2/1745":"akao","4/153":"tauk","96/1745":"akar","75/302":"hots","106/1745":"akal","1/349":"akak","69/349":"akan","4/2151":"otlw","44/73":"efok","1225/2151":"otlh","8/2151":"otli","7/219":"efof","269/2151":"otlo","16/239":"otle","167/717":"otla","8/275":"otob","241/254":"fitl","2/235":"akeg akes aker","29/235":"aket","25/33":"fisi","4/235":"akep","2/99":"fise","29/72":"kham","22/235":"akel","20/99":"fisa","83/235":"aken","17/37":"akha","89/210":"akga","1/420":"akgd","71/275":"otok","7/275":"otol","19/210":"akgw","3/275":"otot","57/140":"akgo","95/1847":"tsay","293/1223":"otse","278/5541":"tsat","1/5541":"tsau tsar tsao","539/2446":"otsa","3/115":"ibae ibag","199/1223":"otsh","89/2446":"otsi","13/5541":"tsaf","4/5541":"tsag tsae","281/5541":"tsad","12/1847":"tsab","38/5541":"tsap","119/1847":"tsan","38/1847":"tsal","362/5541":"tsam","17/5541":"tsak","7/603":"isag","5/1206":"isal","1/1206":"isak isap isas","181/603":"isan","1/402":"isam isar","19/5541":"tsaa","1/603":"isat isad","2/603":"isaa","24/43":"efut","1/2446":"otsu otsv","14/115":"ibal","361/2446":"otso","42/115":"ibat","471/2446":"otsw","9/1324":"tsey","13/1986":"tsew","33/662":"tsel","4/453":"akoa","3/1324":"tsem","1/1324":"tsek tsep tsed","1/3972":"tseh","7/7944":"tsei","43/3972":"tseg","13/2648":"tset","7/993":"tser","11/3972":"tses","399/2648":"tsen","55/3972":"tseo","113/468":"iset","23/2648":"tsee","91/7944":"tseb","5/1986":"tsea","5/78":"ised","1/4611":"tshg","1316/4611":"tshe","980/4611":"tsha","17/906":"akor","5/906":"akot","26/453":"akon","1/453":"akom","2/453":"akop","40/151":"akol","1/906":"akok akoe akog akoy akow","7/102":"iben","24/53":"jela","15/38":"ibid","21/34":"khom","5/922":"tsip","35/922":"tsin","91/1844":"tsil","4/461":"tsim","3/1844":"tsik","9/922":"tsiw","1/461":"tsit","1/1844":"tsir","15/461":"tsis tsib","5/852":"isio","23/1844":"tsia","23/142":"isit","91/284":"isiw","2/461":"tsif","19/1844":"tsid","15/922":"tsie","581/4611":"tsho","1/426":"isib isid","310/4611":"tshi","1306/4611":"tshw","39/1537":"tshu","30/163":"uelo","10/163":"uelw","76/163":"uela","35/163":"uele","47/140":"akwe","93/140":"akwa","34/251":"egan","2/753":"egam egab","10/251":"egal","4/753":"egai egap","11/753":"egae","32/753":"egad","4/251":"egat","38/753":"egar","16/27":"ibog","2/165":"khui khul","13/165":"khum","27/55":"khut","219/1649":"tsot","2/1649":"tsor tsoy","40/1649":"tsos","14/1649":"tsop","20/1649":"tsof","163/1649":"tsog","6/1649":"tsod","1/1649":"tsoe tsob","343/1649":"tson","38/1649":"tsol","15/1649":"tsok","55/347":"ison","68/83":"duel","71/180":"egel","19/360":"eged","20/57":"jesa","13/57":"jese","8/15":"duge","32/141":"isto","4/129":"boan","41/129":"boam","88/141":"istr","5/141":"ista","8/141":"iste","4/141":"isti","43/66":"naak","7/83":"duet","1/141":"isth","28/37":"issu","43/65":"ibut","17/130":"ibui","8/239":"boba","1/413":"egis egiw","136/413":"egil","11/129":"boat more","52/61":"jewa","25/239":"bobo","9/61":"jewe","9/239":"bobi","195/239":"bobe","1/1033":"odig odif odii","3/1033":"odie","8/1033":"odik","1/181":"boea","7/1033":"odin","213/1033":"odim","44/1033":"odil","3/2147":"alaw alax","343/1033":"odis","105/1033":"odir","15/1033":"odip","25/181":"boet","35/52":"modi","12/181":"boen","97/181":"boel","35/181":"boem","4/1033":"odib","11/1033":"odia","6/2147":"alab alad","4/2147":"alae alar","5/2147":"alaa alah","15/1463":"tswi","9/2147":"alas","188/2147":"alat","29/35":"moch","1/113":"alao","300/2147":"alan","105/2147":"alap","25/2147":"alak","2/2147":"alaj","10/113":"alam","58/2147":"alal","45/2147":"alag","47/2147":"alaf","832/1463":"tswa","21/676":"bogi","13/18":"mofu","1/676":"bogd","111/676":"boge","172/297":"dume","79/338":"boga","98/297":"duma","335/1098":"moga","93/752":"egol","5/188":"egok","1/752":"egoj egoa egoo","3/338":"bogw","19/752":"egof","5/752":"egoe","1/376":"egod","5/376":"egob","379/676":"bogo","25/297":"dumo","89/104":"bofe","23/89":"nage","12/29":"dule","47/87":"dula","12/1033":"odiw","38/1033":"odit","11/43":"moem","63/89":"naga","1/859":"jwad jwam jwab","63/290":"boik","1/290":"boii","57/859":"jwal","26/859":"jwan","61/145":"boit","34/145":"boip","31/52":"mohu","3/290":"boim","13/1627":"aleg","10/1627":"alef","49/1098":"mogw","1/1627":"alec aley aleo","114/1627":"aleb","3/1627":"alee alea","201/1627":"aled","11/752":"egot","3/376":"egor","43/752":"egop","7/94":"egon","9/376":"egom","2/1627":"alex alej","11/61":"moge","30/1627":"ales","4/1627":"aler alep","77/1098":"mogi","171/1627":"alet","95/1627":"alen","439/1098":"mogo","40/1627":"alek","104/1627":"alem","241/1627":"alel","74/187":"yala","66/427":"moka","46/427":"mokh","73/300":"boka","164/427":"mokg","6/427":"moke","107/165":"nale","259/297":"nako","84/101":"boja","7/594":"nakw nakg","5/28":"moje","31/594":"naka nake","14/101":"bojo","30/49":"moit","19/155":"bomo itan","9/841":"nank","103/155":"bomm","41/87":"yana","3/155":"bomb itaf","12/841":"nany","23/155":"boma itag","1/1099":"moll","14/29":"llio","246/841":"nana","477/1099":"molo","239/841":"nane","4/155":"bomu","2/155":"bomp","10/1099":"molw","327/841":"nang","309/1099":"mola","59/205":"namo","9/155":"itam","302/1099":"mole","107/212":"bole","10/29":"llia","83/1060":"bola","12/155":"itau itat","8/427":"moki","96/187":"yalo","71/205":"nama","65/427":"moko","63/1060":"bolw","32/205":"name","6/155":"itaa itae","39/205":"nami","68/427":"mokw","379/1060":"bolo","4/427":"moku","22/29":"egwa","43/131":"mook","31/147":"bopa","11/127":"mono","199/1270":"monn","1/1270":"mons","41/1270":"monw","26/635":"mont","27/1270":"mony mond","36/2705":"bono","10/541":"bonn","3/2705":"bonk boni bonx","58/635":"mona","294/2705":"bong","331/635":"mong","9/635":"mone","1287/2705":"bone","1/2705":"bonc bonb bons","3/1270":"monk moni","9/28":"outh","649/2705":"bona","2/139":"naoa ehun","72/2705":"bony","13/541":"bonw","48/541":"bont","6/149":"odut odun","139/633":"bora","70/2291":"alob","29/149":"odum","42/149":"odul","133/358":"itek","80/147":"mopa","23/179":"item","8/179":"itel ited","4/179":"iteo","6/179":"iten","9/358":"itep","10/147":"mopi","41/147":"moph","1/358":"itet itey","58/147":"boph","13/358":"itew","16/131":"moop","17/131":"moon","25/179":"iteb","19/358":"itee","3/358":"iteg","7/358":"itei","31/159":"bosu","116/601":"itho","82/371":"mosa","1/159":"boso","207/742":"mose","372/601":"ithu","117/742":"mosi","44/159":"bosh","69/371":"moso","55/159":"bosi","5/1388":"bote","7/1032":"morr","1/228":"kilo kila kill","25/344":"morw moro","17/694":"bota","81/601":"itha","29/344":"moru","1/1032":"mort morn","107/234":"nate","29/117":"natl","23/601":"ithe","5/57":"kilw","5/601":"ithi","17/318":"bosw","9/2291":"alop","534/2291":"alos","225/344":"mora","2/2291":"alor","82/633":"borr","90/2291":"alom","178/633":"boro","13/2291":"alol","205/228":"kile","44/2291":"alon","3/2291":"aloi","4/633":"bori","49/2291":"alok","23/1032":"mori","10/2291":"alod","13/633":"bore","94/2291":"alog","8/159":"bose","23/318":"bosa","1/2291":"aloy","40/211":"borw","15/2291":"alot","97/633":"boru","209/417":"mots","3/1388":"botu","1/278":"mote","9/665":"itin itie","315/694":"bots","1/1388":"bott","5/1668":"moti","43/665":"itis","38/43":"king","67/133":"itir","265/834":"moth","16/347":"boto","18/665":"itit","9/133":"itiv","241/1668":"motl","557/1388":"botl","1/694":"boti","29/1668":"moto","83/1388":"both","36/665":"itib","19/371":"mosw","23/742":"mosu","4/665":"itig","4/553":"itlw","57/553":"itla","2/553":"itle","941/1106":"itlh","1/1106":"itli","19/553":"itlo","97/104":"mowa","59/202":"kise","21/101":"kisi","19/202":"kiso","16/817":"pham","24/817":"phan","11/817":"phap phad","2/817":"phai","94/317":"alwe","22/817":"phak","27/817":"phal","222/317":"alwa","64/817":"phar","3/817":"phas","81/202":"kisa","376/817":"phat","1/817":"phae phag phah","7/817":"phaf","4/817":"phaa","13/87":"itoi","7/87":"itok","53/579":"itsa","583/1158":"itse","11/284":"pher","17/71":"phet","23/284":"phem","41/284":"phen","3/71":"phek","11/71":"phef","16/209":"itue","16/579":"itsi","133/579":"itsh","121/2316":"itso","73/772":"itsw","29/150":"phit","116/127":"nsel","185/209":"itum","6/209":"itus","136/1007":"amay","2/1007":"amab","8/1007":"amaa","30/1007":"amad","11/1007":"amar","45/1007":"amat","13/1007":"amas amao","82/1007":"aman","1/1007":"amam amaf","22/1007":"amap","3/1007":"amaj","167/1007":"amai","94/1007":"amal","15/1007":"amak","34/1007":"amae","39/1007":"amag","9/47":"mpen amel","34/57":"oemo","166/189":"mpie","11/145":"oelw","22/57":"oeme","14/75":"phol","36/893":"ameg","26/893":"amed","11/81":"mpha","1/893":"amew amem","11/893":"amer","42/893":"amet","3/893":"ames","150/893":"amen","68/145":"oela","39/145":"oele","276/893":"amek","2/189":"mpik","13/189":"mpir","100/139":"ehum","4/139":"ehul","11/139":"ehub","29/175":"amil","76/175":"amis","11/175":"amin","5/131":"phur","105/106":"iday","3/262":"phus","98/131":"phut","1/262":"phum","16/139":"ehut","5/139":"ehur","3/131":"phud","17/262":"phuk","7/262":"phul","335/708":"haba","37/236":"habe","19/212":"oeto","149/212":"oets","1/212":"oetr oeta","49/78":"amma","25/56":"mpon","27/112":"mpol","1/56":"mpos","21/106":"oete","3/112":"mpow","8/33":"ampi","37/130":"goba","31/65":"gobe","43/552":"amor","5/552":"amok","17/66":"ampa","1/708":"habl","50/177":"habo","29/552":"amow","1/354":"habu","1/335":"idia idip","12/335":"idib","18/335":"idid","4/335":"idif idik","29/181":"godu","7/335":"idii","9/335":"idim","5/67":"idil","22/27":"hael","303/362":"godi","536/539":"sadi","9/160":"robi","3/539":"sadc","50/151":"hago","70/151":"haga","9/151":"hage","20/151":"hagi","2/67":"idis","7/67":"idir","127/335":"idiw","31/157":"rogo","4/157":"rogw rogr","49/162":"gogo","75/157":"roga","7/162":"gogw","25/157":"rogi","46/319":"tumi","18/157":"roge","255/319":"tume","29/81":"goga"}}